"id","site","job_url","job_url_direct","title","company","location","date_posted","job_type","salary_source","interval","min_amount","max_amount","currency","is_remote","job_level","job_function","listing_type","emails","description","company_industry","company_url","company_logo","company_url_direct","company_addresses","company_num_employees","company_revenue","company_description","skills","experience_range","company_rating","company_reviews_count","vacancy_count","work_from_home_type"
"in-38bb86b3531810e5","indeed","https://fr.indeed.com/viewjob?jk=38bb86b3531810e5","https://effx.fa.ca2.oraclecloud.com/hcmUI/CandidateExperience/fr-CA/sites/CX_1002/requisitions/preview/2039?utm_source=Indeed&utm_medium=third+party","Développeur principal ou développeuse principale Java","Alithya","Sophia Antipolis, B8, FR","2026-09-16","fulltime","","","","","",False,"","","","","**Notre mission, votre avenir**En tant que réseau mondial de conseillers et conseillères de confiance, nous créons des solutions technologiques de pointe pour relever les défis d’aujourd’hui et anticiper les besoins de demain. Tout commence par la collaboration d’une équipe diversifiée d’innovateurs passionnés et d’innovatrices passionnées ayant la volonté de faire la différence. Ensemble, nous remettons en question le statu quo et nous nous surpassons pour atteindre de nouveaux sommets.
Prêt ou prête à laisser votre empreinte sur des mandats stimulants et à façonner l’avenir grâce à la transformation numérique et au conseil stratégique ? Donnez vie à vos ambitions en relevant votre prochain défi avec nous !


  
**Votre rôle, votre impact**

En tant que développeur principal ou développeuse principale Java, vous participerez au projet chez notre client spécialisé dans la sécurité des personnes et des biens. Vous rejoindrez une équipe dynamique composée de développeurs, d’analystes fonctionnels et de référents techniques.


Notre client dispose de deux systèmes d’information (SI) :


* Un ancien SI basé sur Oracle et PL/SQL;
* Un nouveau SI en Java 17, Spring, Kafka, Jenkins, avec une architecture distribuée (CQRS, Event Sourcing).

Les développeurs et développeuses travaillent sur les deux SI selon les priorités business. Il y a une forte exigence sur la qualité du code, avec des revues techniques poussées par les référents et référentes.


Le poste est basé à Cagnes\-sur\-Mer, avec 4 mois de présentiel complet au démarrage, suivi de télétravail hybride (2 jours par semaine après 4 mois).


Environnement technique :


* Java 17, Spring, Kafka, Jenkins, Git, Oracle;
* Architectures distribuées : CQRS, Event Sourcing;
* Méthodologie Agile (Scrum/Kanban).

  
**Votre quotidien**

* Participer à la conception et au développement des solutions techniques;
* Livrer régulièrement des fonctionnalités à forte valeur métier;
* Corriger les anomalies et réaliser des tests unitaires;
* Travailler dans un environnement collaboratif avec des pratiques modernes (DDD, CI/CD);
* Contribuer à la migration vers le nouveau SI.

  
**Les clés de votre réussite**

* Minimum de 5 ans d’expérience en développement Java et Spring;
* Bonne compréhension des architectures distribuées;
* Sens de la qualité et de la rigueur pour produire un code robuste et participer aux revues techniques;
* Curiosité et ouverture technique pour intervenir ponctuellement sur l’ancien SI (Oracle et PL/SQL) et comprendre les contraintes des systèmes existants;
* Esprit collaboratif et excellente communication pour travailler avec des équipes pluridisciplinaires (analystes, référents ou référentes techniques, pilotes).

**Compétences linguistiques**

* Français : Maîtrisé

  
**Nos engagements**  

* **Notre authenticité est notre force :** La diversité de nos parcours, de nos expériences, de nos pensées et de nos points de vue constitue notre avantage concurrentiel. Nous favorisons un environnement collaboratif où nous célébrons notre authenticité en intégrant nos perspectives uniques afin de construire collectivement l’avenir que nous imaginons.
* **Un parcours inclusif vers le succès :** Nous veillons à assurer un environnement où chaque personne peut s’épanouir, en commençant par un processus de recrutement accessible. Si vous avez besoin de mesures d’adaptation, nous vous encourageons à nous contacter en consultant https://www.alithya.com/fr/accessibilite pour plus de détails.","","https://fr.indeed.com/cmp/Alithya","https://d2q79iu7y748jz.cloudfront.net/s/_squarelogo/256x256/0bf04a2607f3248389676b3f3678d65a","https://www.alithya.com/en","Montreal, QC","1,001 to 5,000","Decline to state","Founded in 1992, Alithya is a leader in strategy and digital transformation with professionals in Canada, the United States and internationally.","","","","","",""
"in-419c12995dd35262","indeed","https://fr.indeed.com/viewjob?jk=419c12995dd35262","https://recrutement.bca.fr/fr/annonce/4601773-devops-hf-92600-asnieres-sur-seine?s_o=indeed&s_b=DigitalRecruiters","DevOps (H/F)","BCA Expertise","Asnières-sur-Seine, A8, FR","2026-09-16","fulltime","","","","","",False,"","","","","Notre équipe IA réunit une quinzaine de profils complémentaires : Data Scientists, Développeurs et Chefs de projet, qui imaginent, développent et déploient des solutions basées sur la Data et l'intelligence artificielle.
Smart Predict, Max EAD, Robot Facture, Robot Mail... Ici, les projets répondent à de vrais besoins métiers, avec un même objectif : créer des solutions utiles, les mettre en production et obtenir des résultats concrets.
Pour accompagner le développement de nos produits et renforcer notre équipe, nous recherchons un(e) DevOps.
Rattaché(e) au Directeur de l’Institut d’Études Statistiques et accompagné(e) par notre référent technique, vous contribuez à la fiabilité, la disponibilité et l'évolution de la plateforme qui supporte le catalogue de nos produits d’intelligence artificielle.
Votre rôle : faire en sorte que les solutions développées par l'équipe puissent être déployées, fonctionner et évoluer dans de bonnes conditions. **Vos missions :*** Participer au maintien en conditions opérationnelles de nos infrastructures et applications
* Analyser et contribuer à la résolution des incidents de production
* Automatiser les déploiements et les tâches d'exploitation
* Participer à la mise en œuvre et à l'évolution de nos outils et méthodes CI/CD et MLOps
* Administrer et faire évoluer nos environnements de conteneurisation et nos infrastructures Cloud
* Accompagner les équipes de développement lors des mises en production
* Contribuer à l'amélioration continue de la plateforme, des infrastructures et des outils
 **Pourquoi nous rejoindre ?**
Vous rejoignez une équipe à taille humaine au sein d’une entreprise de 1 500 collaborateurs, et surtout un environnement dans lequel vous pourrez rapidement toucher à des sujets variés.
Vous ne serez pas seul(e) face à la plateforme : vous travaillerez aux côtés d’un référent technique expérimenté qui vous accompagnera dans votre montée en compétences, avec l’objectif de gagner progressivement en autonomie.
Notre fonctionnement demande de la curiosité, de l’agilité et de l’engagement : les sujets avancent vite, chacun prend sa part et nous cherchons avant tout à transformer les développements en solutions qui fonctionnent réellement en production.
Vous profitez ainsi de l'environnement technique et de l’état d’esprit entrepreneurial d’une petite équipe, tout en bénéficiant de la stabilité, des moyens et des avantages d’une entreprise solide.
\#RejoignezBCA\-Expertise **Les avantages*** Flexibilité : Full télétravail ou possibilité de travailler sur un de nos sites en région ou au siège
* Avantages sociaux : titres\-restaurant, CSE, mutuelle, prévoyance, retraite complémentaire, plan d’épargne entreprise…
  

BCA Expertise est engagée pour l'inclusion et encourage les candidatures de personnes en situation de handicap.  

De formation supérieure en informatique, systèmes d'information ou équivalent, vous avez 1 à 3 ans d'expérience en DevOps, systèmes/Cloud ou sur un environnement technique proche.  

Vous n’avez pas besoin de maîtriser toute notre stack dès votre arrivée. Nous recherchons avant tout de bonnes bases techniques, l'envie de comprendre et la capacité à progresser rapidement.  

Vous avez déjà travaillé sur tout ou partie des environnements suivants :* Maîtrise de Git et des workflows de développement : stratégies de branching, merge requests et revues de code, gestion des versions et releases
* CI/CD et automatisation des déploiements
* Conteneurisation, notamment Docker et/ou Kubernetes
* Gestion de configuration et pipelines, par exemple Ansible ou GitLab CI
* Environnements Cloud
* Scripting ou développement, notamment Bash et/ou Python
* Exploitation, monitoring et résolution d'incidents en production

  


Une première exposition aux architectures micro\-services, aux problématiques réseaux/sécurité ou au MLOps serait un plus.
Curieux(se), rigoureux(se) et autonome, vous aimez comprendre comment les choses fonctionnent, chercher des solutions et améliorer l'existant. Vous savez également travailler en équipe et expliquer simplement vos choix techniques.  

13ᵉ mois, rémunération variable et intéressement","","https://fr.indeed.com/cmp/Bca-Expertise","https://d2q79iu7y748jz.cloudfront.net/s/_squarelogo/256x256/c6835c620a2165eaf9723b75e28cf6a7","http://www.bca.fr","Asnières-sur-Seine (92)
","1,001 to 5,000","$100M to $500M (USD)","Leader en France de l'expertise automobile depuis plus de 70 ans, BCA Expertise accompagne les professionnels de l'assurance et leurs assurés dans la gestion des sinistres.","","","","","",""
"in-cb52a7406d9fb801","indeed","https://fr.indeed.com/viewjob?jk=cb52a7406d9fb801","https://www.free-work.com/fr/tech-it/job-mission/administrateur-web/stage-ingenieur-developpeur-web-et-mobile-h-f?utm_source=indeed&utm_medium=organic&utm_campaign=indeed_organic_fr_all_wo","Stage Ingénieur développeur web et mobile H/F","Viveris","Lattes, O, FR","2026-09-16","internship","","","","","",False,"","","","","Contexte de la mission :  

  

Les entreprises dans les énergies renouvelables ont des besoins de superviser l'accès à leurs différents sites (éoliennes, parcs solaires) et équipements. Elles implémentent généralement une solution basée sur une application mobile utilisée par les personnes sur site, un site web de supervision et un backend pour les connecter en temps réel. Les solutions déployées actuellement demandent cependant à l'utilisateur de remplir de nombreuses informations sur l'application pour déclarer ses actions.  

  

L'objectif de ce projet est de définir et développer un système de démonstration de bout en bout qui inclura des technologies modernes pour simplifier les interventions humaines à la fois pour l'utilisateur et les superviseurs. Le système pourra inclure des fonctionnalités telles que de la cartographie de parc avec visualisation d'équipements et de personnes, différentes solutions de positionnement (GPS, beacon Bluetooth, QR code), la visualisation schématique des équipements et de leur état, la mise en place d'un système automatisé de décision sur les accès ainsi qu'un simulateur pour le tester.  

  

  

Responsabilités :  

  

  

* Proposer une architecture et des briques techniques pour le projet ;
* Développer les différents composants ;
* Déployer les applications (mobile, API, web) ;
* Documenter le travail réalisé ;
* Optionnel : Mettre en place l'infrastructure cloud du backend.

  

  

  

  

Profil candidat:  

Profil recherché :  

  

  

* Étudiant en dernière année d'école d'ingénieur en informatique, vous possédez de fortes compétences en développement applicatif et bases de données.
* Vous faites preuve d'autonomie et d'initiative, et êtes à l'aise pour collaborer avec des équipes intervenant sur différents projets.


  

Compétences techniques :  

  

  

* Langages : Angular, Java Spring Boot ou ASP.NET Core, .NET MAUI ;
* Infrastructure : Déploiement sur des VMs Debian ;
* Outillage : GitLab et GitLab CI.

  

  

  

Infos pratiques :  

  

* Le démarrage est souhaité début 2027 pour une durée de 6 mois ;
* Vous serez basé à Montpellier (agence Port Marianne).

  

  

  

Nos avantages :  

  

* Tickets restaurant pris en charge à 60 % ;
* 100 % titre de transport urbain remboursé ;
* Formation continue avec LinkedIn Learning et nos communautés techniques.","Internet And Software","https://fr.indeed.com/cmp/Viveris","https://d2q79iu7y748jz.cloudfront.net/s/_squarelogo/256x256/85421420051ec40177372eb1b6f49863","https://www.viveris.fr/","32-36 rue de Bellevue
92100 Boulogne-Billancourt","1,001 to 5,000","$25M to $100M (USD)","","","","","","",""
"in-be65a0af52a64226","indeed","https://fr.indeed.com/viewjob?jk=be65a0af52a64226","https://www.free-work.com/fr/tech-it/job-mission/developpeur-front-end-javascript-node-react-angular-vue/developpeur-full-stack-java-react-devops-cloud?utm_source=indeed&utm_medium=organic&utm_campaign=indeed_organic_fr_all_wo","Développeur Full Stack Java / React / Angular - Anglais courant","DATAMED RESEARCH","Paris, A8, FR","2026-09-16","","","","","","",False,"","","","","Le consultant participera à la conception, au développement, à l?évolution et à la maintenance d?applications complexes, avec une dominante Java / Spring Boot côté Back\-End et React côté Front\-End.
  
  

Missions principales
  
  

Concevoir et développer de nouvelles fonctionnalités applicatives.
  
  

Développer et maintenir les composants Back\-End en Java / Spring Boot.
  
  

Développer les interfaces Front\-End principalement avec React et ponctuellement Angular.
  
  

Participer à la conception technique et aux évolutions de l?architecture applicative.
  
  

Développer et intégrer des API et des flux inter\-applicatifs.
  
  

Assurer la qualité, la performance et la maintenabilité du code.
  
  

Participer aux tests, revues de code et corrections d?anomalies.
  
  

Contribuer aux processus d?intégration et de déploiement continu.
  
  

Collaborer avec les équipes DevOps, OPS, infrastructure et sécurité.
  
  

**Profil candidat:**  

Environ 4 à 5 ans d?expérience en développement Full Stack.
  
  

Très bonne maîtrise de Java / Spring Boot.
  
  

Bonne maîtrise de React.
  
  

Connaissance d?Angular appréciée.
  
  

Bonne compréhension des problématiques d?intégration, de performance et de sécurité.
  
  

Capacité à intervenir sur des architectures SI complexes.","","https://fr.indeed.com/cmp/Datamed-Research","","","","","","","","","","","",""
"in-9c96b0ac1b75b7df","indeed","https://fr.indeed.com/viewjob?jk=9c96b0ac1b75b7df","https://www.free-work.com/fr/tech-it/job-mission/developpeur-autre-langage-cobol-perl-vba-ruby-shell/developpeur-support-microservices-h-f?utm_source=indeed&utm_medium=organic&utm_campaign=indeed_organic_fr_all_wo","Développeur Support (microservices) H/F","JEMS","Annecy, ARA, FR","2026-09-16","","","","","","",False,"","","","","**1\. Résolution technique des tickets :**  

? Dépiler les tickets nécessitant une investigation ou une résolution technique, préalablement qualifiés par les supports fonctionnels.
  
? Identifier, analyser et résoudre les problèmes techniques sur la stack microservices (TypeScript,Node.js, AWS Lambda, AWS Serverless, DynamoDB, Angular, NextJS, SQL).
  
? S'appuyer sur les outils de monitoring/observabilité (Lumigo ou Dash0\) pour le diagnostic et l'investigation.
  
? Escalader si nécessaire vers l'équipe de build ou les équipes techniques concernées.
  
  

**2\. Outillage de l'équipe support :**  

? Faire évoluer la ""console support"" existante pour outiller l'équipe support et lui permettre de réaliser des diagnostics de manière autonome.
  
  

**3\. Gestion de la base de connaissances :**  

? Créer, mettre à jour et maintenir une base de connaissances claire et accessible pour l'équipe support et les utilisateurs (Suite Atlassian).
  
? Documenter les problèmes récurrents et leurs solutions.
  
  

**4\. Amélioration continue :**  

? Participer à l'amélioration continue de l'équipe support, proposer des évolutions fonctionnelles ou techniques.
  
? Contribuer au suivi des KPI (délais de résolution, qualité des réponses) et proposer des actions correctives.
  
? Utiliser et promouvoir activement les outils d'IA pour améliorer l'efficacité du support : diagnostic plus rapide des incidents, automatisation des tâches récurrentes.
  
  

**Référence de l'offre :** ndzbi6umki
  
  

**Profil candidat:**  

**Expérience :** 4 à 5 ans en tant que développeur, avec une expérience significative sur le modèle microservices ou d'autres architectures complexes.
  
  

**Compétences techniques et analytiques :**  

? Capacité à analyser et résoudre des problèmes complexes, en allant au fond des choses plutôt qu'en se limitant aux symptômes.
  
? Esprit critique sur les solutions existantes (code, architecture) pour proposer des améliorations.
  
? Réel appétit pour les outils d'IA.
  
**? Bonnes pratiques :** clean code, debugging, sécurité, performance.
  
**? Stack technique :** TypeScript, Node.js, Angular, NextJS, SQL, DynamoDB, AWS (Lambda, Serverless),Jest, Karate, CI/CD, Gitlab, Suite Atlassian.
  
**? Outils d'observabilité :** Lumigo ou Dash0\.
  
  

**Qualités humaines :**  

**? Fibre du support :** curiosité, rigueur, pédagogie.
  
? Esprit d'équipe et aptitude à collaborer avec divers interlocuteurs (fonctionnel, technique, build).
  
? Force de proposition et implication dans l'amélioration continue.","","https://fr.indeed.com/cmp/Jems","https://d2q79iu7y748jz.cloudfront.net/s/_squarelogo/256x256/ab9dffd4b2b2b370f29371dbd2760bfd","https://www.jems-group.com/fr/","","","","","","","","","",""
"in-e86fdfa076653191","indeed","https://fr.indeed.com/viewjob?jk=e86fdfa076653191","https://www.free-work.com/fr/tech-it/job-mission/ingenieur-devops-cloud/ing-devops-senior-iac-kubernetes-h-f?utm_source=indeed&utm_medium=organic&utm_campaign=indeed_organic_fr_all_wo","Ing DevOps Senior IaC & Kubernetes (H/F)","UMANTIC","Saint-Denis, A8, FR","2026-09-16","","","","","","",False,"","","","","Industrialisez de bout en bout une plateforme d'observabilité Kubernetes chez un grand acteur des services numériques B2B.  

  

Le contexte  

  

Pour notre client, un acteur majeur des services numériques aux entreprises, nous recherchons un Ingénieur DevOps Senior pour rejoindre l'équipe Platform \& Monitoring. Cette équipe déploie une stack d'observabilité (Grafana, Loki, Mimir, Prometheus...) sur Kubernetes. Votre objectif : une plateforme entièrement automatisée, sécurisée et scalable.  

  

Vos missions  

  

* Concevoir et maintenir les modules IaC en Terragrunt/OpenTofu pour des déploiements Kubernetes multi\-environnements
* Construire et optimiser les pipelines GitLab CI de livraison automatisée
* Gérer les identités et les accès avec Keycloak (OIDC, SSO, RBAC)
* Administrer le registre de conteneurs Harbor
* Déployer et exploiter l'infrastructure cloud sur Azure (AKS)
* Piloter les déploiements Kubernetes avec Helm et Flux
* Garantir la fiabilité, la sécurité et l'observabilité de la plateforme

  

  

  

Profil candidat:  

* 5 ans minimum d'expérience en DevOps / Platform Engineering
* Expertise Linux, scripting Bash et OpenTofu/Terraform/Terragrunt
* Maîtrise de GitLab CI (pipelines, runners, auto\-scaling)
* Expérience concrète de Keycloak (realms, clients, fédération)
* Expérience de Harbor (signature d'images, réplication, scan de vulnérabilités)
* Solides connaissances Azure (AKS, networking, IAM)
* Maîtrise de Kubernetes, Helm et Flux (GitOps)
* Scripting Bash, Python ou Go
* Bonne connaissance des stacks de monitoring (Grafana, Loki, Mimir, Prometheus)
* Capacité à concevoir des patterns d'infrastructure modulaires et réutilisables
* Anglais intermédiaire

  

  

  

Les plus  

  

* Connaissance des standards de conformité sécurité
* Contributions à des projets open source

  

  

  

Soft skills  

  

Bon communicant, esprit d'équipe, proactif sur l'automatisation et l'amélioration continue.  

  

Infos pratiques","","https://fr.indeed.com/cmp/Umantic","","","","","","","","","","","",""
"in-20918c614d1c779e","indeed","https://fr.indeed.com/viewjob?jk=20918c614d1c779e","https://www.free-work.com/fr/tech-it/job-mission/developpeur-java-kotlin-groovy-scala/developpeur-calypso-experimente-e-1?utm_source=indeed&utm_medium=organic&utm_campaign=indeed_organic_fr_all_fl","Développeur java /Calypso expérimenté(e) (IT) / Freelance","FUZYO FRANCE","Paris, A8, FR","2026-09-16","","","","","","",False,"","","","","Pour l'un de nos clients du secteur bancaire, FUZYO recrute un(e) Développeur Calypso expérimenté(e).
  
  

**Compétences recherchées :**  

? Expertise sur \#Calypso / \#Adenza \#Calypso
  
? Développement \#Java
  
? Bonne maîtrise de \#SQL
  
? Expérience en \#finance de \#marché
  
? Connaissance des activités \#Front \#Office, \#Trading, \#Post\-Trade ou \#Trésorerie
  
? Intégration, paramétrage et évolution de solutions
  
  

**Missions :**  

? Développer et maintenir les composants
  
? Participer aux évolutions fonctionnelles et techniques de la plateforme
  
? Assurer l'intégration avec les systèmes d'information de la banque
  
? Collaborer avec les équipes métiers et IT
  
? Contribuer à l'amélioration des processus de trading et de post\-marché
  
  

**Profil candidat:**  

Développeur Calypso expérimenté(e).
  
7 ans d'expérience min
  
  

**Compétences recherchées :**  

? Expertise sur \#Calypso
  
? Développement \#Java
  
? Bonne maîtrise de \#SQL
  
? Expérience en \#finance de \#marché
  
? Connaissance des activités \#Front \#Office, \#Trading, \#Post\-Trade ou \#Trésorerie
  
? Intégration, paramétrage et évolution de solutions","","https://fr.indeed.com/cmp/Fuzyo-France","","","","","","","","","","","",""
"in-be45d5be7482c54d","indeed","https://fr.indeed.com/viewjob?jk=be45d5be7482c54d","https://www.free-work.com/fr/tech-it/job-mission/developpeur-integrateur-dapplication-erp-crm-dynamics-oracle-salesforce-sap-sage-sharepoint-sybase/developpeur-se-parametreur-se-salesforce-f-h?utm_source=indeed&utm_medium=organic&utm_campaign=indeed_organic_fr_all_wo","Développeur.se / Paramétreur.se Salesforce (F/H)","K-LAGAN","Niort, NA, FR","2026-09-16","","","","","","",False,"","","","","Et si votre prochain projet faisait grandir vos compétences autant que votre carrière ? ?
  
  

Chez K\-LAGAN, nous faisons vivre chaque projet grâce aux talents qui le portent, en alliant expertise technique et accompagnement personnalisé.
  
  

Aujourd?hui, nous recherchons un.e / Salesforce (F/H) pour rejoindre l?un de nos clients du secteur de l?assurance, basé à Niort.
  
  

? Votre mission
  
  

Au sein d?un environnement Agile à l?échelle, vous participerez à la conception, au développement et à l?évolution des solutions Salesforce, tout en assurant leur bonne intégration avec le SI existant.
  
  

Vous contribuerez également à la qualité des solutions, à leur performance et à l?amélioration continue des pratiques Salesforce.
  
  

? Vos missions
  
  

Recueillir et analyser les besoins fonctionnels et techniques avec le Product Owner
  
  

**Concevoir et faire évoluer les solutions Salesforce :** données, automatisations, workflows, APIs?
  
  

Paramétrer les fonctionnalités standards de Salesforce
  
  

Réaliser les développements spécifiques en Apex et Lightning Web Components (LWC)
  
  

Assurer l?intégration de Salesforce avec les autres applications du SI
  
  

**Garantir la qualité du code :** revues, tests unitaires et bonnes pratiques
  
  

**Participer aux rituels Agile :** Daily, Sprint Planning, Review, Rétro et PI Planning
  
  

Contribuer aux tests, à la documentation et aux déploiements
  
  

Proposer des améliorations techniques et fonctionnelles
  
  

Participer à l?analyse et à la résolution des incidents en production
  
  

**Profil candidat:**  

? Votre profil
  
  

Vous justifiez d?au moins 4 ans d?expérience sur Salesforce, en développement et/ou paramétrage
  
  

Vous maîtrisez Apex et Lightning Web Components
  
  

Vous connaissez les fonctionnalités standards et le paramétrage Salesforce
  
  

Vous avez une bonne connaissance des API et des problématiques d?intégration SI
  
  

Vous êtes à l?aise dans un environnement Agile
  
  

Vous êtes sensible aux enjeux de qualité, tests, sécurité et performance
  
  

Vous aimez travailler en équipe et échanger avec des interlocuteurs techniques et fonctionnels","Consulting And Business Services","https://fr.indeed.com/cmp/K--lagan","https://d2q79iu7y748jz.cloudfront.net/s/_squarelogo/256x256/dcf24962f4604a3f0fc146e2897d2df5","https://www.k-lagan.com/","C/ Travessera de Gràcia Nº 73 - 79, 7ª planta 08006 Barcelona","201 to 500","$1M to $5M (USD)","K-LAGAN is a national and international strategic engineering company and technological and industrial consultancy, born in 2007.","","","","","",""
"in-fd8e0f1b4d37707c","indeed","https://fr.indeed.com/viewjob?jk=fd8e0f1b4d37707c","https://www.free-work.com/fr/tech-it/job-mission/ingenieur-devops-cloud/ingenieur-cloud-devops-72?utm_source=indeed&utm_medium=organic&utm_campaign=indeed_organic_fr_all_wo","Ingénieur Cloud DevOps","VISIAN","Paris, A8, FR","2026-09-16","","","","","","",False,"","","","","Les missions sont :  

? Participation à la conception et la mise en ?uvre des solutions internes en s'appuyant sur les technologies du Cloud IBM, les technologies de conteneurisation et l'automatisation (Terraform, docker)  

? Construction et automatisation des deploiements des applications dans le cloud (helm chart)  

? Accompagnement de migration des projets vers le cloud IBM (Openshift)  

? Administration des infrastructures, systèmes d'exploitation, réseaux, sécurité et bases de données.  

? Proposition des solutions pertinentes vis à vis des enjeux du client et des règles internes  

? Maintien des meilleures pratiques et politiques en matière de confidentialité des données, de sécurité et les applications  

? Accompagnement des équipes opérationnelles et proposition des solutions techniques pour une bonne utilisation du Cloud  

? Identification, industrialisation et mise en place des outils d'automatisation, de supervision et des alertes en production (Dynatrace, Sysdig)  

? Acculturation : partage des connaissances et proposition des formations et tutoriaux :  

Maintien de la veille technologique des nouveaux produits du cloud IBM  

Réalisation des documents d'exploitation  

  

L'environnement technique :  

? Environnement : Legacy / cloud  

? DevOps : CICD, Gitlab CI, ArgoCD, Artifactory , Digital AI release  

? Cloud : Helm, Terraform, Kubernetes, Openshift, hashicorp vault  

? Monitoring : Dynatrace, Sysdig, ELK  

? Base de données : PostgreSQL, MongoDB, Oracle, Mysql  

  

  

Profil candidat:  

Compétences :  

* Méthodologie DevOps
* Connaissance maitrise des technologies Kubernetes/Docker, OpenShift
* Connaissance de l'infrastructure As Code via Terraform
* Connaissance maitrise Toolchain (CI/CD, Gitlab\-Ci, Digital AI, ArgoCD, Helm)
* Bonne connaissance Scripting
* connaissance de base pour une architecture 3 tiers et WEB
* Bonne connaissances des protocoles de communication : SFTP, SSH, HTTP, HTTPS?
* Connaissance de bases de données (PostgreSQL, MongoDB, Oracle, MySQL)
* Passion pour les nouvelles technologies du cloud
* Partage des connaissances et documentation techniques
* Aisance à l'oral pour réalisation des présentations techniques
* Avoir un niveau d'anglais professionnel","","https://fr.indeed.com/cmp/Visian","","","","","","","","","","","",""
"in-cf664bae240a6489","indeed","https://fr.indeed.com/viewjob?jk=cf664bae240a6489","https://www.free-work.com/fr/tech-it/job-mission/ingenieur-devops-cloud/integrateur-devops-platform-engineer?utm_source=indeed&utm_medium=organic&utm_campaign=indeed_organic_fr_all_wo","Intégrateur DevOps / Platform Engineer","Kéoni Consulting","Paris, A8, FR","2026-09-16","","","","","","",False,"","","","","**Contexte :**  

Dans le cadre de l'équipe Platform \& Monitoring, notre client recherche un Intégrateur DevOps / Platform Engineer chargé de piloter l'automatisation de la chaîne CI/CD et la gestion des services d'infrastructure.
  
  

La plateforme s'appuie notamment sur Kubernetes et une stack de monitoring comprenant Grafana, Loki, Mimir et Prometheus. L'objectif est de disposer d'une plateforme fortement automatisée, sécurisée, fiable et scalable.
  
  

MISSIONS
  
  

Concevoir et maintenir les modules Infrastructure as Code (IaC) avec Terragrunt / OpenTofu / Terraform pour des déploiements Kubernetes multi\-environnements.
  
  

Construire et optimiser les pipelines GitLab CI, incluant runners et auto\-scaling.
  
  

**Gérer l'IAM avec Keycloak :** OIDC, SSO, RBAC, realms, clients et fédération.
  
  

**Administrer le registre de conteneurs Harbor :** signature d'images, réplication et analyse des vulnérabilités.
  
  

Déployer et administrer l'infrastructure Cloud sur Microsoft Azure / AKS.
  
  

Gérer les déploiements Kubernetes avec Helm et Flux / GitOps.
  
  

Automatiser via scripting Bash, Python ou Go.
  
  

Garantir la fiabilité, la sécurité et l'observabilité de la plateforme.
  
  

Compétences indispensables
  
  

**Expertise attendue :**  

OpenTofu / Terraform
  
  

Terragrunt
  
  

GitLab CI/CD
  
  

Kubernetes
  
  

Helm
  
  

Flux / GitOps
  
  

Azure / AKS
  
  

Keycloak
  
  

Harbor
  
  

Scripting Bash, Python ou Go
  
  

Linux
  
  

**Monitoring / Observabilité :**  

Grafana
  
  

Loki
  
  

Mimir
  
  

Prometheus
  
  

**Profil candidat:**  

Compétences appréciées
  
  

Connaissance des standards de sécurité et conformité
  
  

Culture Open Source
  
  

Contributions à des projets Open Source
  
  

Capacité à concevoir des composants d'infrastructure modulaires et réutilisables
  
  

Profil recherché
  
  

Le profil doit se positionné notamment sur Linux, Bash et OpenTofu/Terragrunt/Terraform au niveau Expertise.
  
  

Consultant disposant d'au moins 5 ans d'expérience en DevOps / Platform Engineering, avec une forte culture automatisation et Infrastructure as Code.
  
  

Le profil devra faire preuve d'autonomie, de proactivité, d'un bon niveau de communication et d'une capacité à travailler de manière collaborative dans une logique d'amélioration continue.
  
  

**Expérience :** 5 ans minimum
  
**Astreintes :** Non
  
**Anglais :** Intermédiaire","","https://fr.indeed.com/cmp/K%C3%A9oni-Consulting-1","","","","","","","","","","","",""
"in-2a8b65f84886e722","indeed","https://fr.indeed.com/viewjob?jk=2a8b65f84886e722","https://www.free-work.com/fr/tech-it/job-mission/developpeur-front-end-javascript-node-react-angular-vue/developpeur-c-angular-37?utm_source=indeed&utm_medium=organic&utm_campaign=indeed_organic_fr_all_wo","Développeur c# angular","gamme solutions","Paris, A8, FR","2026-09-16","","","","","","",False,"","","","","Projet de refonte d'une application métier dans le secteur de l'assurance visant à moderniser le système existant et améliorer l'expérience utilisateur. Le projet repose sur une architecture C\#/.NET et Angular, avec une approche orientée API et composants réutilisables. Mise en ?uvre des bonnes pratiques de développement : Clean Code, principes SOLID, design patterns, tests unitaires et d'intégration, revue de code, Git Flow et CI/CD. Travail en méthodologie Agile avec collaboration étroite entre développeurs, Product Owner et équipes métier.
  
  

**Profil candidat:**  

RECHERCHE ? Développeur C\# / Angular
  
  

Le client recherche principalement un Développeur C\#/.NET confirmé à expert avec une bonne maîtrise d?Angular, capable d'intervenir sur une refonte d'application métier.","","https://fr.indeed.com/cmp/Gamme-Solutions","","","","","","","","","","","",""
"in-4bacc83ed2abcd91","indeed","https://fr.indeed.com/viewjob?jk=4bacc83ed2abcd91","https://www.free-work.com/fr/tech-it/job-mission/developpeur-php-symfony-laravel-drupal/dev-java-symfony-java-php?utm_source=indeed&utm_medium=organic&utm_campaign=indeed_organic_fr_all_wo","Dev java + symfony : java, php","gamme solutions","Rennes, A2, FR","2026-09-16","","","","","","",False,"","","","","Nous recherchons des développeurs maitrisant le langage Java et en partie PHP/Symfony, des personnes curieuses de comprendre les outils utilisés (CI/CD, git, intelliJ, frameworks springBoot...) et en veille vis à vers leur métier (bonnes pratiques, mooc, side\-project...).
  
  

Le poste est basé à Rennes. Sur les 2 langages, nous attendons une forte maitrise sur l'un (Java) et au moins des connaissances sur l'autre (PHP/Symfony) et surtout de la motivation pour travailler sur les 2\.
  
  

Objectifs et livrables
  
  

**Nous recherchons un développeur qui saura prendre en charge :**  

? Des développements Back (architecture microservices API REST en Java \> 21\)
  
  

? Des développements Front (Symfony / Twig / HTTP\-Client)
  
  

? Le suivi des processus et vigilance sur l'usine logicielle CI/CD qui s'appuie sur Google Cloud Platform
  
  

? La mise en ?uvre de l'agilité (kanban ou scrum) et l'animation d'équipe au quotidien
  
  

De la polyvalence dans le profil proposé serait intéressant pour le dispositif de renfort sur ces tâches :
  
  

? Autres développements ponctuels (python, )
  
  

? Intégration Front \& UI (HTML/CSS/JavaScript)
  
  

? Automatisation (JEE / Selenium)
  
  

**Livrables :** Projets de l'équipe. Compte\-rendu d'activité dans les outils internes.
  
  

**Profil candidat:**  

Travail en équipe, autonomie, dynamisme, implication, polyvalence et réactivité sont des compétences indispensables à la réussite de la mission.
  
  

Une sensibilisation à la qualité, à la gestion d'exigences et aux tests sont nécessaires.
  
  

Des connaissances en MongoDB et performances Web sont un plus.","","https://fr.indeed.com/cmp/Gamme-Solutions","","","","","","","","","","","",""
"in-e0024e652c605d49","indeed","https://fr.indeed.com/viewjob?jk=e0024e652c605d49","https://www.free-work.com/fr/tech-it/job-mission/data-engineer/developpeur-big-data-3-ans?utm_source=indeed&utm_medium=organic&utm_campaign=indeed_organic_fr_all_wo","Développeur Big Data - + 3 ans","gamme solutions","Lyon, ARA, FR","2026-09-16","","","","","","",False,"","","","","Contexte de la mission  

  

Dans ce contexte, nous recherchons un Data Engineer ayant une forte appétence pour la compréhension des enjeux métier liés à la donnée, les environnements Big Data en transformation, et le travail sur des systèmes existants et l'amélioration continue. Le profil attendu combine compétences techniques solides et posture d'ingénieur impliqué dans le fonctionnement global du SI (BUILD \& RUN). Une expérience minimale de 3 ans est requise.  

  

Objectifs et livrables  

  

Activité principale  

  

Les missions s'inscrivent dans une trajectoire progressive :  

  

Phase 1 : Modernisation des traitements existants  

* Migration de traitements Informatica et PL/SQL vers Spark (Java)
* Participation à l'optimisation des traitements existants
* Maintenance corrective et évolutive des traitements PL/SQL
* Appropriation des processus métier derrière les flux de données


  

Phase 2 : Refonte cloud (Databricks)  

* Participation au projet stratégique de migration vers le cloud
* Conception et mise en ?uvre de pipelines de données sur Databricks
* Industrialisation des traitements dans un environnement moderne


  

Activités principales :  

* Concevoir, développer et maintenir des pipelines de données en Spark (Java)
* Migrer des traitements legacy vers des architectures Big Data modernes
* Assurer la maintenance des traitements existants SQL / PL\-SQL
* Garantir la performance, la robustesse et la qualité des données
* Participer activement au RUN et à l'amélioration continue


  

Activités secondaires  

* Contribution aux bonnes pratiques de développement et d'exploitation
* Mise à jour du référentiel documentaire
* Partage de connaissances au sein de l'équipe
* Participation à la guilde Spark de l'équipe (choix de conception, optimisation des traitements, road map technique etc?)


  

Stack technique de l'équipe  

  

Spark, Java, Ceph, Tableau Server, Oracle, Informatica, Maven, Control\-M, Git, Jenkins, Terraform  

  

  

Profil candidat:  

Défini/challenge les solutions et architectures techniques permettant le traitement de volumes importants de pipelines de données suffisamment sécurisés et lisibles pour les Data Analysts et Data Scientists.  

  

Maîtrise des solutions de stockage de données  

  

Maîtrise des technologies du Big Data permettant le traitement et la manipulation de données  

  

Maîtrise des outils de gestion de code et de déploiement projet  

  

Maitrise des fondamentaux de l'agilité  

  

Maîtrise avancée des langages structurés  

  

Maîtrise avancée des technologies du Big Data permettant le traitement et la manipulation de données  

  

Compétences demandées :  

* Databricks : Confirmé
* Spark : Confirmé
* Programmation Orientée Objet (Java ou Python) : Confirmé","","https://fr.indeed.com/cmp/Gamme-Solutions","","","","","","","","","","","",""
"in-04ecb282e0b78c9d","indeed","https://fr.indeed.com/viewjob?jk=04ecb282e0b78c9d","https://www.free-work.com/fr/tech-it/job-mission/ingenieur-devops-cloud/ingenieur-devops-confirme-h-f-36?utm_source=indeed&utm_medium=organic&utm_campaign=indeed_organic_fr_all_fl","Ingénieur DevOps Confirmé H/F (IT) / Freelance","Tibco","Lille, HDF, FR","2026-09-16","","","","","","",False,"","","","","Notre client, grand groupe international spécialisé dans l?amélioration de l?habitat, le bricolage et les solutions pour la maison, présent dans plusieurs pays et s?appuyant sur un écosystème IT international recherche un Ingénieur DevOps confirmé pour intervenir sur des enjeux d?industrialisation, d?automatisation et de Platform Engineering autour des services Database.
  
  

Vos missions
  
Automatisation \& développement
  
? Concevoir et développer des automatisations permettant de simplifier les opérations récurrentes autour des services Database : provisioning, configuration, maintenance, sauvegarde/restauration, contrôles et gestion du cycle de vie.
  
? Développer et maintenir les outils internes de l?équipe, principalement en Python.
  
? Transformer progressivement les expertises Database en capacités automatisées, standardisées et réutilisables.
  
? Réduire les opérations manuelles et améliorer la fiabilité des processus d?exploitation.
  
Infrastructure as Code \& CI/CD
  
? Industrialiser les déploiements et configurations à travers Terraform et les pratiques Infrastructure as Code.
  
? Développer et maintenir les workflows avec GitHub / GitHub Actions.
  
? Participer à la conception et à l?amélioration des pipelines CI/CD.
  
? Mettre en place des tests automatisés et des contrôles qualité afin de sécuriser les évolutions.
  
Kubernetes \& Cloud
  
? Contribuer à l?intégration des automatisations Database dans des environnements Kubernetes.
  
? Participer à l?exécution de jobs, workflows et composants techniques nécessaires aux opérations Database.
  
? Intervenir dans des environnements Cloud, notamment GCP.
  
? Participer à l?évolution du socle technique vers des pratiques modernes de Platform Engineering.
  
API \& intégration
  
? Développer et exposer des fonctionnalités techniques via des API REST.
  
? Participer à l?intégration des outils Database avec les plateformes et services internes du groupe.
  
? Contribuer à la mise en place de parcours utilisateurs simplifiés et de fonctionnalités en self\-service.
  
Observabilité \& fiabilité
  
? Contribuer à l?observabilité des services Database et des automatisations.
  
? Faciliter la collecte et l?exploitation des métriques, logs et alertes.
  
? Automatiser les contrôles de conformité et de fiabilité portant notamment sur les sauvegardes, restaurations, configurations, versions et capacités.
  
? Participer à l'amélioration de la sécurité, de la disponibilité et de la résilience des services.
  
Collaboration \& amélioration continue
  
? Collaborer étroitement avec les équipes Database, API, Cloud et Platform Engineering.
  
? Participer à l?évolution de l?architecture et du socle technique.
  
? Être force de proposition sur les pratiques d?industrialisation, d?automatisation et de Software Engineering.
  
? Contribuer à l?amélioration continue de l?expérience des équipes utilisatrices.
  
  

**Profil candidat:**  

Vous disposez d?une expérience confirmée en DevOps, avec une forte appétence pour l?automatisation, l?industrialisation et les pratiques Platform Engineering.
  
Vous êtes capable de concevoir des solutions robustes et industrialisées et avez une approche orientée Software Engineering, fiabilité et automatisation.
  
  

Vous disposez d?une bonne compréhension des fondamentaux des bases de données et de leurs enjeux d?exploitation : provisionnement, configuration, sauvegarde/restauration, haute disponibilité, monitoring, sécurité et lifecycle management.
  
Une expérience sur PostgreSQL et/ou MongoDB constitue un plus.
  
  

**Langues :** Anglais professionnel impératif, à l?écrit comme à l?oral.
  
Le contexte international du groupe implique des échanges réguliers avec des équipes et interlocuteurs situés dans différents pays.","","https://fr.indeed.com/cmp/Tibco","https://d2q79iu7y748jz.cloudfront.net/s/_squarelogo/256x256/8a8c82bce530847d371be637c74049ca","https://www.tibco.com/","ST AIGNAN GRANDLIEU","2 to 10","$1M to $5M (USD)","","","","","","",""
"in-df8cbb9016151ff2","indeed","https://fr.indeed.com/viewjob?jk=df8cbb9016151ff2","https://www.free-work.com/fr/tech-it/job-mission/developpeur-autre-langage-cobol-perl-vba-ruby-shell/un-developpeur-se-uipath-confirme-sur-chatillon?utm_source=indeed&utm_medium=organic&utm_campaign=indeed_organic_fr_all_wo","Un DEVELOPPEUR(SE) UIPATH- Confirmé Sur Chatillon","Almatek","Châtillon, A8, FR","2026-09-16","","","","","","",False,"","","","","Almatek recherche pour l'un de ses clients ,Un DEVELOPPEUR(SE) UIPATH\- Confirmé Sur Chatillon.
  
  

Dans le cadre du renforcement de nos capacités d?automatisation, nous recherchons un Ingénieur Automation Software pour travailler sur les périmètres métiers Offre et Finance (plus de 100 robots en production).
  
  

La mission portera principalement sur la conception, le développement et la maintenance de processus automatisés, avec un focus particulier sur l?exploitation des outils RPA, ainsi que la capacité à s?intégrer dans des environnements data avec Python et SQL.
  
  

Concevoir, développer, tester et maintenir des processus automatisés
  
Assurer le support, la maintenance et l'optimisation des robots existant sous UI Path ou Automation Anywhere
  
Participer à l?intégration des solutions RPA dans l?écosystème SI via des connecteurs, APIs, traitements de données.
  
Définir et modéliser des workflows optimisés, maintenables et documentés.
  
Rédiger et maintenir la documentation technique et fonctionnelle.
  
Collaborer étroitement avec les référents MOA/MOE pour le cadrage et la validation des automatisations.
  
  

Compétences techniques significatives attendues
  
  

**Maîtrise d?une plateforme RPA :** idéalement UIPath / Automation Anywhere ; Blue Prism, etc.
  
**Langages souhaités :** Les langages sont utilisés pour les robots existant. Leur connaissance est un plus.
  
Python (traitements de données, appels API, scripts)
  
SQL (extractions, jointures, vues, etc.)
  
Connaissances de VB / .NET appréciées
  
Bonne maitrise des plateformes pour la mise en ?uvre des workflows métiers, des processus SI et de l'orchestration/ordonnancement des robots
  
  

Aptitudes personnelles
  
  

Expérience d'au moins 3 ans de mise en production de solutions RPA, en contexte entreprise.
  
Capacité à travailler en mode projet avec des interlocuteurs techniques et métiers.
  
Esprit d?analyse, rigueur documentaire, autonomie.
  
Bonne communication, esprit d?équipe.
  
Intérêt pour l?innovation et l?intégration de briques IA dans les solutions automatisées.
  
  

**Profil candidat:**  

Almatek recherche pour l'un de ses clients ,Un DEVELOPPEUR(SE) UIPATH\- Confirmé Sur Chatillon.
  
  

Dans le cadre du renforcement de nos capacités d?automatisation, nous recherchons un Ingénieur Automation Software pour travailler sur les périmètres métiers Offre et Finance (plus de 100 robots en production).
  
  

La mission portera principalement sur la conception, le développement et la maintenance de processus automatisés, avec un focus particulier sur l?exploitation des outils RPA, ainsi que la capacité à s?intégrer dans des environnements data avec Python et SQL.
  
  

Concevoir, développer, tester et maintenir des processus automatisés
  
Assurer le support, la maintenance et l'optimisation des robots existant sous UI Path ou Automation Anywhere
  
Participer à l?intégration des solutions RPA dans l?écosystème SI via des connecteurs, APIs, traitements de données.
  
Définir et modéliser des workflows optimisés, maintenables et documentés.
  
Rédiger et maintenir la documentation technique et fonctionnelle.
  
Collaborer étroitement avec les référents MOA/MOE pour le cadrage et la validation des automatisations.
  
  

Compétences techniques significatives attendues
  
  

**Maîtrise d?une plateforme RPA :** idéalement UIPath / Automation Anywhere ; Blue Prism, etc.
  
**Langages souhaités :** Les langages sont utilisés pour les robots existant. Leur connaissance est un plus.
  
Python (traitements de données, appels API, scripts)
  
SQL (extractions, jointures, vues, etc.)
  
Connaissances de VB / .NET appréciées
  
Bonne maitrise des plateformes pour la mise en ?uvre des workflows métiers, des processus SI et de l'orchestration/ordonnancement des robots
  
  

Aptitudes personnelles
  
  

Expérience d'au moins 3 ans de mise en production de solutions RPA, en contexte entreprise.
  
Capacité à travailler en mode projet avec des interlocuteurs techniques et métiers.
  
Esprit d?analyse, rigueur documentaire, autonomie.
  
Bonne communication, esprit d?équipe.
  
Intérêt pour l?innovation et l?intégration de briques IA dans les solutions automatisées.","","https://fr.indeed.com/cmp/Almatek","","","","","","","","","","","",""
"li-4465517536","linkedin","https://www.linkedin.com/jobs/view/4465517536","","Développeur Full Stack Java / Angular (H/F)","HN Services","Bordeaux, Nouvelle-Aquitaine, France","2026-09-15","fulltime","","","","","",False,"associate","Information Technology","","","🚀 HN Services – L’ESN française qui change les codes depuis 1983
 



  





 HN Services est une ESN indépendante et familiale, fondée en 1983\. Avec un chiffre d'affaires de
 **170 millions d’euros** 
 et
 **2300 collaborateurs** 
 , elle accompagne plus de
 **130 clients** 
 notamment dans les secteurs de la banque, de l’assurance, de la mutuelle, de l’industrie et du retail.
 



 Présente dans
 **12 villes à travers 5 pays** 
 (France, Espagne, Luxembourg, Portugal, Roumanie), HN Services combine l’agilité d’une entreprise à taille humaine avec la solidité d’un acteur international.
 



 En France, elle est implantée à
 **Charenton\-le\-Pont (siège), Toulouse, Aix\-en\-Provence, Bordeaux, Lille et Nantes** 
 .
 



 HN Services incarne une success story française, alliant expertise technique, croissance durable et engagement humain.
 



  





  





 HN Bordeaux recrute un(e)
 **Développeur Full Stack Java / Angular (H/F)** 




 📍
 **Bordeaux (mode hybride)** 




 🕒
 **CDI** 




 💰
 **38–42K€ brut annuel selon profil et expérience** 




 🗓
 **Démarrage : ASAP à 1 mois** 




  





 Le contexte
 



 Dans le cadre du développement de nos activités, nous recherchons un
 **Développeur Full Stack Java / Angular** 
 pour intervenir sur des projets applicatifs à forte valeur métier.
 



 Vous intégrerez une équipe Agile et participerez à la conception, au développement et à l'évolution d'applications dans un environnement SI complexe et exigeant.
 



 Les projets peuvent notamment concerner des
 **parcours de paiement, de crédit et des services financiers digitaux** 
 , avec de forts enjeux de fiabilité, de performance et de sécurité.
 



  





 Vos missions
 


* Participer à la conception technique des applications
* Développer les composants
 **back\-end en Java / Spring Boot**
* Développer et faire évoluer les interfaces
 **front\-end en Angular**
* Concevoir et consommer des
 **API REST**
* Participer aux évolutions fonctionnelles et techniques des applications
* Réaliser les tests unitaires et contribuer à la qualité du code
* Participer aux revues de code et appliquer les bonnes pratiques de développement
* Analyser et corriger les anomalies
* Participer aux mises en production et au suivi des applications
* Collaborer avec les équipes Produit, QA et métiers dans un environnement Agile



  





 Environnement technique
 


* **Java / Spring Boot**
* **Angular**
* API REST
* SQL
* Git
* CI/CD
* Méthodologies
 **Agile / Scrum**



  





 Profil recherché
 


* **4 ans d'expérience minimum** 
 en développement Java / Angular
* Bonne maîtrise de
 **Java / Spring Boot**
* Expérience significative sur
 **Angular**
* Bonne connaissance des architectures applicatives et des API REST
* Sensibilité à la qualité du code, aux tests et aux bonnes pratiques de développement
* Capacité à évoluer dans un environnement Agile
* Autonomie, rigueur et esprit d'équipe



  





 👉 Une expérience dans le
 **secteur bancaire** 
 est un vrai plus, particulièrement sur des problématiques de
 **paiement, crédit ou parcours clients bancaires** 
 .","IT Services and IT Consulting","https://fr.linkedin.com/company/hn-services","https://media.licdn.com/dms/image/v2/D4E0BAQF_AGdwb-_ApQ/company-logo_100_100/B4EZpJ3ZR8KgAQ-/0/1762175850276/hn_services_logo?e=2147483647&v=beta&t=u1rs4SoIebVKOW5r4Ij9OEhxj617wo34DbqE_-3Facs","","","","","","","","","","",""
"li-4457111016","linkedin","https://www.linkedin.com/jobs/view/4457111016","","Développeur Fullstack Confirmé H/F","SOCOTEC","Villeurbanne, Auvergne-Rhône-Alpes, France","2026-09-14","fulltime","","","","","",False,"mid-senior level","Information Technology","","","**Description Du Poste**
**SOCOTEC.IO en quelques mots**
 Socotec.io conçoit les outils et web services métier du groupe Socotec. Créée mi\-2019, l'équipe compte aujourd'hui une trentaine de personnes et continue de grandir. Nous fonctionnons en agile, avec les ressources nécessaires à notre bon fonctionnement.
   

  

 Notre socle technique est volontairement moderne et assumé : une architecture μServices, déployée sur une infrastructure multi\-cluster Kubernetes. Nos services sont développés en Python (Django) et Vue.js.
   

  

 Nos applications adressent des métiers réels et exigeants (inspection, conformité, gestion d'actifs). Elles portent une complexité fonctionnelle importante : c'est ce qui rend le poste intéressant, et c'est aussi ce qui explique le niveau que nous recherchons.
   

  

**Le poste**
 Nous recherchons un développeur fullstack
 **confirmé** 
 pour intervenir sur nos applications métier, en Django REST Framework et Vue.js.
   

  

 Nous cherchons un profil qui a déjà travaillé avec ces technologies, qui sera opérationnel rapidement dans notre environnement, et qui pourra prendre en charge des sujets de bout en bout sans être piloté au quotidien.
   

  

 Vous serez intégré à une équipe produit, en lien direct avec le Chef de projet et le Lead Developer.
   

  

**Vos missions**
* Concevoir et développer des fonctionnalités de bout en bout : compréhension du besoin métier, conception technique, développement back et front, tests, mise en production.
* Contribuer aux choix techniques de votre périmètre et argumenter vos décisions face à l'équipe.
* Travailler la qualité et la performance de l'existant : optimisation des requêtes et des temps de réponse, réduction de la dette, refactoring ciblé.
* Écrire et maintenir les tests unitaires sur ce que vous produisez.
* Participer activement à la vie de l'équipe : revues de code, refinements techniques, peer coding, documentation.
* Contribuer à l'amélioration continue de nos pratiques.


**Qualifications**
**Indispensable**
* Environ 4 ans minimum d'expérience en développement fullstack sur des applications en production.
* Un bon niveau en Vue.js
* Un bon niveau en Python / Django / Django REST Framework
* Une expérience réelle sur des applications à forte complexité fonctionnelle.
* Côté back, une pratique concrète de l'optimisation (requêtes, performance, volumétrie) et de l'amélioration continue du code existant.


**Apprécié**
* Architectures μServices
* Pinia / Pinia\-ORM, Vuetify
* Docker, Kubernetes


**Votre façon de travailler**
 C'est au moins aussi déterminant que la stack. Concrètement, nous attendons de vous que vous soyez :
   

  

* Autonome et curieux : vous savez creuser un sujet, investiguer un comportement que vous ne comprenez pas, et aller chercher l'information sans attendre qu'on vous la donne.
* Intéressé par le métier : vous cherchez à comprendre à quoi sert ce que vous développez et pour qui. Vous questionnez un besoin qui vous paraît incohérent plutôt que de l'implémenter tel quel.
* Clair dans votre communication : vous savez dire où vous en êtes, signaler un blocage tôt, et alerter quand une échéance devient tendue.
* Capable de dire « je ne comprends pas » et de solliciter vos pairs. Chez nous, poser une question tôt est valorisé ; rester bloqué trois jours en silence ne l'est pas.
* Impliqué dans le collectif : vous partagez ce que vous apprenez, vous aidez, et vous cherchez à faire progresser l'équipe autant que votre propre code","Software Development","https://fr.linkedin.com/company/socotec","https://media.licdn.com/dms/image/v2/C560BAQGf8uzRAAZS5w/company-logo_100_100/company-logo_100_100/0/1631333589236?e=2147483647&v=beta&t=a4J3QjOv68M_7HGX654MC29EiGKNdVZn0V2jFJK8jcw","","","","","","","","","","",""
"li-4467280447","linkedin","https://www.linkedin.com/jobs/view/4467280447","","Développeur Java Spring Boot - Banque - H/F","Viveris","Montpellier, Occitanie, France","2026-09-14","fulltime","","","","","",False,"associate","Information Technology","","","Viveris est un groupe de conseil et d'ingénierie spécialisé dans la conduite et la réalisation de projets dans les domaines de l'informatique et de l'électronique.
   

  

 S'engager avec Viveris, c'est l'assurance de relever des défis techniques et humains tout en travaillant sur des projets innovants dans un environnement collaboratif et solidaire.
   

  

 Contexte de la mission :
   

  

 Viveris accompagne ses clients dans leur transformation numérique en modernisant leurs systèmes d'information.
   

  

 Dans ce cadre, nous recherchons un Développeur informatique Java Spring Boot afin d'accompagner notre client bancaire dans le développement d'une application client.
   

  

 Intégré au sein d'une équipe d'une dizaine de personnes, en charge du développement backend, vous évoluez au sein d'une organisation Agile.
   

  

 Responsabilités :
   

  

 \-  Participer aux études et à la conception ;
   

 \- Développer des fonctionnalités ;
   

 \- Garantir la qualité du code.
   

  

 Profil recherché :
   

  

 \- Diplômé d'une formation supérieure en informatique, vous avez au moins 4 ans d'expérience en développement en Java Spring Boot ;
   

 \- Vous avez idéalement une première expérience dans le domaine bancaire.
   

  

 Compétences techniques :
   

  

 \- Maîtrise de l'environnement Java (Spring Boot, J2EE, Mockito, Maven) ;
   

 \- Maîtrise des outils DevOps (Docker, Kubernetes, Gitlab) ;
   

 \- Maîtrise des bases de données (MySQL) ;
   

 \- Maîtrise des shell Unix et Windows ;
   

 \- Présente un plus : maitrise de Db2, ElasticSearch et/ou Kafka.
   

  

 Nos avantages :
   

  

 \- Rémunération attractive et évolutive ;
   

 \- Mutuelle familiale à garantie haute ;
   

 \- Tickets restaurant pris en charge à 60% ;
   

 \- 100% titre de transport urbain remboursé ;
   

 \- Primes d'intéressement, de participation et de cooptation ;
   

 \- 2 jours de télétravail par semaine ;
   

 \- Formation continue avec LinkedIn Learning et nos communautés techniques.
   

 Ref : 30900104","Software Development","https://fr.linkedin.com/company/viveris","https://media.licdn.com/dms/image/v2/D560BAQHOljMcvBERDg/company-logo_100_100/B56Z.taRNkHIAI-/0/1785320773760/viveris_logo?e=2147483647&v=beta&t=GWzJmNe2lJwtdhJvPWK0lF8p9s3-ya_xsBdjAUZB1Os","","","","","","","","","","",""
"li-4439306160","linkedin","https://www.linkedin.com/jobs/view/4439306160","","Développeur Golang (H/F)","Davidson consulting","Rennes, Brittany, France","2026-09-14","fulltime","","","","","",False,"mid-senior level","Engineering and Information Technology","","","Rejoindre Davidson, ce n’est pas seulement intégrer un groupe de 3000 consultants dans 6 pays et 2 continents, c’est intégrer LA société qui a été élue par ses salariés Great Place To Work France et Europe pendant 4 ans mais aussi une des plus grandes B Corp de France, nommée Best of the World dans la catégorie “collaborateurs” en 2022 ! (Les “B Corp” formant une communauté de sociétés qui ont décidé d’être non pas les meilleures du monde mais les meilleures POUR le monde).
   

  

 Parce que notre développement repose sur des principes forts :
   

  

* Un profond respect de l’ensemble de nos parties prenantes : consultant(e)s, clients et fournisseurs. Car si le travail “ne fait pas le bonheur”, il peut cependant “faire le malheur”. Nous nous engageons donc à écouter et agir avec honnêteté.
* Une égalité des chances dans le traitement de nos candidatures et dans la gestion de carrière de nos salarié(e)s. Nous croyons en un milieu de travail où équité F/H, inclusion et diversité sont la norme.
* Une empreinte environnementale minimale, et sociétale maximale. C’est pourquoi, au\-delà des missions que vous réaliserez, vous pourrez également contribuer à des projets que Davidson soutient : missions de solidarité internationale (avec Planète Urgence), bénévolat auprès d’associations (chaque Davidsonien(ne) dispose de 3 jours par an pour intervenir à leurs côtés), accompagnement d’étudiant(e)s issus de milieux peu favorisés (avec Article 1\), investissement dans des startups développant des solutions innovantes, actions collectives et individuelles pour la réduction de notre impact carbone…
* Un Management adhocratique basé sur la mise en œuvre des principes de “l’entreprise horizontale” et du “management tribal”. Sur ce dernier point une précision d’importance : le bien\-être au travail est un luxe qu’il faut pouvoir s’offrir en étant une entreprise “solide”. Ceci induit pour les Davidsonien(ne)s d’allier prises d’initiative, engagement et professionnalisme. Car “sans travail, le talent n’est qu’une sale manie”. Et cela nous incite à chercher à recruter des personnes… meilleures que nous…


 Nous encourageons les candidatures de personnes en situation de handicap, et nous nous engageons à répondre au mieux à leurs besoins spécifiques.
   

  

**Profil / Mission**
 Dans le cadre des activités d’un de nos clients, nous recherchons plusieurs Développeurs Backend Golang junior/confirmé/senior.
   

  

 Notre client agit dans le secteur de l’audio\-visuel, c’est pourquoi une première expérience dans un secteur similaire serait un atout majeur pour ce poste.
   

  

**Vos Missions**
* Concevoir et développer des solutions, en étroite collaboration avec les équipes techniques
* Déployer et suivre les développements réalisés
* Réalisation d’estimations de charge de travail
* Partagez les révisions de code avec le reste de l’équipe
* Maintenir les applications Web
* Participer à la gestion des incidents potentiels
* Participer aux choix techniques significatifs, tout en étant moteur de propositions pour améliorer la performance des projets
* Produire des solutions en écrivant du code performant, surveillé et documenté
* Travailler avec les équipes Ops pour optimiser continuellement nos applications Web et nos flux de travail automatisés
* Assurer une veille technologique


**Compétences requises ou à acquérir** 
**Votre profil :**
* Développeur Backend ou Full Stack


**Compétences obligatoires :**
* Expertise en Golang, avec une solide expérience dans le développement d’applications évolutives de haute qualité
* Esprit de collaboration : capacités de travail en équipe, avec un penchant pour le partage des connaissances et la contribution à un objectif collectif
* Qualité et précision : un sens aigu du détail et un engagement à produire un code bien documenté et optimisé pour les performances
* Excellence en communication : compétences en communication exceptionnelles, capable d’articuler des concepts techniques complexes et de collaborer efficacement avec les parties prenantes en anglais
* Curiosité et engagement : un état d’esprit proactif, désireux d’explorer de nouvelles technologies et approches susceptibles d’améliorer nos produits et nos applications Web


**Compétences optionnelles :**
* Maîtrise d’un autre langage
* Expérience dans un contexte ou secteur d’activité similaire


**Aptitudes / Savoir\-être**
* Curiosité
* Esprit d’équipe
* Forte capacité de travail
* Méticuleux
* Proactivité


**Description du pôle** 
**Métiers des infrastructures, de la virtualisation et du cloud**
 Parmi les changements les plus significatifs dans le monde du numérique au cours des 10 dernières années, il y a évidemment la transformation radicale des infrastructures. Aux serveurs bare\-metal et applications hébergées localement ont succédé des VM, hyperviseurs, containers, SaaS déployés dans des architectures de clouds privés externes/internes, publics ou hybrides. Induisant une évolution profonde de la manière de penser les projets et ressources IT au sein des entreprises.
   

  

**Davidson Accompagne L’ensemble De Ses Clients Sur**
* Des expertises technologiques (VMware, Docker, OpenStack, Kubernetes, Azure, AWS, GCP, etc.)
* Des projets de migration vers le cloud (applications et données)","Business Consulting and Services","https://fr.linkedin.com/company/davidson-consulting","https://media.licdn.com/dms/image/v2/C4E0BAQFdSPFzWWPyEA/company-logo_100_100/company-logo_100_100/0/1630594613647/davidson_consulting_logo?e=2147483647&v=beta&t=6ay6tLMxEn--prfNR1jySIXZiJM5lQpG3zRUfVul8hc","","","","","","","","","","",""
"li-4467041506","linkedin","https://www.linkedin.com/jobs/view/4467041506","","Ingénieur développement JAVA - back-end (F/H)","Dassault Systèmes","Vélizy-Villacoublay, Île-de-France, France","2026-09-14","fulltime","","","","","",False,"entry level","Engineering and Information Technology","","","Dassault Systèmes, « The 3DEXPERIENCE Company », offre aux entreprises et aux particuliers les univers virtuels nécessaires à la conception d’innovations durables, capables d’harmoniser le produit, la nature et la vie.
   

  

 Chez Dassault Systèmes, nous encourageons les personnes à changer et à façonner le monde dans lequel nous vivons.
   

  

 Afin d’accompagner notre constante croissance et nos 250 000 clients dans le monde, nous recherchons un profil inspirant et passionné qui intégrera l’équipe R\&D responsable des comportements de cycle de vie en tant que développeur.
   

  

 L’équipe fournit toute l’infrastructure (modélisation et comportements associés) nécessaire à la gestion du cycle de vie de l’ensemble des données du PLM, c'est\-à\-dire les données participant au cycle complet de conception et de fabrication d’un produit (description Logique, Fonctionnelle, Physique, Processus de fabrication etc…). La gestion de revision est mise à disposition dans deux environnements: rdf et objet/relation (propriétaire).
   

  

 Cette équipe travaille en collaboration avec plusieurs autres équipes de développement en France et à l’étranger (essentiellement aux Etats\-Unis et en Inde).
   

  

**Poste à pourvoir en CDI, basé à Vélizy\-Villacoublay (78\).**
**Vos missions**
 Dans ce contexte vous devrez comprendre les enjeux et besoins clients provenant de secteurs industriels diverses (automobile, aéronautique…), afin d’y apporter une solution fonctionnelle adaptée. Cette solution devra être implémentée de façon robuste et performante en s’appuyant sur la logique et l’infrastructure 3DEXPERIENCE.
   

  

 Vous aurez pour mission de :
   

  

* Comprendre les besoins de l'utilisateur et participer à l'élaboration de solutions fonctionnelles (nouvelles fonctionnalités ou faire évoluer les existantes)
* Rédiger les documents de spécifications détaillées
* Concevoir et documenter les choix techniques
* Planifier votre travail
* Développer de nouveaux composants logiciels sur la plateforme 3DEXPERIENCE (modèle de données, algorithmes) avec le niveau de qualité requis (robustesse, performance)
* Développer des tests automatiques
* Collaborer quotidiennement avec votre écosystème Dassault Systèmes en France et à l’étranger (fournisseurs technologiques, applications, équipes d’industrialisation et de support client)


**Vos Qualifications**
* De formation ingénieur, vous maîtrisez l’approche objet du développement, et le langage de développement Java
* Une expérience de développement chez Dassault\-Systèmes (CATIA, ENOVIA...) et de la V6 ou de la plateforme 3DEXPERIENCE est un atout supplémentaire.
* Anglais (oral et ecrit)


**Nous rejoindre c'est aussi :**
 Intégrer une entreprise scientifique au cœur de l’innovation technologique, portée par une forte croissance depuis plus de 40 ans
   

  

**Principaux avantages et bénéfices :**
* Environnement multiculturel ;
* Cadre de travail convivial axé sur le bien\-être et la santé ;
* Engagement en faveur de la diversité et de l’inclusion ;
* Politique dynamique de développement de carrière : plan de formation, mobilités internes, etc ;


 Inclusion statement
   

  

 As a game\-changer in sustainable technology and innovation, Dassault Systèmes is striving to build more inclusive and diverse teams across the globe. We believe that our people are our number one asset and we want all employees to feel empowered to bring their whole selves to work every day. It is our goal that our people feel a sense of pride and a passion for belonging. As a company leading change, it’s our responsibility to foster opportunities for all people to participate in a harmonized Workforce of the Future.","Software Development, IT Services and IT Consulting, and Research Services","https://fr.linkedin.com/company/dassaultsystemes","https://media.licdn.com/dms/image/v2/C560BAQHroRzeNTva6Q/company-logo_100_100/company-logo_100_100/0/1631330934922?e=2147483647&v=beta&t=Y_LaLgUh3t_AY4PloiAtAbGGfEr2fGl7C4_RBhQ7Vok","","","","","","","","","","",""
"li-4467417022","linkedin","https://www.linkedin.com/jobs/view/4467417022","","Développeur Java - (F/H/X)","Amaris Consulting","Lyon, Auvergne-Rhône-Alpes, France","2026-09-14","fulltime","","","","","",False,"mid-senior level","Engineering and Information Technology","","","**Job Description**
*IS\&D \- JAVA \- Medior*
 Vous êtes passionné.e par le développement logiciel et maîtrisez le langage
 **Java** 
 ? Rejoignez notre équipe dynamique et contribuez à la création de solutions innovantes pour notre clientèle diversifiée. Vous aurez l'opportunité de travailler sur des projets stimulants, d'utiliser les dernières technologies et de collaborer avec des professionnel.le.s du domaine.
   

  

**Vos missions :**
* Comprendre les besoins métier et effectuer l'analyse fonctionnelle correspondante.
* Assurer l'intégration et le déploiement continus des solutions.
* Concevoir, développer et intégrer des applications.
* Rédiger les différentes documentations associées.
* Tester les applications et résoudre les éventuels dysfonctionnements.
* Respecter les méthodologies et les processus de développement.
* Mettre en place les bonnes pratiques d'utilisation et de développement.
* Former les utilisateurs à l'utilisation des applications.


**Votre profil :**
* Vous êtes titulaire d'un diplôme BAC \+5 (Ingénieur ou universitaire).
* Vous avez minimum 4 ans d'expériences dans le développement informatique avec une maîtrise du langage de programmation JAVA.
* Vous avez de l'expertise sur : Java 8 à 21, Docker, Jenkins.
* Vous avez d'excellentes compétences en communication écrite et verbale en anglais et français.
* Vous êtes mobile à Lyon et sur sa périphérie.


**Nos avantages :**
* Mutuelle prise en charge à 60% (gratuite pour vos enfants).
* Possibilité de télétravail avec une rétribution de 2,70 € par jour.
* Carte restaurant d'une valeur de 10 € par jour, utilisable jusqu'à 25 €, pris en charge à 60%.
* Accès à HelloCSE avec de nombreuses offres et réductions chez Ikea, Pathé, Fnac, Cdiscount, et bien d'autres.
* Possibilité de bénéficier d'un bonus de cooptation de 2 000 € !
* De nombreuses formations gratuites, incluant des certifications Microsoft.
* Compte épargne temps jusqu'à 90 jours.
* Participation et intéressement.
* Jours de congé supplémentaires pour valoriser votre ancienneté.
* 3 jours d’absences rémunérées par an pour le parent d’un enfant malade
* 4 absences autorisés rémunérées pour les conjoint(e)s d’une personne enceinte pour assister aux examens obligatoires prénataux.
* Journée de solidarité chômée et payée.


**Ce qu'on vous propose**
 Rejoindre Amaris, ce n’est pas simplement intégrer une entreprise où l’on attend patiemment qu’un poste se libère. C’est intégrer un environnement où vos performances déterminent directement votre évolution de carrière.
   

  

 Concrètement, voici ce que cela signifie pour vous au quotidien :
   

  

**🎯 Des projets qui ont du fond** 
 18 mois minimum en moyenne, chez des grands comptes (GSK, Sanofi, J\&J…) et avec l'appui de nos Centres d'Excellence internes. Vous avez le temps d'aller loin.
   

  

**🤝 Un accompagnement qui se voit** 
 1 manager pour 18 consultants max, des points projet structurés et un canal direct vers les RH chaque mois via Express Yourself. Nos équipes affichent
 **3,3 ans d'ancienneté moyenne** 
 — preuve qu'on construit quelque chose qui dure.
   

  

**🚀 Une carrière qui avance vraiment** 
**70 % de nos managers ont démarré au premier échelon.** 
 Âge moyen : 36 ans. Ici, la confiance précède l'expérience et la méritocratie remplace l'ancienneté. Mobilité fonctionnelle (4 expertises) et géographique (60\+ pays) encouragées et accessibles.
   

  

**💡 L'innovation, en pratique** 
 291 agents IA développés en interne, \+250 modules de formation, certifications Microsoft financées à 100 %. Chez Mantu, AI \= Artificial Intelligence \& Augmented Impact.
   

  

**🌱 Un engagement RSE qui se mesure** 
 SBTi sur la réduction carbone, 32 % de femmes managers (objectif 34,3 % en 2029\), engagement social via We Care Together.
   

  

 👉 Mutuelle, télétravail, tickets restaurant, CET, cooptation…Nous discuterons du détail complet de nos avantages lors de nos échanges.
   

  

**💬 Inclusion et diversité**
*Amaris Consulting promeut l'égalité des chances. Nous nous engageons à rassembler des talents d’horizons différents et à créer un environnement de travail inclusif. Dans cette optique, nous recueillons les candidatures de toutes les personnes qualifiées, quel que soit leur sexe, orientation sexuelle, race, origine ethnique, croyances, âge, état civil, handicap ou autres caractéristiques.*
 Who are we?
   

  

**Amaris Consulting** 
 est une société indépendante de conseil et de technologies au service des entreprises. Avec plus de 1000 clients dans le monde, nous déployons des solutions pour les plus grands projets depuis plus d'une décennie \- tout ceci est rendu possible par une équipe internationale de 7 600 talents répartis sur les 5 continents et dans plus de 60 pays. Nos solutions sont axées sur quatre domaines d'activité différents : Les systèmes d'information et le digital, la télécommunication, les sciences de la vie et l'ingénierie. Nous cherchons à créer et à développer une communauté de talents où tous les membres de notre équipe peuvent réaliser leur plein potentiel. Amaris est votre « stepping stone » pour traverser les rivières du changement, pour relever les défis et pour réaliser tous vos projets avec succès.
   

  

 Chez Amaris, nous avons à cœur d'offrir à nos candidats la meilleure expérience de recrutement possible. Nous cherchons à mieux connaître et comprendre nos candidats, à les challenger et à leur faire part de nos impressions le plus rapidement possible. Voici à quoi ressemble notre processus de recrutement :
   

  

**Premier contact** 
 : Notre processus commence généralement par une brève conversation virtuelle/téléphonique pour en savoir plus sur vous ! L'objectif ? Apprendre à vous connaître, comprendre vos motivations et veiller à ce que nous vous proposions le poste qui vous correspond le mieux !
   

  

**Entretiens** 
 (en moyenne, le nombre d'entretiens est de 3 – il peut toutefois varier en fonction du niveau d'ancienneté requis pour le poste). Au cours des entretiens, vous rencontrerez les membres de notre équipe : votre futur manager bien sûr, mais aussi d'autres personnes avec lesquelles vous serez amené à travailler. Ces entretiens nous permettront d'en apprendre davantage sur vous, votre expérience et vos compétences, mais aussi sur le poste et ce que l'on attendra de vous. Bien entendu, vous apprendrez également à connaître Amaris : notre culture, notre histoire, nos équipes et vos opportunités de carrière !
   

  

**Étude de cas** 
 : En fonction du poste, vous serez peut\-être appelé à passer un test. Il pourra s'agir d'un jeu de rôle, d'une évaluation technique, d'un scénario de résolution de problème, etc.
   

  

 Comme vous le savez, chaque personne est différente et il en va de même pour chaque rôle dans une entreprise. C'est pourquoi nous devons nous adapter en conséquence, si bien que le processus peut parfois être quelque peu différent pour chacun. Cela dit, nous nous mettons toujours à la place du candidat pour lui offrir la meilleure expérience possible. Nous avons hâte de vous rencontrer !","IT Services and IT Consulting","https://ch.linkedin.com/company/amarisconsulting","https://media.licdn.com/dms/image/v2/D4D0BAQHsB8-V6fxAMA/company-logo_100_100/company-logo_100_100/0/1729584227309/amaris_logo?e=2147483647&v=beta&t=Gas7jHUA97blxh3l23UWbQ8ly62Bj0PZgTYzH66bTzo","","","","","","","","","","",""
"li-4465244169","linkedin","https://www.linkedin.com/jobs/view/4465244169","","Développeur PHP / Symfony - CONFIRMÉ - Nantes - H/F","Mosica Brest","Nantes, Pays de la Loire, France","2026-09-14","fulltime","","","","","",False,"mid-senior level","Engineering and Information Technology","","","**Le Poste**
 Nous recherchons un.e
 **développeur.se PHP / Symfony CONFIRMÉ.E** 
 pour travailler au sein de notre agence nantaise.
   

  

 Intégré à notre centre de services, vous participez à l'ensemble des phases d'un projet technique :
   

  

* Conception et rédaction des spécifications techniques des évolutions fonctionnelles
* Développement de fonctionnalités backend sous Symfony, dans le respect des bonnes pratiques du framework
* Modélisation des entités et gestion des données
* Préconisation de solutions techniques et arbitrages d'architecture
* Veille technologique sur l'écosystème PHP/Symfony
* Relation client : présentation des choix techniques, support et débogage


**LOCALISATION :** 
 Nantes, télétravail partiel
   

  

**QUAND** 
 : Asap
   

  

**POURQUOI NOUS REJOINDRE ?**
* Projet long terme avec visibilité.
* Management de proximité : nous connaissons nos collaborateurs.
* Télétravail partiel possible
* Ambiance bienveillante : ici, on ne parle pas de ""rockstars"", juste de bons pros.


**Déroulement Des Entretiens Chez MOSICA**
* Un premier entretien téléphonique et/ou une visio afin d'échanger sur votre projet et nos missions
* Un deuxième échange, cette fois\-ci, technique
* Un recrutement sur mission ou profil
* 4 ans d'expérience minimum en développement PHP, avec une pratique confirmée du framework Symfony
* Bonne maîtrise des bases de données (SQL, MySQL)
* CI/CD, Cloud
* Expérience sur du développement Java est un plus
* Relation client
* Autonomie, rigueur, et goût pour la transmission des savoirs


**Qui sommes\-nous ?**
 Chez MOSICA, chaque carrière a son histoire.
   

  

 La nôtre c’est l’histoire de 3 ingénieurs passionnés qui ont connu les projets qui s’enchaînent, les défis techniques qui s’accumulent, et les ambitions qui évoluent. De cette expérience est née une ESN où l’on comprend vos aspirations professionnelles et personnelles au\-delà d’une simple mission.
   

  

 Notre ambition :
 **vous proposer des opportunités en phase avec votre profil et vous accompagner durablement dans votre évolution.**
 Nous Avons Fait Le Choix D’une Structure à Taille Humaine, Convaincus Que La Proximité Et La Confiance Sont Les Clés D’une Collaboration Réussie. Aujourd’hui, Près De 100 Collaborateurs Partagent Cette Vision. Voici Pourquoi
   

  

* Notre différence : une compréhension concrète de votre métier, de vos contraintes et de vos ambitions.
* Notre approche : une relation fondée sur l’intégrité, la transparence et la parole donnée et tenue.
* Votre quotidien : des missions qui vous ressemblent, un équilibre de vie respecté et une équipe toujours disponible pour vous soutenir.
* Votre avenir : un accompagnement individualisé, conçu pour renforcer vos expertises et donner du sens à votre trajectoire. Un interlocuteur unique vous suit à chaque étape pour atteindre vos objectifs.


 Changer d’entreprise est une décision importante, qui engage votre avenir.
   

  

 Chez
 **MOSICA** 
 , nous le savons, et nous faisons de cette transition
 **une expérience sereine et valorisante** 
 .
   

  

**Envie d’en parler ?**
 Retrouvez\-nous sur
 **LinkedIn** 
 ou découvrez\-en plus sur notre
 **site web** 
 .
   

  

**Infos complémentaires**
 Chez MOSICA, vous bénéficiez de nombreux avantages :
   

  

* Télétravail
* Tickets restaurant
* Mutuelle
* Prime de participation
* Prime de cooptation
* Prime d'apporteur d'affaires


 Et parce que votre cadre de vie compte autant que vos missions, vous profitez d'un environnement où il fait bon vivre : un équilibre idéal entre vie personnelle et épanouissement professionnel.","IT Services and IT Consulting","https://fr.linkedin.com/company/mosica-brest","https://media.licdn.com/dms/image/v2/C4E0BAQFTMZFASW6cPg/company-logo_100_100/company-logo_100_100/0/1640331509727?e=2147483647&v=beta&t=boR93y4OohJDm3GSWMrxomPQdyMt7p9JGCftDXLsJ88","","","","","","","","","","",""
"li-4467201830","linkedin","https://www.linkedin.com/jobs/view/4467201830","","Développeur Fullstack (H/F)","Groupe SII","Brest, Brittany, France","2026-09-14","fulltime","","","","","",False,"mid-senior level","Engineering and Information Technology","","","**Le Groupe SII vous attend !**
 Dans le cadre de l'accroissement de notre activité, SII Brest recrute
 **un.e Développeur fullstack Java/Vue.Js** 
 . Vous interviendrez sur des développements variés, allant du cadrage technique à la mise en production, en passant par la validation fonctionnelle.
   

  

**Votre Quotidien**
* Conception \& développement : Concevoir et implémenter de nouvelles fonctionnalités sur les couches Back\-end (Java) et Front\-end (Vue.js) afin de répondre aux besoins métiers.
* Modernisation du SI : Contribuer activement à la refonte du système en accompagnant la migration du code legacy vers une architecture microservices.
* Qualité logicielle : Garantir la robustesse de l’application en mettant en place des tests unitaires et d’intégration, dans une démarche TDD/BDD.
* Maintenance \& performance : Assurer la correction des anomalies et optimiser en continu les performances applicatives
* Collaboration transverse : Travailler en étroite collaboration avec les Product Owners et les équipes techniques pour assurer la bonne compréhension et mise en œuvre des spécifications.
* Management : Collaborer avec nos équipes et réaliser les revues de code.


 De formation supérieure Bac\+5 ou Ingénieur, vous disposez d'une expérience professionnelle de 3\-5 années minimum et avez de solides compétences en développement logiciel.
   

  

**Compétences Techniques**
* Maîtrise de Java sur des versions récentes (17 ou 21\)
* Très bonne connaissance de Vues.JS
* Compétences sur Spring Boot, GitlabCI/ CI/CD, et/ou SVN,
* Maîtriser les environnements Linux/Windows.


**Compétences Organisationnelles**
* Avoir de bonnes qualités rédactionnelles et un esprit de synthèse,
* Savoir travailler en équipe et collaborer en interne,
* Etre autonome et avoir des qualités organisationnelles,
* Etre curieux et avoir la capacité de se former sur de nouvelles technologies.
* Etre familier avec l’Agilité.


**Rejoindre SII Ouest, C’est Aussi**
* Un service formation au top (formations techniques, développement personnel, gestion d’équipe, management, …)
* Des possibilités d’évolution pour votre carrière (devenir Lead Dev, Chef de Projet, passerelles entre les métiers techniques et fonctionnels, …)
* Une vraie communauté de passionnés (participation aux événements techniques tels que le Breizh Camp, l’Agile Tour ; possibilité de partager ses connaissances à travers les Déjeuners Techniques, …)
* Une ambiance conviviale (Petit déjeuner à l’agence tous les vendredi matins, Afterworks, Soirées d’Agence, …)
* Jusqu’à 50% de télétravail (on privilégie l’équilibre vie pro/vie perso tout en gardant le lien avec nos collaborateurs !)


**Chez SII Ouest, nous souhaitons un process de recrutement simple et clair :**
* Un premier échange téléphonique avec un(e) RH
* Un entretien avec un(e) RH \+ un(e) Business Manager
* Un échange technique avec un Expert Technique


**Qui sommes\-nous ?**
 Le groupe SII est au cœur de l’innovation au service de grands comptes dans des secteurs d’ingénierie variés. En 2026, pour la 9ème année consécutive, SII France a obtenu le label Great Place To Work®.
   

  

 Ce succès est le reflet de notre culture basée sur notre volonté de proposer à tous nos salariés un cadre de travail épanouissant pour le développement de leurs compétences et carrières.
   

  

 Rejoindre SII, c’est s’engager dans une aventure collective :
 **Let’s Tech Together !**
 Cette promesse représente notre ambition commune : construire un futur technologique ensemble, dans un cadre où l'expérimentation et l'autonomie sont encouragées, où les innovations sont au cœur de nos actions, et où chaque collaborateur trouve épanouissement professionnel et responsabilisation au sein d'un collectif enthousiaste et inclusif.
   

  

 En tant que société à fortes valeurs humaines, nous sommes signataires de la Charte d'engagement LGBT\+ avec l'Association l'autre Cercle et sommes une entreprise Handi\-accueillante.
   

  

 Let’s Tech Together incarne ce que nous sommes et ce que nous aspirons à être : une entreprise dynamique, innovante et humaine. Alors si ces valeurs vous parlent, rejoignez\-nous !","IT Services and IT Consulting","https://fr.linkedin.com/company/sii","https://media.licdn.com/dms/image/v2/C4E0BAQGQikS9Fd-3Kw/company-logo_100_100/company-logo_100_100/0/1631320379623?e=2147483647&v=beta&t=kswbbVTSFv12gfxoKt5daDaK2UqPW-E3wwmaBVLRMOY","","","","","","","","","","",""
"li-4466216989","linkedin","https://www.linkedin.com/jobs/view/4466216989","","Développeur Python - F/H","Niji","Rennes, Brittany, France","","fulltime","","","","","",False,"mid-senior level","Engineering and Information Technology","","","La force de Niji : croiser les expertises digitales \- conseil, design, IA, data, tech, intégration et cybersécurité \- au service de solutions concrètes et innovantes pour nos clients grands comptes et ETI.
   

  

 Nos projets intègrent l'IA pour renforcer la performance, la productivité et faciliter la prise de décision.
   

  

 Nos équipes Tech \& Apps reconnues pour leurs expertises accompagnent nos clients dans la conception de solutions digitales innovantes et d'infrastructures SI. Que cela soit du conseil en architecture, en développement Web, en offre de service ou Infrastructure/Cloud, toutes nos activités sont menées en intégrant les dernières technologies.
   

  

 Missions
   

  

 En tant que
 **développeur Python** 
 , vos principales missions seront les suivantes :
   

  

* Comprendre les besoins du client et participer aux études techniques (faisabilité et chiffrage)
* Réaliser le développement en respectant les best practices.
* Mettre en place et développer les tests unitaires et les outils d’optimisation des performances.
* Appliquer les bonnes pratiques et l’ensemble des outils de développement, d’intégration continue et de déploiement.
* Prendre part aux différents événements organisés autour de « technos » pour parfaire vos connaissances et pour collaborer avec les autres membres actifs de la Communauté.
* Tirer parti des outils d'IA générative (assistants de code, agents) pour accélérer le développement, tout en garantissant la qualité, la sécurité et la maîtrise du code produit.


 Profil recherché
   

  

* Au minimum 5 ans d'expérience en développement Python.
* Maitrise du framework Django
* Une expérience réussie dans un contexte de développement d'une data plateforme API WEB REST conteneurisées
* Maitrise de la conteneurisation avec Docker
* Connaissance des méthodologies Devops
* Une expérience réussie dans un contexte d'Agilité.
* Une expérience sur des projets à envergure internationale en anglais, ce serait un plus.
* Vous avez déjà pratiqué le développement augmenté par l'IA générative et maîtrisez l'usage d'assistants de codage (GitHub Copilot, Claude Code, Cursor, ChatGPT ou équivalents) dans un contexte professionnel : génération et revue de code assistée, prompt engineering, et avez la capacité d'évaluer de manière critique les suggestions produites par l'IA.


 Alors… Venez participer au dynamisme de notre site en rejoignant notre Team Niji
 **Rennaise** 
 !
   

  

**Pourquoi nous rejoindre ?**
* Des projets de la stratégie à la mise en œuvre, avec un impact concret chez nos clients grands comptes et ETI, alliant ambition et agilité grâce à notre taille idéale ;
* Des équipes pluridisciplinaires mêlant Conseil, Design, Data, IA, Cyber et Tech ;
* Une montée en compétences rapide, via notre plateforme de formation : Niji University (plus de 33 000 contenus) et l’apprentissage terrain
* Les derniers outils IA à disposition des équipes et des experts pour vous accompagner ;
* Un accompagnement personnalisé pour construire votre trajectoire : 1\-1 réguliers, HRBP dédié, référentiel de compétences ;
* Un cadre de travail flexible et des avantages solides : horaires flexibles, télétravail, tickets restaurant, forfait mobilité, plateforme de services ;
* Un engagement dans une entreprise responsable (Ecovadis, site éco conçu, fresque du numérique, engagements associatifs...).


**La Posture Niji**
 S'engager avec exigence \- Collaborer avec sens \- Agir avec impact \- Transmettre avec conviction.
   

  

 Nos valeurs : Audace \- Bienveillance \- Performance – Talent.
   

  

**Si ces mots vous parlent, venez nous rencontrer !**
*Chez Niji, nous sommes fiers de notre politique RSE qui contribue à la promotion de la diversité et de l’égalité des chances, notamment pour les personnes en situation de handicap.*","IT Services and IT Consulting","https://fr.linkedin.com/company/niji","https://media.licdn.com/dms/image/v2/D4D0BAQEwbREEl1eYiQ/company-logo_100_100/company-logo_100_100/0/1728492371634/niji_logo?e=2147483647&v=beta&t=IriGKiDWoDJ8XKp_eb_cGnSlOGJfLO8cfLH5Rl9ScX8","","","","","","","","","","",""
"li-4465801488","linkedin","https://www.linkedin.com/jobs/view/4465801488","","Développeur Fullstack confirmé – JAVA ANGULAR - Collectivités territoriales - Bordeaux","Sopra Steria","Mérignac, Nouvelle-Aquitaine, France","","fulltime","","","","","",False,"not applicable","Information Technology","","","**Description De L'entreprise**
**À propos de Sopra Steria**
 Sopra Steria, acteur majeur de la Tech en Europe, avec 51 000 collaborateurs dans près de 30 pays, est reconnu pour ses activités de conseil, de services et solutions numériques. Il aide ses clients à mener leur transformation digitale et à obtenir des bénéfices concrets et durables. Le Groupe apporte une réponse globale aux enjeux de compétitivité des grandes entreprises et organisations, en combinant une connaissance approfondie des secteurs d’activité et des technologies à une approche collaborative. Sopra Steria place l’humain au cœur de son action et s’engage auprès de ses clients à tirer le meilleur parti du numérique pour construire un avenir positif. En 2025, le Groupe a réalisé un chiffre d’affaires de 5,6 milliards d’euros.
   

  

***The world is how we shape it\****
* Le monde est tel que nous le façonnons


**Description Du Poste**
 La Business Line Développement régional de Bordeaux est une équipe à taille humaine qui compte plus de 95 collaborateurs passionnés intervenant sur des projets complexes, agiles, et à forte technicité.
   

  

 Leur objectif : accompagner les plus gros retailers et acteurs Télécom de la région dans leur projet de transformation et le déploiement de leurs outils pour leur permettre de garder une longueur d'avance et de répondre à leurs enjeux de time to market !
   

  

 Dans une logique de croissance, nous recherchons nos futurs talents pour renforcer notre présence locale. Bonne ambiance, missions challenging et perspectives d’évolutions assurées !
   

  

 Au sein d'une équipe Agile et sous la responsabilité d'un Chef de Projet, en tant que Développeur(se) Java Full Stack, vous participez à la création d'applications web innovantes, dont l'objectif est l'optimisation de la supervision des activités dans le secteur du retail.
   

  

**Votre rôle et vos missions :**
* Concevoir et développer des solutions sur mesure, adaptées aux besoins du client, dans un contexte technique riche et varié
* Participation aux différentes cérémonies agiles (Daily Meeting, Démonstration, Rétrospective …)
* Maintien et amélioration du patrimoine de tests de l’application
* Rédaction de spécifications fonctionnelles et techniques
* Force de proposition afin d’améliorer les process, l’innovation technologie et l’industrialisation du projet


**Votre environnement technique :**
* Langages : Java, Angular
* Frameworks : Spring Boot, Spring Batch, Hibernate
* Base de données : Oracle, PostgreSQL
* Outils : Jenkins, Docker, Kubernetes, GitLab


**Qualifications**
* De formation type Bac \+ 5 (Ecole d'Ingénieurs ou de formation équivalente)
* Vous justifiez d'une expérience technique de 3 ans minimum en conception et programmation JAVA, Angular
* Vous possédez une bonne capacité d'analyse et une solide compétence de conception logicielle
* Vous aimez relever des challenges et travailler dans des environnements dynamiques et en recherche d'innovation
* Des connaissances dans le domaine du Retail seraient un plus à votre candidature.


**Informations supplémentaires**
* Un accord télétravail pour télétravailler jusqu’à 2 jours par semaine selon vos missions.
* Un package avantages intéressant : une mutuelle, un CSE, des titres restaurants, un accord d’intéressement, des primes vacances et cooptation.
* Des opportunités de carrières multiples : plus de 30 familles de métiers, autant de passerelles à imaginer ensemble.
* Plusieurs centaines de formations accessibles en toute autonomie avec Sopra Steria Academy.
* La possibilité de s’engager auprès d’une association grâce à notre plateforme d’engagement citoyen.
* L'opportunité de rejoindre le collectif Tech'Me UP (formations, conférences, veille, et bien plus encore…).


 Employeur inclusif et engagé, notre société œuvre chaque jour pour lutter contre toute forme de discrimination et favoriser un environnement de travail respectueux. C’est pourquoi, attachés à la mixité et à la diversité, nous encourageons toutes les candidatures et tous les profils.
   

  

 https://www.soprasteria.fr/nous\-connaitre/nos\-engagements","Software Development, IT Services and IT Consulting, and Business Consulting and Services","https://fr.linkedin.com/company/soprasteria","https://media.licdn.com/dms/image/v2/D4E0BAQF_0JqR2CRpJw/company-logo_100_100/company-logo_100_100/0/1688571543420/soprasteria_logo?e=2147483647&v=beta&t=-Z1iFS5Flfpz13u7tuuVv3PINIKOucA30K1D8j8kyX4","","","","","","","","","","",""
"li-4467990026","linkedin","https://www.linkedin.com/jobs/view/4467990026","","Développeur Java H/F","Webnet","Nantes, Pays de la Loire, France","","fulltime","","","","","",False,"associate","Information Technology","","","Notre pôle Java c’est :
 


* Intégrer une équipe
 **passionnée** 
 et impliquée dans la veille techno
* Être accompagné(e) dans votre
 **carrière** 
 par notre Responsable Technique
* Adhérer à notre plan d’Excellence via nos process de
 **certifications**
* Participer activement aux
 **réunions techniques** 
 de pôle, accéder à nos
 **formations internes** 
 (ou en dispenser), partager les best practices
* Participer à nos JavaContest pointus



  

 Pourquoi nous rejoindre ?
 


* Certifié
 **Great Place To Work** 
 depuis 2018
* Possibilité d’être formé et certifié par Webnet
* Ambiance conviviale avec des
 **évènements** 
 internes récurrents (activités sportives, loisirs etc…) ainsi que la garantie d’un
 **équilibre** 
 entre votre vie privée et professionnelle
* Participation à des
 **challenges** 
 hebdomadaires : Team \#dragondefeu vs \#dragondeglace
* Membre de la charte éthique \& diversité (\+ 15 nationalités représentées) \& Dragon Funding (programme de soutien associatif)



  

 Nos petits \+ :
 


* 2 types de
 **primes** 
 : de régie et participation
* Carte ticket restaurant : SWILE (9€ par jour) 🥣
* Prise en charge à
 **80% des abonnements en transport en commun**
* Avantage ancienneté : à partir de 2 ans, Webnet vous rembourse un abonnement quel qu’il soit via des coins qui se cumulent



  

**Profil recherché :** 




  

 Serez\-vous notre prochain Dragonnier ? Rejoignez notamment Frédéric et Lionel, de vrais passionnés du pôle Java qui recherchent leur futur collègue, un artisan du code qui maitrise le socle initial suivant :
 


* **JAVA** 
 8\+ (3 ans d’expérience minimum)
* Maîtrise d’une ou plusieurs
 **bases de données** 
 : Oracle, PostgreSQL, MySQL, MongoDB, Cassandra, etc.
* Connaissances sur des
 **Frameworks** 
 comme
 **Spring** 
 , Quarkus, Struts, Kotlin ou encore Vert.x
* Comprend les principes de Jenkins, GitLab, CodeBuild, etc.
* Une première expérience en Docker, Kubernetes serait un plus
* Adepte des bonnes pratiques
 **clean architecture** 
 : TDD, BDD, DDD, Sonar
* A déjà utilisé Git ou SVN



  

 Vos plus : à défaut de maîtriser, vous êtes prêt à vous investir à nos côtés sur :
 


* Un
 **Framework Javascript** 
 : Angular, React.js, Vue.js, etc.
* Déploiement Cloud (Terraform, CloudFormation, etc.)
* **Cloud** 
 : AWS, Azure, Google Cloud (GCP)
* Even sourcing : Kafka, RabbitMQ
* D’autres technos récentes ou en devenir pour nos prochains challenges



  

 Afin de rejoindre la
 **DragonForce** 
 , voici notre process, vous échangerez avec différents membres de nos équipes :
 



  

**1/** 
  Coralie vous contactera directement pour un premier échange
 



  

**2/** 
 L’un de nos architectes du pôle Java se fera un plaisir de discuter technique avec vous et d’analyser votre test réalisé précédemment
 



  

**3/** 
 Un dernier échange avec Christophe et Damien sera organisé afin de finaliser le processus
 



  

 L’adresse de nos locaux : 3 boulevard de la Loire, 44200 Nantes.
 



  

 Nous sommes également présents sur : Paris, Lille, Lyon et Bordeaux.
 



  

 A compétences égales, la candidature d’une personne bénéficiaire de l’obligation d’emploi sera privilégiée.","IT Services and IT Consulting","https://fr.linkedin.com/company/webnet","https://media.licdn.com/dms/image/v2/C4D0BAQGGo3umDOLnKQ/company-logo_100_100/company-logo_100_100/0/1630509231799/webnet_logo?e=2147483647&v=beta&t=urYlKmJSHMm7STGdpQE08aZgASae8OUI2g-SNO8NbbM","","","","","","","","","","",""
"li-4457620721","linkedin","https://www.linkedin.com/jobs/view/4457620721","","Developpeur Fullstack Confirmé H/F","Extia","Lille, Hauts-de-France, France","","fulltime","","","","","",False,"mid-senior level","Engineering and Information Technology","","","Vous souhaitez rejoindre une entreprise qui place l’humain au cœur de ses préoccupations ? On vous attend chez Extia !
   

  

 Société de conseil spécialisée dans les métiers de l’IT et du digital, Extia privilégie depuis sa création en 2007 une approche qui allie
 **performance et bien\-être au travail** 
 . Une vision de l’entreprise partagée aujourd’hui par plus de 2 500 Extiens en France et à l'international et récompensée par le label
 **Great Place to Work® depuis 15 ans** 
 dont 10 ans sur le podium et 3 années consécutives à la première place du palmarès !
   

  

 Nous croyons en l'égalité des chances et nous offrons à chaque candidat la possibilité de révéler son potentiel, sans distinction et de quelque nature qu'elle soit. Chez Extia, c’est «
 **D’abord qui, ensuite quoi** 
 » alors, allons\-y !
   

  

**Persévérant(e)** 
 : vous ne perdez jamais, soit vous gagnez, soit vous apprenez,
   

  

**Curieux(se)** 
 votre boite mail est pleine d’alertes de veille pour rester à la page,
   

  

**Passionné(e)** 
 : vous êtes un padawan du développement, celui\-ci n’a plus de secret pour vous.
   

  

**Description Du Poste**
 Entouré(e) d’une équipe de passionnés, comme vous, vous aurez la charge de :
   

  

* Participer au développement de nouvelles applications et fonctionnalités,
* Participer à la maintenance des solutions,
* Garantir la qualité du code via les tests unitaires et d’intégration,
* Rédiger la documentation technique de vos développements,
* Participer à des projets avec de fortes contraintes techniques, de sécurité et de performances.
* Mise à disposition des composants du Processus pour une mise en production
* Accompagnement des utilisateurs,
* Documentation,
* Gestion de Projet


**PROFIL RECHERCHÉ**
* Vous avez une expérience d’au moins 3 ans en développement Fullstack, idéalement dans un contexte Agile/Scrum.
* Vous parlez couramment français et avez des connaissance en anglais.


 Processus de recrutement
   

  

* Échangez avec un ou une chargée de recrutement pour un premier contact téléphonique
* Rencontrez un ou une Ingénieure d’Affaires (Business Manager) sur vos souhaits d’évolution
* Approfondissez avec nos responsables et directeurs d’agence pour connaître la vision de l'agence


 Selon votre profil, des tests ou entretiens techniques pourront vous être demandés. Tout au long du processus, vous pourrez échanger avec nos consultants pour en savoir \+ sur leur quotidien chez nous !
   

  

 Les petits plus
   

  

 🏠 Télétravail possible 👛 100% des frais de transports en communs pris en charge, des tickets restaurant et une mutuelle haut de gamme 🎁 Un CSE avantageux et des challenges tout au long de l'année ! \#greatplacetolive 📈 Des primes à hauteur des performances de l'année et de l'implication 🎉 250 événements par an pour rencontrer tes collègues et des locaux feel good 📢 Des formations, conférences et une plateforme d'e\-learning avec LinkedIn pour monter en compétences \#greatplacetolearn 👩‍ Des Communautés Métiers et du Mentorat pour partager son expertise et en apprendre sur de nombreux sujets \#greatplacetoshare 🕹️ Une communauté de e\-sport : Extia Gaming ! \#greatplacetoplay 🌏 Envie d’évoluer ? Grâce à notre politique de mobilité interne, explorez de nouvelles opportunités en France ou dans l’un de nos 7 autres pays !","IT Services and IT Consulting","https://fr.linkedin.com/company/extia","https://media.licdn.com/dms/image/v2/D4E0BAQG34mcbgv9tKw/company-logo_100_100/B4EZuNZgK6HUAQ-/0/1767603831881/extia_logo?e=2147483647&v=beta&t=gywXo05MuKXV7KZ60avtrMOT181E5m_Ro96WZne66qA","","","","","","","","","","",""
"li-4467969955","linkedin","https://www.linkedin.com/jobs/view/4467969955","","Développeur PHP Symfony - Lille","Webnet","Lille, Hauts-de-France, France","","fulltime","","","","","",False,"associate","Information Technology","","","Notre pôle PHP c’est :
 


* Intégrer un partenaire de Sensiolabs et sponsor du
 **Symfony Live** 
 depuis plus de 10 ans !
* Rejoindre nos élites au sein d’une des
 **équipes les plus certifiées** 
 de France sur Symfony
* Adhérer à notre plan d’Excellence via nos process de certifications
* Participer activement aux
 **réunions techniques** 
 de pôle, accéder à nos
 **formations internes** 
 (ou en dispenser)
* Participer à nos PHP Contest pointus



  

 Pourquoi nous rejoindre ?
 


* Certifié
 **Great Place To Work** 
 depuis 2018
* Possibilité d’être formé et certifié par Webnet
* Ambiance conviviale avec des
 **évènements** 
 internes récurrents (activités sportives, loisirs etc…) ainsi que la garantie d’un
 **équilibre** 
 entre votre vie privée et professionnelle
* Participation à des
 **challenges** 
 hebdomadaires : Team \#dragondefeu vs \#dragondeglace
* Membre de la charte éthique \& diversité (\+ 15 nationalités représentées) \& Dragon Funding (programme de soutien associatif)



  

 Nos petits \+ :
 



  

 2 types de
 **primes** 
 : de régie et participation
 



  

 Carte ticket restaurant : SWILE (9€ par jour) 🥣
 



  

 Prise en charge à
 **80% des abonnements en transport en commun** 




  

 Des convaincus du
 **télétravail** 




  

 Avantage ancienneté : à partir de 2 ans, Webnet vous rembourse un abonnement quel qu’il soit via des coins qui se cumulent
 



  

 WEBNET c’est : 200
 **collaborateurs** 
 (dragonniers) passionnés avec une expertise de plus de 25 ans en architectures web \& mobile, comme en témoignent les plus de
 **2000 projets d’envergure** 
 à son actif que ce soit sur : PHP / Symfony, JAVA EE, Microsoft .NET, Angular, React, IONIC...).
 



  

 Nous avons à cœur de proposer différentes missions à nos collaborateurs (liberté de choix), tout en vous permettant d’évoluer et d’agrandir votre champ de compétences.
 



  

 C’est au travers de différents suivis et échanges que nous regardons avec vous votre carrière et votre évolution opérationnelles et techniques.
 



  

 Nous savons que les technologies évoluent très rapidement, c’est pourquoi, notre catalogue de formation proposent tous les trimestres, 3 formations minimum autour de nos technos phares, dispensées par nos architectes techniques.
 



  

 Webnet
 **aide également bénévolement des associations éthiques et citoyennes** 
 dans le développement de leur
 **transformation digitale** 
 (programme de mécénat).
 



  

 Afin de rejoindre la
 **DragonForce** 
 , voici notre process, vous échangerez avec différents membres de nos équipes :
 



  

**1/** 
 Mattéo vous contactera directement pour un premier échange
 



  

**2/** 
 L’un de nos architectes du pôle PHP se fera un plaisir de discuter technique avec vous et d’analyser votre test réalisé précédemment
 



  

**3/** 
 Un dernier échange avec Sophie sera organisé afin de finaliser le processus
 



  

 L’adresse de nos locaux : 55 rue de Luxembourg, gare Lille Europe
 



  

 Nous sommes également présents sur : Nantes, Lyon, Paris et Bordeaux.
 



  

 A compétences égales, la candidature d’une personne bénéficiaire de l’obligation d’emploi sera privilégiée
 



  

**Profil recherché :** 




  

 Serez\-vous notre prochain Dragonnier ? Rejoignez notamment Amine, Antoine et André ! Ils sont prêts à accueillir un(e) vrai(e) passionné(e) du développement afin de renforcer notre pôle PHP :
 


* PHP \- Symfony \- ApiPlatform \- ReactJS \+4 ans XP
* PHPStan \- PhpUnit \- SymfonyInsight
* Kafka \- Keycloak
* Kunernetes \- Docker
* Procédures stockées \- SQL
* Environnement Azure



  

 Rémunération : \[33\-37K] Mission 4 jours sur site","IT Services and IT Consulting","https://fr.linkedin.com/company/webnet","https://media.licdn.com/dms/image/v2/C4D0BAQGGo3umDOLnKQ/company-logo_100_100/company-logo_100_100/0/1630509231799/webnet_logo?e=2147483647&v=beta&t=urYlKmJSHMm7STGdpQE08aZgASae8OUI2g-SNO8NbbM","","","","","","","","","","",""
"li-4465966723","linkedin","https://www.linkedin.com/jobs/view/4465966723","","Développeur Java expérimenté (H/F)","Synchrone Fr","","","fulltime","","","","","",False,"mid-senior level","Information Technology","","","**🚀Parlons de votre mission** 




  





 Au sein de Synchrone, société de conseil leader de la transformation digitale, vous êtes en charge du développement d'applications web pour l’un de nos clients.
 



  





 Grâce à des compétences éprouvées dans les
 **langages de programmation Java** 
 , vous :
 



  




* **Concevez et développez des applications web** 
 en utilisant Java Spring Boot,
* **Optimisez les performances, assurez la qualité du code et réalisez des tests,**
* **Automatisez les déploiements** 
 et garantissez le support applicatif pour maintenir la stabilité des systèmes,
* P
 **articipez aux revues de code** 
 , proposez des améliorations et contribuez à la mise en place des bonnes pratiques de développement.



  





**💪 Parlons de vous** 




  





 Pour vous épanouir sur ce poste, vous êtes :
 


* **Passionné par le développement** 
 , avec une expertise avérée dans le domaine,
* Titulaire d'un
 **Bac\+5 en informatique** 
 ,
* Fort d'une expérience de
 **minimum 4 ans** 
 sur un poste similaire,
* Doté d'un
 **esprit d'équipe** 
 , d'un
 **bon relationnel** 
 et d'une grande capacité d'
 **adaptation** 
 ,
* Reconnu pour votre
 **capacité d'analyse** 
 , votre rigueur et votre méthodologie de haute fiabilité.



  





**💻 Parlons de vos compétences** 




  





 Pour vous épanouir sur ce poste, vous êtes à l’aise dans les environnements suivants :
 


* Les technologies et les standards du Web
 **HTML/CSS/API REST** 
 ,



  





 En 2025, Synchrone se transforme et inscrit ses 1 500 collaborateurs au centre d’un projet d’entreprise ambitieux et créateur de valeur pour tous : Impulse Value.
 



 Référencée auprès des plus grands groupes français et internationaux, elle déploie une nouvelle offre de valeur orientée conseil et place la Data, l’IA, la transformation digitale et le Cloud au cœur de son développement.
 



 Nos secteurs de prédilection : Luxe, Banque/Assurance, Retail, Transport, Média \& Télécoms, Energie \& Environnement, Internet \& Software, Industrie \& Services.
 



*ESN engagée, inclusive et handi\-accueillante, Synchrone recrute et reconnait tous les talents !* 




  





*\-\-\-\-\-* 




  




* **Pourquoi nous rejoindre ?**



 Rejoindre Synchrone, c’est être au centre de notre projet d’entreprise
 **Impluse value** 
 . C’est choisir un parcours conseil riche en expériences et un chemin de carrière guidé par la montée en compétences.
 



 C’est impulser sa valeur au cœur d’un écosystème en mouvement, pour soi, pour Synchrone et pour ses clients.
 



  





 ⬆️
 **Level Up** 
 \| Un programme qui dessine une trajectoire carrière claire et concrète : 4 rôles additionnels pour développer ses compétences et son impact, 2 chemins de carrière pour élever sa carrière au niveau supérieur.
 



  





 💼
 **Développement des compétences** 
 \| Un accès à la plateforme e\-learning Udemy Business pour tous nos salariés et des parcours éditeurs en fonction de votre domaine d’expertise.
 



  





 🏅
 **United Heroes x Synchrone** 
 \| Un programme sport \& bien\-être pour s’engager ensemble autour de challenges, sessions de coaching, webinaires (…) via une app dédiée et des récompenses toute l’année.
 



  





**🌎 RSE** 
 \| Un Engagement QVCT (organisation de travail mixte, équilibre pro/perso, diversité…) et Environnemental fort (Top 3% des ESN engagées).
 



  





 💚
 **Avantages RH** 
 \| Prime de participation aux bénéfices et prime de vacances, indemnités de télétravail, Plan Epargne Retraite Entreprise Collectif, …
 



  





**Notre process de recrutement** 




 Sommes\-nous alignés ? Pour en être certains, nous proposons un process de recrutement en 4 étapes clés.
 


* Echange téléphonique
* Entretien RH
* Entretien Technique
* Entretien Directeur de Département



  





***Rencontrons\-nous !***","IT Services and IT Consulting","https://fr.linkedin.com/company/synchrone-fr","https://media.licdn.com/dms/image/v2/D4E0BAQHZji1FcaMEpA/company-logo_100_100/B4EZg7fHAYGUAQ-/0/1753344668029/synchrone_fr_logo?e=2147483647&v=beta&t=wjHQcmWpYIaX4S2wZ0L9FtNRPaUUvAFJtYmCjKspFhw","","","","","","","","","","",""
"li-4466061447","linkedin","https://www.linkedin.com/jobs/view/4466061447","","Ingénieur développeur fullstack Java/Angular - Services Financiers - Angers","Sopra Steria","Angers, Pays de la Loire, France","","fulltime","","","","","",False,"not applicable","Information Technology","","","**Description De L'entreprise**
**Sopra Steria** 
 , acteur majeur de la Tech en Europe, avec 51 000 collaborateurs dans près de 30 pays, est reconnu pour ses activités de conseil, de services et solutions numériques. Il aide ses clients à mener leur transformation digitale et à obtenir des bénéfices concrets et durables. Le Groupe apporte une réponse globale aux enjeux de compétitivité des grandes entreprises et organisations, en combinant une connaissance approfondie des secteurs d’activité et des technologies à une approche collaborative.
   

  

 Sopra Steria place l’humain au cœur de son action et s’engage auprès de ses clients à tirer le meilleur parti du numérique pour construire un avenir positif. En 2025, le Groupe a réalisé un chiffre d’affaires de 5,6 milliards d’euros.
   

  

**Description Du Poste**
**Votre environnement de travail :**
 Et si votre prochain défi professionnel se jouait à Angers, l’un des territoires les plus dynamiques et agréables de France ?
   

  

 Au sein de notre agence angevine en pleine croissance, rejoignez une équipe à taille humaine qui allie proximité, expertise technique et projets à fort impact.
   

  

 La division « Services Financiers » s’est développée autour des métiers de la banque de détail, de la banque privée, des services financiers spécialisés et des assurances. Nous participons à la révolution digitale grâce à notre expertise. Nous accompagnons la transformation de nos clients en y associant nos compétences.
   

  

 Implantée à Angers, notre agence bénéficie d’un environnement stimulant, au cœur d’un bassin reconnu pour sa qualité de vie et son dynamisme économique. Nous y développons des projets innovants pour des clients majeurs, dans un cadre de travail collaboratif et responsabilisant.
   

  

 Intégré(e) au sein d’une équipe Sopra Steria pour un de nos Grands Comptes Bancaires, vous participez à un projet de transformation digitale de grande envergure.
   

  

**Votre rôle et vos missions :**
 Rejoignez une équipe agile de 5 à 15 experts passionnés et participez à la conception de solutions digitales à fort impact métier, sur des architectures modernes et évolutives.
   

  

 Vos missions :
   

  

 Au sein de nos équipes projets, vous intervenez sur l'ensemble du cycle de développement, de la conception jusqu'à la mise en production :
   

  

* Concevoir et développer des fonctionnalités backend et frontend à travers la réalisation des User Stories.
* Participer aux choix d'architecture et aux décisions techniques dans un environnement orienté microservices.
* Réaliser les analyses, estimations de charge et développements en garantissant la qualité, la maintenabilité et la sécurité des applications.
* Contribuer activement à la chaîne d'intégration et de déploiement continu (CI/CD).
* Participer aux revues de code, aux ateliers de conception et aux bonnes pratiques de développement.
* Être force de proposition sur les évolutions techniques et contribuer à l'amélioration continue des produits et des processus.
* Partager vos connaissances et valoriser votre expertise au sein des communautés techniques du groupe.


 Un environnement où la Tech est au centre
   

  

 Chez Sopra Steria, nous investissons fortement dans l'excellence technique à travers notre programme
 **Tech'Me UP** 
 , conçu pour accompagner chaque développeur dans sa progression et son rayonnement.
   

  

**Tech'Me UP, c'est :**
 ✅
 **L'Excellence Technique**
* Software craftsmanship et clean code
* Architecture applicative et microservices
* Algorithmie et performance
* Automatisation des tests et qualité logicielle
* Amélioration continue des environnements de développement


 ✅
 **Le Rayonnement Tech**
* Participation à des conférences et événements techniques
* Animation de communautés internes
* Rédaction d'articles et de billets techniques
* Préparation et présentation de talks en interne comme en externe


 ✅
 **L'Évolution et l'Expertise**
* Parcours de carrière technique valorisé
* Accompagnement vers des rôles d'expert, lead développeur ou architecte
* Reconnaissance des compétences et du leadership technique


 Votre stack technique
   

  

**Backend**
* Java 8 / 11 / 17 / 21
* Spring Boot, Spring Cloud
* API REST
* Architecture microservices


**Frontend**
* Angular (idéalement Angular 15\+)
* TypeScript
* HTML5 / CSS3
* React est un plus


**DevOps \& Qualité**
* GitLab
* CI/CD
* Docker, Kubernetes (apprécié)
* Tests automatisés et qualité de code


**Data \& Intégration**
* Talend
* API et services d'intégration


 L'IA au cœur de nos projets
   

  

 Chez Sopra Steria, l'Intelligence Artificielle est déjà une réalité opérationnelle. Vous aurez l'opportunité d'intervenir sur des projets intégrant des technologies innovantes afin de créer de la valeur concrète pour nos clients :
   

  

* Intégration d'API d'IA générative et de LLM.
* Mise en œuvre de services NLP, OCR et d'analyse documentaire.
* Développement de solutions exploitant les données et les services IA dans le Cloud.
* Contribution à des architectures Data \& IA modernes.


 Une expérience ou une curiosité forte pour les technologies IA constitue un véritable atout.
   

  

 Pourquoi nous rejoindre ?
   

  

* Des projets à forts enjeux techniques et métiers.
* Une culture d'ingénierie valorisant l'expertise et l'innovation.
* Une stack moderne en constante évolution.
* Des communautés techniques actives et reconnues.
* De réelles perspectives d'évolution vers des rôles de Lead Developer, Expert ou Architecte.
* Un environnement favorisant l'apprentissage continu et le partage de connaissances.


**Vous aimez concevoir des solutions robustes, relever des défis techniques et évoluer dans un environnement où la technologie est un véritable levier d'innovation ? Rejoignez\-nous et participez à la construction des applications de demain.**
**Qualifications**
**Votre profil :**
 Vous disposez d’au moins 4 ans d’expérience en tant que développeur, vous possédez de solides compétences techniques dans les stacks techniques back Java et front.
   

  

 Vous avez déjà effectué des missions de conception, expérimentation et mise en œuvre de la structure de l’application avec support aux équipes de développement.
   

  

 Vous avez participé à la mise en œuvre de l’industrialisation, de la CI/CD, recouvrant les aspects de qualimétrie et de sécurité.
   

  

 Vous êtes sensible au software craftmanship, et aux bonnes bonnes pratiques de développement (SOLID, Clean Code).
   

  

 Pour finir, vous êtes diplômé(e) d'une école d'Ingénieur ou d'une formation Universitaire ou équivalent.
   

  

 Vous aimez relever des challenges et participer à la modernisation technologique ainsi qu’à la transformation cloud des systèmes d’information IT ? Alors intégrez une entreprise où règne un esprit entrepreneurial fort et une atmosphère propice à votre évolution : participez sans plus attendre à une transformation durable grâce à une véritable aventure humaine au sein d'un grand groupe international.
   

  

**Informations supplémentaires**
 Informations supplémentaires
   

  

 Un accord télétravail pour télétravailler jusqu’à 2 jours par semaine selon vos missions.
   

  

* Un package avantages intéressant : une mutuelle, un CSE, des titres restaurants, un accord d’intéressement, des primes vacances et cooptation.
* Des opportunités de carrières multiples : plus de 30 familles de métiers, autant de passerelles à imaginer ensemble.
* Plusieurs centaines de formations accessibles en toute autonomie avec Sopra Steria Academy.
* La possibilité de s’engager auprès d’une association grâce à notre plateforme d’engagement citoyen.
* L'opportunité de rejoindre le collectif Tech'Me UP (formations, conférences, veille, et bien plus encore…).


 Employeur inclusif et engagé, notre société œuvre chaque jour pour lutter contre toute forme de discrimination et favoriser un environnement de travail respectueux. C’est pourquoi, attachés à la mixité et à la diversité, nous encourageons toutes les candidatures et tous les profils.
   

  

 https://www.soprasteria.fr/nous\-connaitre/nos\-engagements
   

  

 Employeur inclusif et engagé, notre société œuvre chaque jour pour lutter contre toute forme de discrimination et favoriser un environnement de travail respectueux. C’est pourquoi, attachés à la mixité et à la diversité, nous encourageons toutes les candidatures et tous les profils.
   

  

 https://www.soprasteria.fr/nous\-connaitre/nos\-engagements","Software Development, IT Services and IT Consulting, and Business Consulting and Services","https://fr.linkedin.com/company/soprasteria","https://media.licdn.com/dms/image/v2/D4E0BAQF_0JqR2CRpJw/company-logo_100_100/company-logo_100_100/0/1688571543420/soprasteria_logo?e=2147483647&v=beta&t=-Z1iFS5Flfpz13u7tuuVv3PINIKOucA30K1D8j8kyX4","","","","","","","","","","",""
"in-487271a091f7d89f","indeed","https://fr.indeed.com/viewjob?jk=487271a091f7d89f","https://www.free-work.com/fr/tech-it/job-mission/developpeur-autre-langage-cobol-perl-vba-ruby-shell/lfr-developpeur-full-stack-1885?utm_source=indeed&utm_medium=organic&utm_campaign=indeed_organic_fr_all_fl","[LFR] Développeur Full-Stack - 1885 (IT) / Freelance","iSupplier","Grenoble, ARA, FR","2026-09-16","","","","","","",False,"","","","","Dans le cadre de la modernisation de son architecture d'intelligence artificielle, le client fait évoluer ses capacités de classification d'images et de détection de défauts. Le projet vise à maintenir les capacités de traitement des images électro\-optiques tout en étendant les fonctionnalités aux images microscopiques issues de l'inspection automatique en ligne. La mission contribue à l'amélioration de l'interface utilisateur et à l'automatisation du déploiement des composants applicatifs.  

  

Missions :  

* Développer des interfaces utilisateur pour les fonctionnalités d'apprentissage en IA
* Développer les interfaces utilisateur dédiées aux fonctionnalités d'inférence
* Développer les systèmes back\-office pour l'apprentissage en IA
* Développer les systèmes back\-office pour les fonctionnalités d'inférence
* Mettre en place le déploiement automatisé des applications
* Conteneuriser les applications avec Docker
* Contribuer à l'intégration des composants d'intelligence artificielle dans l'application
* Participer à la modernisation de l'architecture applicative


  

Profil attendu :  

Développeur Full\-Stack disposant d'au moins 2 ans d'expérience en développement d'applications web. Une expérience avec Python FastAPI, Docker, TypeScript et React est attendue. La connaissance des pratiques DevOps et du déploiement automatisé constitue un élément important pour la mission.","","https://fr.indeed.com/cmp/Isupplier","","","","","","","","","","","",""
"in-b552d727e9c693eb","indeed","https://fr.indeed.com/viewjob?jk=b552d727e9c693eb","https://www.free-work.com/fr/tech-it/job-mission/developpeur-front-end-javascript-node-react-angular-vue/developpeur-node-js-backend-senior?utm_source=indeed&utm_medium=organic&utm_campaign=indeed_organic_fr_all_wo","Développeur Node.js Backend Senior","INOV","Paris, A8, FR","2026-09-16","","","","","","",False,"","","","","La mission
  
  

Nous recherchons un développeur Node.js Backend Senior pour renforcer une équipe travaillant sur des APIs REST à fort enjeu.
  
  

**Ce qu'on attend de vous:**  

Node.js ES6\+ maîtrisé, expérience impérative sur les versions récentes (Node 22\+)
  
  

Un framework backend parmi NestJS, Express, Fastify ou Koa
  
  

Conception, développement et sécurisation d'APIs REST JSON
  
  

Tests automatisés systématiques (Jest, Mocha/Chai, Sinon) et suivi de couverture
  
  

Outillage Node (NPM, Nodemon, PM2\), terminal Bash (Linux/Mac)
  
  

Git/GitLab, anglais technique
  
  

5 ans d'expérience significative minimum sur ce type d'expertise
  
  

Bonus appréciés
  
  

SQL/NoSQL (MongoDB, Redis) · ORM Prisma/TypeORM · ElasticSearch · Docker/Docker\-compose · WebSockets/temps réel · OAuth2/JWT/SSO · tests E2E Cucumber/Gherkin · Swagger/Postman
  
  

**Profil candidat:**  

Développeur Node.js Backend Senior, 5 ans d'expérience minimum, à l'aise sur un framework backend moderne (NestJS, Express, Fastify ou Koa), rompu à la conception d'APIs REST sécurisées et aux tests automatisés (Jest).
  
  

**Un plus :** MongoDB, Docker, WebSockets, authentification OAuth2/JWT.","","https://fr.indeed.com/cmp/Inov","","http://www.inov.pt","Lisbon","11 to 50","","","","","","","",""
"in-0110069ab0970213","indeed","https://fr.indeed.com/viewjob?jk=0110069ab0970213","https://www.free-work.com/fr/tech-it/job-mission/developpeur-autre-langage-cobol-perl-vba-ruby-shell/developpeur-cobol-mainframe-12?utm_source=indeed&utm_medium=organic&utm_campaign=indeed_organic_fr_all_fl","Développeur COBOL Mainframe (IT) / Freelance","MLMCONSEIL","Paris, A8, FR","2026-09-16","","","","","","",False,"","","","","Migration et adaptation de programmes COBOL Mainframe de GCOS vers z/OS.
  
  

Analyse de l?existant et réalisation des développements correctifs/évolutifs.
  
  

Participation aux phases de compilation, tests et validation des traitements.
  
  

Analyse des anomalies, débogage et résolution des incidents applicatifs.
  
  

Rédaction de la documentation technique et fonctionnelle.
  
  

**Compétences clés :** COBOL, GCOS, z/OS obligatoires ; REXX important ; TSO/Topaz appréciés. . . . . . . .
  
  

**Profil candidat:**  

Migration et adaptation de programmes COBOL Mainframe de GCOS vers z/OS.
  
  

Analyse de l?existant et réalisation des développements correctifs/évolutifs.
  
  

Participation aux phases de compilation, tests et validation des traitements.
  
  

Analyse des anomalies, débogage et résolution des incidents applicatifs.
  
  

Rédaction de la documentation technique et fonctionnelle.
  
  

**Compétences clés :** COBOL, GCOS, z/OS obligatoires ; REXX important ; TSO/Topaz appréciés.","","https://fr.indeed.com/cmp/Mlmconseil","","","","","","","","","","","",""
"in-688784dbfa4ba692","indeed","https://fr.indeed.com/viewjob?jk=688784dbfa4ba692","https://www.free-work.com/fr/tech-it/job-mission/developpeur-autre-langage-cobol-perl-vba-ruby-shell/developpeur-go-senior-expert-kubernetes?utm_source=indeed&utm_medium=organic&utm_campaign=indeed_organic_fr_all_wo","Développeur Go Senior / Expert – Kubernetes","DATAPY","Levallois-Perret, A8, FR","2026-09-16","","","","","","",False,"","","","","Dans le cadre d?un projet stratégique au sein d?un acteur majeur du secteur bancaire, nous recherchons un Développeur Go Senior / Expert pour rejoindre une équipe en charge du développement et de l?évolution d?une plateforme technique à destination des équipes Data.
  
  

Vous interviendrez sur des sujets de développement backend, d?automatisation et d?industrialisation, avec un fort enjeu autour de Kubernetes, de l?Infrastructure as Code et de la mise à disposition automatisée d?environnements de travail.
  
  

**Votre rôle sera notamment de :**  

Concevoir et développer des solutions robustes en Go ;
  
  

Participer à la conception et à l?évolution de l?architecture de la plateforme ;
  
  

Développer des composants et outils permettant l?automatisation et l?industrialisation des environnements ;
  
  

Travailler sur des problématiques d?Infrastructure as Code (IaC) ;
  
  

Concevoir, configurer et faire évoluer des composants dans des environnements Kubernetes ;
  
  

Participer à l?automatisation de la création et de la gestion d?environnements destinés aux équipes Data ;
  
  

Travailler sur des problématiques de déploiement, orchestration, scalabilité et fiabilité ;
  
  

Contribuer à la mise à disposition de ressources permettant aux équipes Data de développer et entraîner leurs modèles, réaliser leurs analyses et créer des agents IA ;
  
  

Collaborer avec les équipes techniques et les utilisateurs afin de transformer les besoins en solutions concrètes ;
  
  

Participer à l?amélioration continue des outils, frameworks et composants de la plateforme.
  
  

**Profil candidat:**  

Nous recherchons avant tout un profil Senior disposant d?au moins 5 ans d?expérience, avec une solide expertise en développement Go et une véritable maîtrise de Kubernetes.
  
  

**Vous avez :**  

Une très bonne maîtrise de Go et plusieurs années d?expérience sur des projets significatifs ;
  
  

Une expérience concrète sur des problématiques d?Infrastructure as Code et d?automatisation ;
  
  

Une maîtrise avancée de Kubernetes, notamment sur les aspects de paramétrage, configuration et fonctionnement des différents composants ;
  
  

Une bonne compréhension de l?architecture d?un cluster Kubernetes et des interactions entre ses différents composants ;
  
  

Une expérience des architectures conteneurisées et des environnements distribués ;
  
  

Une bonne compréhension des mécanismes réseau et du parcours des requêtes dans un environnement Kubernetes ;
  
  

Une connaissance des mécanismes d?authentification et d?autorisation, notamment OAuth et OIDC ;
  
  

Une bonne compréhension des controllers et operators Kubernetes ;
  
  

La capacité à investiguer des problématiques complexes et à comprendre leur origine ;
  
  

Une réelle capacité à challenger les choix techniques et à proposer des solutions adaptées aux enjeux de la plateforme.
  
  

La connaissance de Kubernetes ne doit pas se limiter à son utilisation : nous recherchons un profil capable de comprendre son fonctionnement, ses mécanismes internes et ses différents objets, et de les exploiter dans des contextes complexes.","","https://fr.indeed.com/cmp/Datapy","","","","","","","","","","","",""
"in-946fdba5c9fb7fdd","indeed","https://fr.indeed.com/viewjob?jk=946fdba5c9fb7fdd","https://recrutement.bpce.fr/job/stage-6-mois-developpeur-full-stack-ia-support-applicatif-f-h","Stage - 6 mois - Développeur Full Stack & IA - Support Applicatif F/H","Natixis","Paris, A8, FR","2026-09-16","internship","","","","","",False,"","","","","**Description de l’entreprise**
-------------------------------

  


Institution financière internationale de premier plan, Natixis Corporate \& Investment Banking met à disposition des entreprises, institutions financières, fonds d’investissement, agences souverains et supranationaux une palette de services en conseil, investment banking, financements, banque commerciale et sur les marchés de capitaux.


Ses équipes d’experts, présentes dans environ 30 pays, conseillent les clients sur leur développement stratégique en les accompagnant dans le développement et la transformation de leurs activités tout en maximisant leur impact positif. Natixis CIB s’engage sur un alignement de son portefeuille de financements sur une trajectoire de neutralité carbone d’ici 2050 tout en aidant ses clients à réduire l’impact environnemental de leur activité.


Natixis CIB fait partie du Groupe BPCE, deuxième groupe bancaire en France à travers les réseaux Banque Populaire et Caisse d’Epargne. Elle bénéficie de la puissance financière et des solides notations du Groupe (Standard \& Poor's : A\+, Moody's : A2, Fitch Ratings: A\+, R\&I : A\+).

**Poste et missions**
---------------------

  

Vous rejoignez nos équipes de production et de support IT des activités Fixed Income, FX et Crédit, qui recherchent un **développeur**, pour un stage de **6 mois** à partir de **janvier 2027**.


Les équipes accompagnent les utilisateurs des salles de marché et assurent le bon fonctionnement des applications nécessaires à leurs activités. Les demandes de support sont aujourd’hui principalement formulées dans plusieurs canaux Microsoft Teams. La multiplication et la fragmentation des échanges rendent difficiles l’identification des nouvelles demandes, le suivi de leur traitement et la garantie qu’aucune sollicitation ne reste sans réponse.


Un POC a été développé afin d’extraire et de structurer les conversations Teams, puis de les analyser à l’aide de l’intelligence artificielle pour identifier les demandes de support. L’objectif du stage est d’industrialiser ce POC afin de le rendre robuste, maintenable et intégrable au système d’information.


Les choix technologiques ne sont pas figés. La solution pourra notamment s’appuyer sur Python, JavaScript ou TypeScript, Node.js et différents frameworks web, selon leur pertinence au regard des contraintes de sécurité, d’intégration, de maintenabilité et d’exploitation.


En collaboration avec votre tuteur, vos missions principales seront :

* Comprendre les activités des équipes de production et de support ainsi que le fonctionnement du POC existant ;
* Définir et mettre en œuvre une architecture permettant d’industrialiser la collecte et l’analyse des conversations Teams ;
* Fiabiliser la détection, le regroupement et la qualification des demandes de support à l’aide de l’intelligence artificielle ;
* Développer les API et les mécanismes d’intégration nécessaires à la création et à la synchronisation des tickets dans ServiceNoW ;
* Concevoir une console web permettant de visualiser, filtrer, assigner et suivre les demandes en temps réel ;
* Mettre en place les tests, la journalisation, la supervision, la gestion des erreurs et l’intégration continue ;
* Documenter la solution et préparer sa prise en charge par les équipes de production et de support.

 **\#FinanceTransformative**  

Vous évoluez dans un environnement international et inclusif, favorisant le collaboratif avec des missions concrètes et un impact réel. Nous vous accompagnerons tout au long de votre expérience chez nous pour que vous puissiez apprendre et développer vos compétences en travaillant aux côtés de professionnels expérimentés.  

Vous avez également la possibilité de vous engager en faveur de la société et de causes qui vous tiennent à cœur via notre fondation d’entreprise.  

En plus d’une indemnité de stage attractive calculée en fonction de votre formation et de votre niveau d’études, vous bénéficiez du remboursement de votre titre de transport à hauteur de 60 %, d’un jour d’absence autorisé payé pour chaque mois travaillé et de l’accès au restaurant de l’entreprise.  

Vous pourrez également avoir accès au comité d’entreprise.

**Profil et compétences requises**
----------------------------------

  

Étudiant de niveau Bac\+4/5 vous preparéz un diplôme (université, école d’ingénieur ou de commerce) avec une spécialisation en informatique.  

  

Vous possédez de solides bases en développement logiciel et maîtrisez au moins un langage tel que Python, JavaScript ou TypeScript.  

Vous souhaitez renforcer vos compétences autour du développement d’API REST, de Node.js ou d’un framework Python, du développement web, des bases de données SQL, de Git, des tests automatisés, de Docker et des chaînes CI/CD.  

Vous portez un intérêt marqué à l’IA générative, aux modèles de langage (LLM) et à leur intégration dans des applications métier.  

Curieux, rigoureux et autonome, vous savez proposer des solutions pragmatiques en tenant compte des enjeux de sécurité, de maintenabilité et d’exploitation.
  

Vous disposez d’un bon relationnel et êtes à l’aise pour collaborer avec les équipes IT, les clients et les équipes de production applicative.  

  

And last but not least, you are perfectly fluent in English.","","https://fr.indeed.com/cmp/Natixis","https://d2q79iu7y748jz.cloudfront.net/s/_squarelogo/256x256/bf69651c672d6253bd53dfa09128a4c8","https://www.natixis.com","Paris","10,000+","$5B to $10B (USD)","At Natixis, we create tailor-made solutions in Asset & Wealth Management and in Corporate and Investment Banking, with over 12,000 employees  in 35 countries. 

","","","","","",""
"li-4458745237","linkedin","https://www.linkedin.com/jobs/view/4458745237","","Développeur Full-Stack Node/ReactJS (F/H)","Groupe SII","Valbonne, Provence-Alpes-Côte d'Azur, France","2026-09-15","fulltime","","","","","",False,"mid-senior level","Engineering and Information Technology","","","Nous recherchons pour notre agence de Sophia Antipolis
 **un(e) Ingénieur(e) en développement Full\-Stack en Node/ReactJS.**
 Rattaché(e) à Un De Nos Projets Dans Le Domaine Du Web, Vous Intégrez Une Équipe De Développeurs, Concepteurs, Analystes Et Experts, Passionnés Par La Technique Et L'innovation. Dans Le Cadre De Ce Projet, Vous Êtes En Charge De
   

  

* Analyser et rédiger des spécifications techniques,
* Participer à la conception et au développement des applications,
* Réaliser le suivi et les reportings projet.


 Diplômé d'un Bac \+ 5 (Grandes Ecoles, Universités), vous justifiez d'au moins
 **3 ans d'expérience** 
 significative dans le développement
 **Full\-stack.**
 Vous êtes curieux(se), investi(e) et surtout passionné(e) par le monde du web. Vous savez travailler en équipe et vous vous intégrez rapidement, vous êtes autonome, organisé(e) et rigoureux(se), bon communiquant et doué(e) du sens de l'écoute.
   

  

**Les Compétences Requises Sont**
* Back : NodeJS
* Front : ReactJS
* MySQL, MongoDB,
* Linux, Apache,


 En tant que
 **collaborateur** 
 , capacité d’adaptation et sens du service sont les deux qualités qui vous permettent de monter en compétence et d’évoluer.
   

  

 Si vous aimez les projets techniques et les challenges,
 **\#Letstechtogether** 
 !
   

  

 Un
 **suivi régulier** 
 et
 **personnalisé** 
 sera effectué par votre ingénieur commercial. Selon vos compétences, vos aspirations et les opportunités, des
 **responsabilités** 
 et des
 **évolutions** 
 vous seront proposées. Nos missions s’inscrivent en partenariat avec nos clients sur la durée. Nous aidons dans la mobilité les nouveaux collaborateurs venant d’une autre région.
   

  

 Créée en 1984 l’agence SII Sophia\-Antipolis est implantée au cœur de la première technopole européenne.
   

  

 Partenaire historique de clients prestigieux tels que Schneider, le Groupe Thales, Orange, Airbus, Amadeus, Air France ou Pro BTP, SII Sophia accompagne également les PME et start\-up de la technopole sur des projets à forte valeur ajoutée.
   

  

 Ses équipes mettent en œuvre un haut niveau d’expertise technique en systèmes d’information, informatique industrielle, technologies web et mobile, intelligence artificielle et infrastructures systèmes et réseaux.
   

  

 Rejoindre SII Sophia, c’est évoluer dans un environnement de travail convivial et stimulant, au sein d’un écosystème qui rassemble plusieurs dizaines de milliers d’actifs, chercheurs et étudiants dans un cadre naturel préservé, propice à l’innovation et à la qualité de vie.
   

  

**Qui sommes\-nous ?**
 Le groupe SII est au cœur de l’innovation au service de grands comptes dans des secteurs d’ingénierie variés. En 2026, pour la 9ème année consécutive, SII France a obtenu le label Great Place To Work®.
   

  

 Ce succès est le reflet de notre culture basée sur notre volonté de proposer à tous nos salariés un cadre de travail épanouissant pour le développement de leurs compétences et carrières.
   

  

 Rejoindre SII, c’est s’engager dans une aventure collective :
 **Let’s Tech Together !**
 Cette promesse représente notre ambition commune : construire un futur technologique ensemble, dans un cadre où l'expérimentation et l'autonomie sont encouragées, où les innovations sont au cœur de nos actions, et où chaque collaborateur trouve épanouissement professionnel et responsabilisation au sein d'un collectif enthousiaste et inclusif.
   

  

 En tant que société à fortes valeurs humaines, nous sommes signataires de la Charte d'engagement LGBT\+ avec l'Association l'autre Cercle et sommes une entreprise Handi\-accueillante.
   

  

 Let’s Tech Together incarne ce que nous sommes et ce que nous aspirons à être : une entreprise dynamique, innovante et humaine. Alors si ces valeurs vous parlent, rejoignez\-nous !","IT Services and IT Consulting","https://fr.linkedin.com/company/sii","https://media.licdn.com/dms/image/v2/C4E0BAQGQikS9Fd-3Kw/company-logo_100_100/company-logo_100_100/0/1631320379623?e=2147483647&v=beta&t=kswbbVTSFv12gfxoKt5daDaK2UqPW-E3wwmaBVLRMOY","","","","","","","","","","",""
"li-4447915227","linkedin","https://www.linkedin.com/jobs/view/4447915227","","Développeur Front-End React H/F","NEXTON","Paris, Île-de-France, France","2026-09-15","fulltime","","","","","",False,"mid-senior level","Information Technology","","","**Qui sommes\-nous ?**





 Rejoindre NEXTON, c'est intégrer une entreprise où convergent l'esprit d'un cabinet de conseil, la créativité d'une Factory et la dynamique d'une ESN ! Grâce à notre expertise, nous accompagnons des clients grands comptes et des pure players tels que SNCF, Orange, et BNP Paribas dans leurs stratégies d'évolution et d'innovation digitale.
   

  





 Fondée en 2011, NEXTON réunit aujourd'hui une équipe de plus de 450 experts spécialisés dans le digital, le design, l'agilité, le produit et le développement. Ensemble, ils créent un écosystème riche en connaissances et en compétences diversifiées.
   

  

  

  




**Description du poste**

**NEXTON** 
 recrute un
 **Développeur Front\-End React H/F,** 
 en
 **CDI,** 
 à
 **Paris !**





**Ton futur environnement de travail :**





 Rattaché(e) à l’un de nos clients grands comptes, tu interviendras sur le
 **développement front\-end** 
 d’applications web, avec une
 **forte expertise en design system**





**Tes missions :**




* Participation aux rituels Agiles
* Analyse et conception du socle projet de référence
* Intégration des maquettes Zeplin au format HTML/CSS
* Développement des fonctionnalités sur React
* Intégration des applications sur CMS AEM
* Participation à la mise en place des bonnes pratiques, à la définition du cadre et des règles de développement avec l’équipe.
* Support et suivi de la recette


**Qualifications**

 Issu(e) d'une formation Bac \+5 minimum à dominante Informatique et développement Web, tu as une expérience
 **d’au moins 4 ans** 
 en développement Front\-End avec une maîtrise des technologies
 **HTML, CSS,** 
**JavaScript.**




 La connaissance de
 **React** 
 est impérative. Tu communiques aisément et efficacement, apprécie la collaboration professionnelle et les échanges au sein des équipes. Tu es rigoureux et persévérant.
   

  






**Compétences techniques requises :**




* **HTML/CSS**
* **React**
* **Design Paterns, POO, tests unitaires, API…**
* **CMS AEM**
* **Outils de versioning (Git), d'intégration continue (Jenkins)**
* **Méthodes Agiles (Scrum, Kanban)**


**Informations supplémentaires**


**Pourquoi choisir NEXTON ?**





 Nous te proposons des avantages et des opportunités pour enrichir ton expérience professionnelle et personnelle tout au long de l'année :
   

  





 ▶ Des communautés dynamiques pour t'accompagner dans ton parcours.
   

  





 ▶ Des Meet Up pour développer tes compétences.
   

  





 ▶ Des formations pour te réinventer et progresser.
   

  





 ▶ Des événements sportifs et festifs pour t'épanouir.
   

  





 ▶ Un forfait mobilité durable pour faciliter ton quotidien et encourager la mobilité douce.
   

  





 ▶ Un téléphone de dernière génération pour rester connecté.
   

  





 Prêt à nous rejoindre ?
 **Rencontrons\-nous !**




 NEXTON","Information Services","https://fr.linkedin.com/company/nexton-group","https://media.licdn.com/dms/image/v2/D560BAQEBDZegfr94RA/company-logo_100_100/B56Z_xJTm4JkAI-/0/1786457176873/nexton_group_logo?e=2147483647&v=beta&t=o5yuMkv5vsfvt8Rh-rEcFg8ovMI2to9O5siqAiwvrec","","","","","","","","","","",""
"li-4465730307","linkedin","https://www.linkedin.com/jobs/view/4465730307","","Développeur Full Stack confirmé H/F","Baker Tilly France","Angers, Pays de la Loire, France","2026-09-14","fulltime","","","","","",False,"associate","Information Technology","","","Baker Tilly, c'est d'abord une société d'expertise, de conseil et d'audit qui accompagne depuis 60 ans les entreprises en France et à l'international. Baker Tilly, c'est surtout une véritable aventure humaine partagée par les 2 200 collaboratrices et collaborateurs de nos 60 bureaux qui savent évoluer, innover et réussir pour gagner la confiance de nos 40 000 clients. Comment ? Par le travail et l'exigence mais aussi par la capacité de chacun à oser saisir les opportunités, proposer ses idées et les mettre en oeuvre. Pour la mission, pour l'ambition, pour mettre à profit vos compétences, vous aussi, osez l'aventure Baker Tilly.
   

  

 Votre mission :
   

  

 Baker Tilly recrute pour sa filiale Baker Tilly Digital, cabinet de conseil en transformation digitale, un Développeur full stack confirmé (H/F) pour développer et maintenir des applications web sur mesure à destination de nos clients.
   

 Ce poste étant évolutif, vous pourrez monter en compétences sur le lead développement et ainsi participer aux choix techniques d'infrastructures.
   

 Au quotidien, vos missions consistent à :
   

 Participer aux choix d'infrastructures ;
   

 Concevoir des solutions techniques innovantes et personnalisées pour les clients ;
   

 Développer et maintenir des applications web en PHP / Symfony et Angular / TypeScript ;
   

 Intégrer les fonctionnalités front\-end et back\-end ;
   

 Assurer la partie DevOps des projets ;
   

 Assurer la bonne installation des solutions chez les clients et former les équipes à leur utilisation ;
   

 Fournir un support technique et recueillir les retours utilisateurs pour améliorer les solutions ;
   

 Participer ponctuellement aux réunions de suivi de projets et collaborer étroitement avec les équipes internes et clients pour garantir la réussite des projets.
   

  

  

  

  

 Pourquoi nous rejoindre?
   

  

 Vivre l'aventure Baker Tilly, c'est rejoindre une entreprise en plein développement où les relations humaines sont au coeur de notre activité.
   

 Dès votre premier jour, un parcours d'intégration personnalisé sera mis en place. 
   

 L'esprit Baker Tilly, c'est vous mettre dans les meilleures conditions dès le départ pour une réussite commune.
   

 Baker Tilly s'engage activement dans une démarche RSE labellisée Lucie 26000, pour le bien de ses salariés et de la société.
   

 Chez nous, l'humain est au coeur de nos priorités. Les salariés bénéficient d'une politique QVCT qui répond aux besoins aux aspirations professionnelles et personnelles (flexibilité du travail, mécénat de compétences, mobilité professionnelle et géographique, expérience à l'international). De plus, nous accordons une importance particulière à l'accueil des personnes en situation de handicap.
   

  

 Avantages :
   

 8 jours de télétravail par mois ;  
   

 Titres restaurant ;  
   

 39h par semaine ;  
   

 23 RTT par an ;  
   

 Horaires variables ;
   

 Compte épargne temps ;      
   

 Formations ;  
   

 Forfait de Mobilité Durable ;  
   

 Prime de cooptation ;  
   

 Un CSE dynamique dans la proposition d'activités sociales diverses et variées et à l'écoute des salariés.
   

  

 Et vous ?
   

  

 De formation Bac \+3 à Bac\+5, vous avez une expérience 3 à 5 ans en développement web et une forte appétence pour le digital.
   

 Maîtrise des outils de développement de type :
   

 PHP 7\.4\+ / Symfony 6\.4\+
   

 TypeScript / Angular 18\+
   

 Maîtrise de l'écosystème Docker (mise en place stack complète)
   

 Notion de tests unitaires
   

 Maîtrise de la CI/CD GitLab
   

 Maîtrise de l'utilisation de l'IA pour l'aide au développement (Claude Code ou autre)
   

 Maîtrise de l'environnement WSL
   

  

 Autonomie, organisation, esprit de synthèse et goût du travail en équipe.
   

 Vous vous reconnaissez ? Alors, postulez !
   

 Osez l'esprit Baker Tilly Digital, soyez audacieux : rejoignez\-nous !
   

  

 Ref 30887684","Accounting","https://fr.linkedin.com/company/bakertillyfrance","https://media.licdn.com/dms/image/v2/D4E0BAQEy6h5NhdO0rQ/company-logo_100_100/B4EZdjfMRqHcAU-/0/1749720811618/bakertillyfrance_logo?e=2147483647&v=beta&t=2ywrGmojfn63cUbtBrYkJdzzArHEFMrRxTvq7l4EY7k","","","","","","","","","","",""
"li-4465781120","linkedin","https://www.linkedin.com/jobs/view/4465781120","","Développeur Full stack (H/F)","Artemys Agil-IT (groupe Artemys)","Rouen, Normandy, France","2026-09-14","fulltime","","","","","",False,"mid-senior level","Engineering and Information Technology","","","**Qui sommes\-nous ?**
 Artemys, acteur de la transformation numérique est une entreprise à taille humaine, avec plus de 30 ans d’expérience composée de plusieurs entités, chacune spécialisée dans leur domaine (Système, data, réseaux/sécu…)
   

  

 Ce qui nous distingue vraiment ? Ce n’est pas de dire que nous valorisons nos collaborateurs, c’est de le montrer chaque jour.
   

  

 Chez Artemys, l’humain est au cœur de tout ce que nous faisons.
   

  

 Nos valeurs, concrètes et vécues au quotidien :
   

  

* Convivialité : travailler dans une bonne ambiance, ça change tout
* Proximité : chaque membre de l’équipe a sa place et sa voix
* Écoute : vos idées comptent autant que votre travail


**Agil\-IT** 
 , située à Isneauville (près de Rouen) est une entité spécialisée en
 **Data, Développement et pilotage de projets IT.** 
 Forte de plus de
 **20 ans d’expertise** 
 , elle accompagne les entreprises, principalement implantées en Normandie dans leur transformation digitale.
   

  

 C’est au sein de cette entité, que se développe notre expertise Data.
   

  

**Chiffres clés :** 
 7,8 M€ de CA \| 65 consultants en 2025
   

  

 Une structure à taille humaine où vos compétences et votre savoir être font la différence.
   

  

 Reconnue pour son exigence technique et ses valeurs humaines, elle est aujourd’hui un acteur clé en offrant des prestations d
 **‘audit** 
 , de
 **conseil** 
 , de
 **mise en œuvre** 
 , de
 **migration** 
 , de
 **support** 
 et des
 **formations** 
 pour diverses clients.
   

  

**Le Contexte De Votre Future Mission**
 Nous recherchons, pour l’un de nos clients basé à
 **Mont\-Saint\-Aignan** 
 , un développeur Full Stack React / Node.js ou Laravel confirmé afin de renforcer une équipe d’une trentaine de développeurs.
   

  

 Vous interviendrez dans un environnement multiprojets, principalement consacré à la création et à la refonte d’applications destinées aux équipes métiers et aux clients externes, majoritairement de grands comptes.
   

  

 Les projets portent notamment sur le développement d’API, d’outils de commande et de ticketing, de solutions de déploiement, d’extranets et de services de gestion documentaire.
   

  

 L’objectif : répondre aux nouveaux besoins des métiers dans un environnement en constante évolution, tout en respectant les exigences fonctionnelles et technologiques des clients.
   

  

 Selon votre expertise back\-end, vous pourrez rejoindre un projet reposant sur un environnement
 **Node.js ou PHP/Laravel** 
 .
   

  

**Votre Mission (si Vous L’acceptez)**
 Au sein d’une organisation Agile structurée autour de chefs de projet techniques, de référents et de leads, vos principales missions seront les suivantes :
   

  

* Concevoir et développer de nouvelles fonctionnalités front\-end avec React.js ;
* Développer et faire évoluer des composants back\-end en Node.js ou PHP/Laravel ;
* Concevoir et maintenir des API REST ;
* Participer à la conception technique et aux choix de solutions ;
* Analyser et corriger les anomalies ;
* Veiller à la qualité, à la fiabilité et aux performances des développements ;
* Contribuer aux revues de code et au partage des bonnes pratiques selon votre niveau d’expérience ;
* Participer aux cérémonies Agile et aux points quotidiens de l’équipe ;
* Contribuer aux mises en production ;
* Rédiger et maintenir la documentation technique ;
* Collaborer avec les équipes techniques et les différents interlocuteurs métiers.


**Le terrain de jeu ?**
* Front\-end : React.js, sur des versions globalement récentes
* Back\-end Node.js : principalement AdonisJS, avec également NestJS
* Back\-end PHP : Laravel
* Bases de données : MariaDB et SQL Server
* API : REST
* Gestion de code : GitLab
* CI/CD : pipelines intégrés à GitLab
* Environnements locaux : Docker


**Le Profil Que Nous Recherchons**
* Vous justifiez idéalement d’environ 5 années d’expérience dans le développement d’applications web
* Vous possédez de solides réalisations avec React.js ainsi qu’une véritable expérience en développement back\-end
* Vous maîtrisez Node.js ou PHP/Laravel. La connaissance des deux environnements constitue un avantage, mais n’est pas indispensable
* Si votre expertise est orientée Node.js, une expérience avec AdonisJS ou NestJS sera appréciée
* Vous êtes à l’aise avec le développement d’API REST et les bases de données relationnelles
* Vous savez intervenir sur l’ensemble du cycle de développement, de la conception jusqu’à la mise en production
* Vous êtes autonome, rigoureux et capable de vous intégrer rapidement dans un environnement multiprojets
* Vous appréciez le travail en équipe et savez communiquer avec des interlocuteurs techniques comme métiers


 Nous recherchons avant tout un développeur disposant de
 **véritables expériences concrètes sur les parties front\-end et back\-end** 
 , qu’il s’agisse d’un profil Full Stack équilibré ou d’un développeur possédant une dominante technique clairement affirmée.
   

  

**Le process pour nous rejoindre : simple et clair !**
* Échange RH : On discute de vos motivations et de l’adéquation avec nos valeurs (promis, pas de robotisation ici).
* Entretien opérationnel : Un échange approfondi pour clarifier vos missions.
* Proposition d'embauche : Si tout colle, on vous accueille officiellement chez Artemys !


**Conditions \& Rémunération**
* 35 000 \- 45 000 € (Selon votre expertise)
* Localisation : Périphérie de Rouen
* Télétravail : 1 journée proposée par semaine


**Sans Négliger Les Avantages Indispensables**
* Carte SWILE (Tickets Restaurant, transports et CE).
* Mutuelle Groupe, Participation Groupe.
* Accompagnement RH, suivi managérial de proximité (Méthode Agile)
* Événements entreprise : Afterworks, Tech Meetups, soirées d’intégration, events sportifs, soirées gaming…


**Bienvenue dans l’aventure ARTEMYS**
 Chez nous, chaque talent compte. Peu importe votre âge, vos origines, votre identité, votre religion ou votre orientation : ce qui nous intéresse, c’est vous et ce que vous avez à apporter. On s’engage à répondre à toutes les candidatures.
   

  

 Et ici, l’inclusion n’est pas qu’un mot : tous nos postes sont ouverts aux personnes en situation de handicap, et on fait tout pour créer un environnement où chacun peut s’épanouir.
   

  

 Prêt, feu, candidatez !
   

  

 Depuis plus de 35 ans, le groupe Artemys accompagne les entreprises dans leurs enjeux de transformation digitale.
   

  

 Sa forte culture d’entreprise alliant exigence technique et valeurs humaines le place aujourd’hui comme un acteur de référence sur le marché du numérique.","IT Services and IT Consulting","https://fr.linkedin.com/company/artemys-agilit","https://media.licdn.com/dms/image/v2/D4E0BAQG_kcZA9SFqvw/company-logo_100_100/B4EZuOkB3iJ4AQ-/0/1767623368569/artemys_agilit_logo?e=2147483647&v=beta&t=IPECNxNWoccj8mWxD-r2hX66jRr4Z_k8qV5xVxvrPwI","","","","","","","","","","",""
"li-4465719325","linkedin","https://www.linkedin.com/jobs/view/4465719325","","Développeur Full Stack confirmé H/F","Baker Tilly France","Cholet, Pays de la Loire, France","2026-09-14","fulltime","","","","","",False,"associate","Information Technology","","","Baker Tilly, c'est d'abord un cabinet d'expertise, de conseil et d'audit qui accompagne depuis 60 ans les entreprises en France et à l'international.
   

  

 Baker Tilly, c'est surtout une véritable aventure humaine partagée par les 2 000 collaboratrices et collaborateurs de nos 60 bureaux qui savent évoluer, innover et réussir pour gagner la confiance de nos 30 000 clients. Comment ? Par le travail et l'exigence mais aussi par la capacité de chacun à oser saisir les opportunités, proposer ses idées et les mettre en oeuvre.
   

  

 Pour la mission, pour l'ambition, pour mettre à profit vos compétences, vous aussi, osez l'aventure Baker Tilly.
   

  

 Votre mission :
   

  

 Baker Tilly recrute pour sa filiale Baker Tilly Digital, cabinet de conseil en transformation digitale, un Développeur full stack confirmé (H/F) pour développer et maintenir des applications web sur mesure à destination de nos clients.
   

 Ce poste étant évolutif, vous pourrez monter en compétences sur le lead développement et ainsi participer aux choix techniques d'infrastructures.
   

 Au quotidien, vos missions consistent à :
   

 Participer aux choix d'infrastructures ;
   

 Concevoir des solutions techniques innovantes et personnalisées pour les clients ;
   

 Développer et maintenir des applications web en PHP / Symfony et Angular / TypeScript ;
   

 Intégrer les fonctionnalités front\-end et back\-end ;
   

 Assurer la partie DevOps des projets ;
   

 Assurer la bonne installation des solutions chez les clients et former les équipes à leur utilisation ;
   

 Fournir un support technique et recueillir les retours utilisateurs pour améliorer les solutions ;
   

 Participer ponctuellement aux réunions de suivi de projets et collaborer étroitement avec les équipes internes et clients pour garantir la réussite des projets.
   

  

  

  

  

 Pourquoi nous rejoindre?
   

  

 Vivre l'aventure Baker Tilly, c'est rejoindre une entreprise en plein développement où les relations humaines sont au coeur de notre activité.
   

 Dès votre premier jour, un parcours d'intégration personnalisé sera mis en place. 
   

 L'esprit Baker Tilly, c'est vous mettre dans les meilleures conditions dès le départ pour une réussite commune.
   

 Baker Tilly s'engage activement dans une démarche RSE labellisée Lucie 26000, pour le bien de ses salariés et de la société.
   

 Chez nous, l'humain est au coeur de nos priorités. Les salariés bénéficient d'une politique QVCT qui répond aux besoins aux aspirations professionnelles et personnelles (flexibilité du travail, mécénat de compétences, mobilité professionnelle et géographique, expérience à l'international). De plus, nous accordons une importance particulière à l'accueil des personnes en situation de handicap.
   

  

 Avantages :
   

 8 jours de télétravail par mois ;  
   

 Titres restaurant ;  
   

 39h par semaine ;  
   

 23 RTT par an ;  
   

 Horaires variables ;
   

 Compte épargne temps ;      
   

 Formations ;  
   

 Forfait de Mobilité Durable ;  
   

 Prime de cooptation ;  
   

 Un CSE dynamique dans la proposition d'activités sociales diverses et variées et à l'écoute des salariés.
   

  

 Et vous ?
   

  

 De formation Bac \+3 à Bac\+5, vous avez une expérience 3 à 5 ans en développement web et une forte appétence pour le digital.
   

 Maîtrise des outils de développement de type :
   

 PHP 7\.4\+ / Symfony 6\.4\+
   

 TypeScript / Angular 18\+
   

 Maîtrise de l'écosystème Docker (mise en place stack complète)
   

 Notion de tests unitaires
   

 Maîtrise de la CI/CD GitLab
   

 Maîtrise de l'utilisation de l'IA pour l'aide au développement (Claude Code ou autre)
   

 Maîtrise de l'environnement WSL
   

  

 Autonomie, organisation, esprit de synthèse et goût du travail en équipe.
   

 Vous vous reconnaissez ? Alors, postulez !
   

 Osez l'esprit Baker Tilly Digital, soyez audacieux : rejoignez\-nous !
   

  

 Ref 30887798","Accounting","https://fr.linkedin.com/company/bakertillyfrance","https://media.licdn.com/dms/image/v2/D4E0BAQEy6h5NhdO0rQ/company-logo_100_100/B4EZdjfMRqHcAU-/0/1749720811618/bakertillyfrance_logo?e=2147483647&v=beta&t=2ywrGmojfn63cUbtBrYkJdzzArHEFMrRxTvq7l4EY7k","","","","","","","","","","",""
"li-4384862403","linkedin","https://www.linkedin.com/jobs/view/4384862403","","Développeur Fullstack .NET / React JS - CDI - Lille - F/H","Logical Conseils","","2026-09-14","fulltime","","","","","",False,"mid-senior level","Information Technology","","","**Contexte du projet** 




 Au sein d'une équipe pluridisciplinaire (Chefs de projet, Développeurs, Testeurs, Experts métiers), vous jouerez un rôle clé dans le cycle de vie complet des solutions de notre client en tant que Développeur Fullstack .NET / React JS.
 



 Votre quotidien alliera la conception de projets ""From Scratch"", le déploiement de nouvelles fonctionnalités et la maintenance évolutive des systèmes existants où la qualité du code est une priorité.
 



  





**Vos Responsabilités** 



* Développer de nouveaux produits
* Garantir la stabilité des applications par des corrections précises et des évolutions performantes.
* Prendre des décisions conformes aux standards du client et partager votre savoir avec l'équipe
* Intégrer les enjeux d'éco\-conception dans vos développements pour des solutions plus durables.



  





**Profil recherché** 




 Nous recherchons un profil complet, capable de jongler entre la création pure et la rigueur du maintien en condition opérationnelle.
 



**Compétences techniques Obligatoires :** 



* **Back\-end :** 
 Maîtrise confirmée de
 **.NET (C\#)** 
 .
* **Front\-end :** 
 Solide background
 **React** 
 .
* **Data \& Environnement :** 
 Maîtrise de
 **SQL** 
 et de l'écosystème
 **Windows** 
 .
* **Versioning :** 
 Usage quotidien de
 **Git** 
 .



  





**Compétences Appréciées** 



* **Cloud \& DevOps :** 
 Azure, AKS (Kubernetes), GitHub Actions.
* **Architecture \& Monitoring :** 
 Microservices, Grafana, OpenTelemetry.
* **Méthodologie :** 
 Agilité (Scrum/Kanban) via Jira.



  





**Notre Entreprise** 




 Logical Conseils est une entreprise des services du numérique basée à Croix dans le Nord, spécialisée dans les nouvelles technologies de l’information.
 



 Notre rôle est de conseiller et accompagner nos clients dans chaque étape de leur transformation IT. Afin de garantir des solutions adaptées à chaque défi, Logical Conseils s’appuie sur plusieurs pôles clés, assurant ainsi un suivi sur mesure et stratégique :
 



  




* Pôle Software engineering : langages et frameworks back\-end et front\-end
* Pôle Data Platform : verticale dédiée aux plateformes de données cloud : GCP/Azure/AWS
* Pôle Data Analytics \& IA : Expertise Data intelligence et IA
* Pôle Data Management : Expertise en Data Gouvernance /MDM
* Pôle Recherche et Développement : Expertise en Data Science



  





 Entreprise à taille humaine, Logical Conseils accompagne les grands comptes de la région. Notre agilité nous permet d'intervenir sur des secteurs variés tels que le Retail, la banque\-assurance, l'industrie, les transports ou encore la grande distribution.
 



  





  





**Nos valeurs** 




 Au\-delà de l’innovation technique et technologique, la véritable innovation à mener dans les entreprises est humaine. Parce\-que l’humain est au coeur de toute ambition de performance, nous renversons la pyramide du management pour placer nos employés en tête des priorités de l’entreprise.
 



 Nous sommes convaincus que leur épanouissement est la clé de la réussite collective.
 



 Cela se traduit par un accompagnement de proximité, une communication transparente, des échanges réguliers avec les managers référents, ainsi qu’un suivi structuré de l’évolution professionnelle.
 



 Nous construisons ensemble votre parcours, rythmé par des formations, des certifications et des missions alignées avec vos objectifs, afin d’assurer une progression solide et en phase avec les technologies innovantes du marché.
 



  





**Pourquoi nous rejoindre ?** 



* Vous évoluerez dans un environnement de travail dynamique et stimulant.
* Vous rejoignez une structure qui valorise l'autonomie et l'excellence technique, offrant un cadre où chaque initiative est encouragée pour faire progresser les projets et l'équipe.



  





  





**Avantages salariés** 
 :
 


* Tickets restaurants : 13€ par ticket
* Remboursement à 100 % des abonnements de transports en commun
* Mutuelle santé avec de hautes garanties
* Prise en charge à 100% de l’assurance Prévoyance
* Comité d'entreprise : Billetterie, cartes cadeaux, loisirs, culture, etc...
* Des évènements réguliers : afterwork, soirée d’agence, activités sportives et associatives, etc...



  





 Prêt(e) à rejoindre une entreprise qui vous accompagnera dans le développement d'une carrière solide ? Postulez ci\-dessous !","Information Technology & Services","https://fr.linkedin.com/company/logical-conseils","https://media.licdn.com/dms/image/v2/D4E0BAQFSSWnczgQtig/company-logo_100_100/B4EZp3AGRtKgAQ-/0/1762933106274/logical_conseils_logo?e=2147483647&v=beta&t=NLSR0ZNcTbizA2dQ8lDox7ZTZOO7sJFdav3tlQ_fm70","","","","","","","","","","",""
"li-4434524307","linkedin","https://www.linkedin.com/jobs/view/4434524307","","Développeur Angular Confirmé (H/F)","Alteca","Montpellier, Occitanie, France","2026-09-14","fulltime","","","","","",False,"associate","Engineering and Information Technology","","","**Montpellier, terre d’innovation et de qualité de vie, vous attend !** 




 Entre French Tech, universités de renom, plages ensoleillées et ambiance méditerranéenne, la ville est un terrain de jeu idéal pour conjuguer carrière et cadre de vie.
 



 Créée en 2017, notre agence, située à proximité de l’aéroport, rassemble une équipe dynamique et à taille humaine, dédiée à des projets SI innovants dans les domaines bancaires, de l’assurance\-mutuelle et des services.
 



  





**TRAVAILLER CHEZ ALTECA** 




*Chez Alteca le management de proximité, le bien\-être et l'évolution de nos collaborateurs sont des priorités qui nous permettent, chaque jour, de proposer la meilleure expertise possible à nos clients.* 




*Et c'est grâce à ces convictions, que nous sommes aujourd'hui référencés auprès de partenaires grands comptes.* 
***(Si vous souhaitez en savoir plus sur Alteca, RDV sur l'onglet ""Qui sommes\-nous ?"").***




**\>** 
 En tant que
 **Développeur Angular Confirmé (H/F),** 
 tu seras rattaché(e) au
 **Pôle Digital.** 
 Ton Manager sera Julien (Responsable du Pôle) ou l'un(e) de ses Référent(e) technique.
 **Interlocuteur privilégié** 
 , il assurera ton
 **intégration** 
 durant tes trois premiers mois dans l'entreprise, ta montée en compétences, tes
 **points de suivi** 
 tout au long de tes missions et tes
 **Entretiens Annuels** 
 .
 



**\>** 
 Tu auras également accès à une
 **communauté technique d'experts** 
 grâce aux nombreux
 **Webinar** 
 organisés tout au long de l'année, tu pourras aussi participer aux
 **projets de notre Centre de R\&D** 
 ou encore assister aux
 **MID'INNO** 
 (présentations de nos collaborateurs sur des thématiques données comme la Green Tech, l'IA).
 



**\>** 
 Rejoindre ALTECA c'est rejoindre une entreprise engagée sur la RSE (labellisée
 **Ecovadis Platinum 2025 et We Impact 2025** 
 ), pour le bien\-être de ses salariés (labellisée
 **HappyAtWork** 
 et classée dans le top 10 des entreprises de \+500 salariés) et dans la formation de ses stagiaires et alternants (labellisée
 **HappyTrainees** 
 pour la 8ème année consécutive).
 



  





***\_\_\_\_\_\_\_\_\_\_\_\_\_\_\_\_\_\_\_\_\_\_\_\_\_\_\_\_\_\_\_\_***




  





 En coordination avec les équipes d'un de nos clients grands comptes, tes missions seront les suivantes
 
 :
 


* **Analyser** 
 (participer à l'analyse détaillée, rédiger les spécifications techniques détaillées, étudier les opportunités et la faisabilité technologique de l'application, analyser les impacts d'une évolution).
* **Concevoir et réaliser les développement** 
 (le développement des applications (BDD, TDD), intervenir sur la partie architecturale de l'application, la rédaction de la documentation des développements effectués, participer aux tests d'intégration, mettre en place l'intégration continue).
* **Effectuer la recette ainsi que la maintenance évolutive et corrective** 
 (intervenir en tant que support lors de la recette métier et sur la maintenance corrective et évolutive).



 Tu seras responsable de la création d'un projet Angular from scratch, en mettant en place les bonnes pratiques de développement.
 



 Tu travailleras dans un environnement Agile, en participant activement aux réunions de planification, de rétrospective et de revue de code.
 



**Stack Technique:** 
**Angular, NodeJS** 
 , Intégration Web (HTML, CSS)
 



  





**Ton profil :** 
 diplômé(e) d'un Bac\+5 en Informatique (Université ou Ecole d'Ingénieur), tu as au moins 3 ans d'expérience sur de l'Angular, tu sais évoluer en environnement Agile.
 



 Ta personnalité : tu es une personne organisée, rigoureux(se), force de proposition, tu disposes d'un bon relationnel et tu aimes le travail en équipe. Tu apprécies et contribues à développer un contexte de travail bienveillant et qui favorise le partage de connaissances. Enfin, tu sais aussi être force de proposition sur les améliorations qualités à apporter.
 



 Type de contrat proposé : temps plein \| Niveau de poste : confirmé
 



  





***\_\_\_\_\_\_\_\_\_\_\_\_\_\_\_\_\_\_\_\_\_\_\_\_\_\_\_\_\_\_\_\_***




  





**Le process de recrutement :** 




 ν Maïwenn te contactera pour un premier échange téléphonique, puis elle te recevra dans le cadre d'un entretien RH.
 



 ν Si cet entretien est validé, tu rencontreras alors Mathieu, le Responsable d'Agence, et/ou le référent technique, pour un entretien technique.
 



  





**NOS AVANTAGES** 




 Transport pris en charge à 75% \| Tickets restaurants pris en charge à 60% \| Mutuelle prise en charge à 60%
 



 10 jours de RTT en plus des 25 jours de CP \| Mode de travail : hybride \| Accès au CSE (billetterie, voyages...)
 



 Des parcours de formations personnalisés (75% de nos collaborateurs ont suivis au moins 1 formation en 2022\)
 



 Votre chance c'est votre talent, la nôtre c'est de le développer : rejoignez\-nous !
 



  





 En tant que signataire de la charte de diversité en entreprise, Alteca favorise un environnement de travail inclusif et respectueux de tous. A compétences égales, tous nos postes sont ouverts aux personnes en situation de handicap.","IT Services and IT Consulting","https://fr.linkedin.com/company/alteca","https://media.licdn.com/dms/image/v2/D4D0BAQEJ44_9Nbw-PA/company-logo_100_100/B4DZ5jSfHjG4AM-/0/1779782251351/alteca_logo?e=2147483647&v=beta&t=DH5QvsFDjt3JxPRX-dHGeaMrG31_uyq7PqSxQcZX4Tk","","","","","","","","","","",""
"li-4465201913","linkedin","https://www.linkedin.com/jobs/view/4465201913","","INGÉNIEUR(E) .NET / Angular","FINELOG-BISEUM","Issy-les-Moulineaux, Île-de-France, France","2026-09-14","fulltime","","","","","",False,"associate","Information Technology","","","Vous êtes diplômé(e) d’une formation en informatique (Bac \+3 à Bac \+5\) et vous avez :
 



  




* Une expérience minimum de 5 ans en tant que développeur dont 3 ans consécutifs dans le développement .Net
* Des compétences bases de données (SQL Server ou Oracle)
* Une bonne connaissance des design pattern client\-serveur, MVC
* Une bonne autonomie



  





 Compétences requises :
 


* C\# .Net sur les Framework .Net 4 ou supérieurs
* Conception de requêtes SQL avancées
* Linq to Entities (Entity Framework)
* Connaissances HTML5 / CSS, Bootstrap, Javascript
* Razor MVC
* Angular
* MAITRISE DU FRANÇAIS OBLIGATOIRE



  





 Compétences appréciées :
 


* Notions d’optimisation d’application et de requêtes SQL
* Jquery, Angular, Javascript avancé
* Notions d’UX web
* Utilisation basique de Power Automate / Power Apps



  





 Vos missions :
 



 · Développer des applications web spécifiques aux besoins des clients, en étant force de proposition sur les méthodes et les solutions à appliquer.
 



  





 Pourquoi nous rejoindre ?
 


* Des missions innovantes chez des clients en région parisienne (Paris et 1ère Couronne)
* Un portefeuille clients avec une bonne notoriété et des secteurs d’activités diversifiés
* 2 Jours de télétravail par semaine
* Possibilité de travailler dans les bureaux de coworking WOJO les plus proches de chez vous
* Salaire attractif avec un package fixe et variable \+ accélérateurs \& des Incentives (apporteurs d’affaires, cooptation)
* Panier repas de 7 euros pris en charge par la société
* 80% des frais de la mutuelle sont pris en charge par la société
* Politique de certifications Microsoft régulières et prises en charge par la société
* Prime 1% vacances
* Mise à disposition de matériels et de l’ensemble des logiciels Microsoft pour travailler sereinement



  





 Rejoignez une société à taille humaine et reconnue Microsoft Solution Partner !
 



 Retrouvez nos actualités sur https://www.linkedin.com/company/finelog
 



  





 Si vous êtes à l’écoute de nouvelles opportunités, n'hésitez pas à postuler !
 



  





 L’entreprise s’engage à garantir un processus de recrutement équitable, transparent et accessible à l’ensemble des candidats. Toutes les opportunités d’emploi sont publiées sur des canaux de recrutement ouverts et reposent sur des critères objectifs liés aux compétences, à l’expérience professionnelle et à l’aptitude à occuper le poste. Les candidatures sont évaluées selon des critères identiques pour tous les candidats, sans distinction d’origine, de sexe, d’identité de genre, d’âge, de situation familiale, de handicap, de nationalité, de religion, d’orientation sexuelle ou de toute autre caractéristique protégée par la loi.
 



  





 Afin de favoriser l’égalité des chances, l’entreprise veille à rédiger des offres d’emploi inclusives, à utiliser des processus de sélection standardisés et à sensibiliser les personnes impliquées dans le recrutement aux risques de biais conscients et inconscients. Les entretiens portent exclusivement sur les compétences, les qualifications et l’adéquation du candidat avec les exigences du poste.","IT Services and IT Consulting","https://fr.linkedin.com/company/finelog","https://media.licdn.com/dms/image/v2/C4E0BAQHUtIrzhrL1KQ/company-logo_100_100/company-logo_100_100/0/1672757868589?e=2147483647&v=beta&t=TCqOcXgI8sx494730bJUpnzFoN_8XJmzexpmA7X53tk","","","","","","","","","","",""
"li-4465988406","linkedin","https://www.linkedin.com/jobs/view/4465988406","","Développeur WEB full stack  X/ F/H","HOUSE OF ABY","Nancy, Grand Est, France","","fulltime","","","","","",False,"entry level","Engineering","","","Au sein d’un environnement où les projets digitaux se construisent avec exigence, sens du service et goût du concret, ce poste de Développeur Web Full Stack s’adresse à un profil capable de prendre part à des réalisations utiles, structurées et orientées résultats. Vous interviendrez sur des applications web de bout en bout, avec une attention particulière portée à la qualité du code, à la fiabilité des livrables et à la fluidité des échanges avec les différentes parties prenantes. Dans cette mission, l’objectif n’est pas seulement de développer des fonctionnalités, mais de contribuer à des solutions robustes, compréhensibles et durables, en gardant toujours à l’esprit les priorités du client final. Vous évoluerez dans une logique de co\-construction, où l’intelligence collective, la curiosité technique et l’envie de proposer des approches pertinentes permettent d’avancer ensemble vers des résultats tangibles. Cette opportunité s’inscrit dans un cadre où l’on valorise l’autonomie, la rigueur et la capacité à s’adapter à des contextes variés.
 



  




* Concevoir, développer et maintenir des applications web full stack de bout en bout.
* Participer à l’analyse des besoins techniques et fonctionnels avec les équipes projet et les interlocuteurs métier.
* Développer des interfaces web ergonomiques et des services back\-end fiables, performants et évolutifs.
* Contribuer à la rédaction de la documentation technique et à la bonne compréhension des choix d’architecture.
* Assurer les corrections, évolutions et optimisations nécessaires tout au long du cycle de vie des applications.
* Prendre part aux revues de code, aux tests techniques et aux actions d’amélioration continue.
* Collaborer avec les autres membres de l’équipe dans une logique de partage, de qualité et de progression commune.
* Veiller au respect des bonnes pratiques de développement, de sécurité et de maintenabilité.


**​** 

 Pour réussir dans cette fonction, nous recherchons avant tout un Développeur Web Full Stack capable de conjuguer maîtrise technique, autonomie et esprit de collaboration. Vous disposez d’une expérience de 2 à 5 ans en développement web, avec une solide
 **maîtrise de PHP et du framework Symfony** 
 . Vous intervenez aussi bien sur les développements back\-end que sur les sujets front\-end, et êtes à l’aise pour concevoir, faire évoluer et maintenir des applications web.
 



 Vous savez analyser un besoin, proposer des solutions techniques adaptées et prendre en charge vos développements jusqu’à leur mise en production. Au\-delà des compétences techniques, nous accordons une attention particulière à votre capacité à travailler en équipe, à communiquer clairement avec les différents interlocuteurs et à faire preuve de rigueur dans le suivi des projets. Votre curiosité, votre autonomie et votre intérêt pour les bonnes pratiques de développement seront des atouts pour réussir dans cette mission.
 



  




* Formation supérieure en informatique, développement logiciel ou domaine équivalent.
* Expérience confirmée de 2 à 5 ans en développement web Full Stack.
* Maîtrise de PHP et du framework Symfony.
* Solides connaissances en HTML, CSS et JavaScript.
* Expérience avec un framework ou une technologie front\-end moderne (React, Angular, Vue.js ou équivalent).
* Bonne maîtrise des API REST, des bases de données relationnelles et du langage SQL.
* Connaissance des bonnes pratiques de développement : architecture, conception, versioning avec Git, revue de code et tests.
* Capacité à intervenir sur l’ensemble du cycle de développement : conception, développement, tests, maintenance et correction d’anomalies.
* Autonomie, rigueur et bonnes capacités d’analyse et de résolution de problèmes.
* Esprit d’équipe, sens du service et aisance dans la communication avec les différents interlocuteurs.
* La connaissance de Docker, CI/CD ou des pratiques DevOps constitue un plus.



  




**​** 

 Le salaire proposé pour ce poste se situe entre 37 000 € et 45 000 € brut par an, selon votre expérience et vos qualifications.
 


**​** 
**HOUSE OF ABY :** 
 un terrain de jeu unique pour nos talents !
   

  

 Le Groupe HOUSE OF ABY rassemble 10 marques complémentaires au sein d’un même écosystème, couvrant des secteurs variés tels que l’aéronautique, le digital, le nucléaire, le pharmaceutique, le ferroviaire et l’infrastructure... Cette diversité fait de HOUSE OF ABY un véritable terrain de jeu professionnel, offrant à nos consultants et Business Partners l’opportunité d’évoluer dans des environnements, métiers et projets aux enjeux multiples.
   

  

 Grâce à cette organisation multi\-marques, chacun peut construire un parcours sur mesure, développer ses expertises, explorer de nouveaux domaines et intervenir sur des projets à forte valeur ajoutée.
   

  

 Rejoindre HOUSE OF ABY, c’est intégrer un Groupe en mouvement, qui fait confiance à ses équipes et leur offre les moyens de performer, grandir et réussir.
   

  

 ✅
 **ABYLSEN** 
 est une société de conseil en ingénierie qui accompagne ses clients dans la réalisation de leurs projets technologiques grâce à des consultants experts. Leur mission : apporter expertise, innovation et capacité d’exécution.
   

 Depuis plus de 20 ans, Abylsen s’impose comme un acteur majeur du conseil en ingénierie en Europe. Abylsen accompagne plus de 660 clients dans leurs projets industriels, digitaux et opérationnels.
   

  

**Nos domaines d’expertise :** 
* R\&D
* Production \& opérations
* Digital \& IT
* Industrialisation
* Validation \& tests
* Maintenance \& sûreté


**Nos secteurs d’activité :** 
 ⚡ Énergie ✈️ Aéronautique, Spatial \& Défense 🚗 Automobile 🧬 Life Sciences 🏗 BTP \& Infrastructures ⚙️ Industrie lourde 📡 IT \& Télécommunications 💼 Banque, Finance \& Assurance
   

  

 Égalité des chances
 * Aucune barrière ne doit freiner le talent ! Engagé pour l’égalité des chances, notre Groupe s’inscrit dans une démarche inclusive : chaque poste est ouvert à toutes et tous, et nous soutenons activement l’intégration des personnes en situation de handicap.","Accounting, Airlines and Aviation, and Alternative Medicine","https://fr.linkedin.com/company/houseofaby","https://media.licdn.com/dms/image/v2/D4E0BAQHzgLMIyXR31A/company-logo_100_100/company-logo_100_100/0/1738317100806/houseofaby_logo?e=2147483647&v=beta&t=Ces5sCsYjVuKfRMIslHr8azgExLrtNmFEvPpzamgX-0","","","","","","","","","","",""
"li-4467969819","linkedin","https://www.linkedin.com/jobs/view/4467969819","","Développeur fullstack Symfony/VueJS","Kalitics","Marseille, Provence-Alpes-Côte d'Azur, France","","fulltime","","","","","",True,"entry level","Engineering and Information Technology","","","**Qui sommes\- nous ?** 




 Kalitics, c'est le logiciel de gestion nouvelle génération dédié aux entreprises du Bâtiment et
 



 des Travaux Publics.
 



 Déjà adoptée par plus de 500 clients, notre solution accompagne les acteurs du terrain dans
 



 leur quotidien avec efficacité et simplicité.
 



 Derrière Kalitics, c'est une équipe d'une trentaine de personnes, engagée et en pleine
 



 croissance.
 



  





**L'ambiance ?** 




 Un esprit startup dynamique, une équipe jeune, à la fois exigeante et bienveillante. Ici,
 



 chacun a un vrai rôle à jouer : vous prenez des responsabilités dès le premier jour, avec un
 



 impact concret sur le produit et la satisfaction de nos clients.
 



 Vos missions
 



 Tu travailleras sur une application métier pour BTP, déjà fonctionnelle avec plus d’une
 



 dizaine de milliers d’utilisateurs ! Ton travail aura un impact direct sur l’utilisateur.
 


* Concevoir et développer des applications web robustes et performantes.
* Travailler sur l'ensemble du cycle de vie du projet : back\-end, front\-end, déploiement,



 maintenance.
 


* Collaborer avec les équipes produit et design pour créer des interfaces utilisateur



 intuitives.
 


* Proposer des solutions innovantes pour améliorer les performances.
* Utilisation quotidienne de l’IA.



*Cette liste de missions est non exhaustive et pourra évoluer en fonction des besoins et de* 




*votre montée en compétences.* 




  





**Le profil qu'on recherche** 




 Tu es passionné par le code et as envie de relever des défis techniques !
 


* Solide expérience (\+ 4 ans) en développement web fullstack.
* Maîtrise des technologies suivantes : Symfony, Vue JS, JavaScript, HTML/CSS,



 PHP, MySQL.
 


* Capacité à résoudre des problématiques complexes et à prendre des décisions



 techniques.
 


* Esprit d'équipe, autonomie et envie de faire avancer les choses.
* Appétence pour l’IA.



  





**Ce qu'on offre** 



* Mutuelle entreprise prise en charge à 100%.
* Primes sur performances.
* Horaires flexibles.
* Évolution salariale attractive liée à vos résultats.
* Formation complète à notre logiciel et aux métiers du BTP.



  





**Rémunération :** 
 De 35 000 € à 55 000 € brut annuel (selon expérience)
 



  





 Notre processus de recrutement est simple ! Un premier échange de pré\-qualifications, suivi
 



 d'un entretien avec votre futur manager, puis d'une rencontre avec la direction.
 



 Envie de nous rejoindre ? Postulez directement ici ou découvrez notre univers sur
 



 kalitics.com
 



  





 Type d'emploi : Temps plein, CDI
 



  





**Localisation :** 
 Poste basé à
 **Marseille** 
 (présence sur site requise, ce poste n'est pas ouvert au full remote).","Software Development","https://fr.linkedin.com/company/kalitics","https://media.licdn.com/dms/image/v2/D4E0BAQE3bVLNmm71xw/company-logo_100_100/B4EaCf2b8aI0AM-/0/1789388242942/kalitics_logo?e=2147483647&v=beta&t=YacXfcu2__GPJadvimACt1DXIdVFIGdNkwHPGeDMSd4","","","","","","","","","","",""
"li-4467771835","linkedin","https://www.linkedin.com/jobs/view/4467771835","","Développeurs Front-End Angular Juniors","Free-Work","Grenoble, Auvergne-Rhône-Alpes, France","","fulltime","","","","","",False,"entry level","Engineering and Information Technology","","","Contexte
   

  

 Dans le cadre de la constitution d'une équipe dédiée au développement d'un nouveau composant Front\-End Angular, notre client recherche deux développeurs Angular Juniors.
   

  

 L'équipe sera composée de :
   

  

 1 Développeur Angular Senior / Lead
   

  

 2 Développeurs Angular Juniors
   

  

 Les deux profils juniors participeront au développement des fonctionnalités Front\-End, à l'intégration avec les services existants et à la maintenance évolutive.
   

  

 Au moins un des deux profils juniors est idéalement attendu avec une première expérience significative en Java / Full Stack, afin de faciliter les échanges avec le Back\-End Java existant et d'intervenir ponctuellement côté serveur si nécessaire.
   

  

 Description du poste
   

  

 En tant que Développeur Angular Junior, vous participez au développement et à l'évolution d'un composant Front\-End stratégique.
   

  

 Vous travaillez au sein d'une équipe encadrée par un Lead Angular, dans un environnement technique moderne, avec une forte exposition aux bonnes pratiques de développement, à la qualité logicielle et au travail collaboratif.
   

  

 Vous intervenez sur le développement de composants Angular, l'intégration avec les API existantes, la correction d'anomalies et la maintenance évolutive. Le poste offre une réelle opportunité de montée en compétence sur Angular et, pour l'un des profils, sur une dimension Full Stack avec Java.
   

  

 Missions principales
   

  

 Développement Front\-End
   

  

 Développer des composants et fonctionnalités en Angular
   

  

 Participer à la création d'interfaces en TypeScript, JavaScript, HTML et CSS
   

  

 Contribuer à la structuration du Front\-End dans le respect des standards définis par le lead
   

  

 Produire un code propre, lisible et maintenable
   

  

 Intégration avec le Back\-End
   

  

 Intégrer le Front\-End avec les API REST et services existants
   

  

 Comprendre les échanges entre le Front\-End Angular et le Back\-End Java
   

  

 Participer au diagnostic des anomalies d'intégration
   

  

 Pour le profil disposant d'une compétence Full Stack : intervenir ponctuellement sur le Back\-End Java existant
   

  

 Maintenance et qualité
   

  

 Corriger les anomalies
   

  

 Participer à la maintenance corrective et évolutive
   

  

 Contribuer aux tests, à la validation et aux revues de code
   

  

 Participer à la documentation technique
   

  

 Monter progressivement en autonomie sur les pratiques projet et sur l'écosystème Angular
   

  

 Travail en équipe
   

  

 Collaborer avec le lead technique et l'autre développeur junior
   

  

 Participer aux activités de l'équipe dans un cadre Agile
   

  

 Intégrer les retours des revues de code et progresser sur les bonnes pratiques
   

  

 Partager les connaissances et contribuer à la dynamique collective
   

  

 Environnement technique
   

  

 Front\-End : Angular, TypeScript, JavaScript, HTML, CSS
   

  

 Intégration : API REST, Git
   

  

 Back\-End : Java (services et API existants)
   

  

 Pratiques : Agile, tests unitaires, revues de code, intégration continue / CI\-CD
   

  

 Profil candidat:
   

  

 Expérience
   

  

 Profil 2 : 1 à 3 ans d'expérience
   

  

 Profil 3 : 1 à 4 ans d'expérience
   

  

 Première expérience significative en développement Angular
   

  

 Les expériences en alternance, stage long ou premier CDI peuvent être prises en compte si elles sont techniquement solides
   

  

 Compétences techniques communes aux 2 profils
   

  

 Bonne maîtrise d'Angular
   

  

 Bonne maîtrise de TypeScript
   

  

 Bonne compréhension de JavaScript, HTML et CSS
   

  

 Expérience en développement d'applications Web
   

  

 Bonne compréhension de l'intégration d'API REST
   

  

 Bonne pratique de Git
   

  

 Sensibilité à la qualité de code, à la performance et à la maintenabilité
   

  

 Compétences attendues pour le profil à dominante Full Stack
   

  

 Première expérience significative en Java
   

  

 Bonne compréhension des échanges Front / Back
   

  

 Capacité à intervenir ponctuellement sur les composants Back\-End Java
   

  

 Compréhension globale d'une architecture applicative Web
   

  

 Qualités professionnelles recherchées
   

  

 Autonomie progressive
   

  

 Rigueur
   

  

 Esprit d'équipe
   

  

 Curiosité technique
   

  

 Capacité d'apprentissage
   

  

 Sens de la qualité
   

  

 Bonne communication
   

  

 Envie de progresser dans un cadre technique structuré
   

  

 Distinction attendue entre les deux profils juniors
   

  

 Profil 2 — Développeur Angular Junior
   

  

 1 à 3 ans d'expérience
   

  

 Dominante Front\-End Angular
   

  

 Bon niveau de base sur Angular, TypeScript, HTML/CSS, JavaScript
   

  

 Capacité à évoluer rapidement sous l'encadrement du lead
   

  

 Profil 3 — Développeur Angular Junior / Full Stack Java
   

  

 1 à 4 ans d'expérience
   

  

 Dominante Angular, avec première expérience Java significative
   

  

 Capacité à faciliter les interactions avec le Back\-End
   

  

 Peut intervenir ponctuellement sur des sujets Back\-End Java en complément du Front\-End","Technology, Information and Internet","https://fr.linkedin.com/company/free-work-com","https://media.licdn.com/dms/image/v2/C4E0BAQF5W6yWMv4fbA/company-logo_100_100/company-logo_100_100/0/1658140275330/freelance_info_logo?e=2147483647&v=beta&t=mh0PNzZpvPFVBlsWGxDJEcnuyS14aH5WkKI0MxDEzik","","","","","","","","","","",""
"li-4466207539","linkedin","https://www.linkedin.com/jobs/view/4466207539","","Développeur FULLSTACK (Web) H/F","ISAGRI","Toulouse, Occitanie, France","","fulltime","","","","","",False,"entry level","Information Technology","","","**À propos de nous**
 Le Groupe ISAGRI (3300 collaborateurs, 365 M€ de Chiffres d'Affaires, 12 filiales à l'international) est le 1er éditeur européen de logiciels pour le monde agricole et comptable et l'acteur majeur de l'information agricole (Groupe France Agricole, Terre\-net Média).
   

  

 Classée depuis 10 ans au Palmarès Great Place to Work®, ISAGRI fait partie des meilleures entreprises en France où il fait bon travailler.
   

  

**Mission**
 Rattaché au responsable du pôle développement C2J, vous avez la charge du développement des applications métier (InfoOga, Alvéa, PJM, …).
   

  

 Votre mission principale consiste à analyser, planifier, développer, livrer et exploiter (support compris) des applications/évolutions applicatives en contribuant à leur qualité ainsi qu'à leur performance.
   

  

 Ces applications / évolutions applicatives sont déployées à une échelle d’utilisation d’environ 50 000 personnes par mois.
   

  

**Profil**
 De formation supérieure (Bac \+2, Bac \+3\) en informatique, vous justifiez de 2 à 5 ans d’expérience.
   

  

**Compétences Requises**
* Framework
* LARAVEL
* SVELTE
* Langages
* PHP
* JS
* HTML
* SQL / POSTGRE
* APACHE / LINUX
* GIT


**Compétences Facultatives Appréciées**
* DOCKER
* PHP Unit / Vitest/Playwright
* Python
* CI/CD


 Autonome et rigoureux, vous avez un goût prononcé pour le travail en équipe et l’envie de progresser.
   

  

 La qualité de votre travail et la satisfaction client sont des valeurs essentielles pour vous.
   

  

 La lecture de l’anglais et un bon niveau en orthographe est souhaité.
   

  

**Vos évolutions**
 La Politique RH Vous Garantit Un Accompagnement Régulier Pour Vous Faire Progresser Et Évoluer Vers De Nouvelles Missions En Fonction De Votre Projet. Rejoindre Notre Groupe, C’est La Garantie D’une Formation Continue, D’un Plan De Carrière Personnalisé Et D’un Management De Proximité. Selon Votre Profil Et Vos Aspirations, Vous Pourrez Évoluer Vers
   

  

* Le management d'une équipe d'analystes programmeurs
* L'expertise technique.


**Conditions proposées**
 Poste en CDI basé à Toulouse à pourvoir dès que possible
   

  

 Rémunération : Fixe \- Intéressement \- Participation.
   

  

 Possibilité de bénéficier de notre cellule d'aide au logement
   

  

 Dans le cadre de sa politique RH, ISAGRI étudie, à compétences égales, toutes candidatures dont celles de personnes en situation de handicap.
   

  

 ISA\-RECRUT1
   

  

 Référence de l'offre : eipo0zmpbp","Software Development","https://fr.linkedin.com/company/isagri","https://media.licdn.com/dms/image/v2/D4E0BAQHtZJ73-cpqKg/company-logo_100_100/company-logo_100_100/0/1707296521725/isagri_logo?e=2147483647&v=beta&t=4rOsNs-7pWzpmr-MVfoufLEXLmEFAg1ourEIrfbitfk","","","","","","","","","","",""
"li-4403498085","linkedin","https://www.linkedin.com/jobs/view/4403498085","","Développeur Front-End Angular Senior H/F","Inetum","La Chapelle-sur-Erdre, Pays de la Loire, France","","fulltime","","","","","",False,"not applicable","Information Technology","","","**Description De L'entreprise**
 Inetum est un leader européen des services numériques. Pour les entreprises, les acteurs publics et la société dans son ensemble, les 28 000 consultants et spécialistes du groupe visent chaque jour l'impact digital : des solutions qui contribuent à la performance, à l'innovation et au bien commun.
   

  

 Présent dans 19 pays au plus près des territoires, et avec ses grands partenaires éditeurs de logiciels, Inetum répond aux enjeux de la transformation digitale avec proximité et flexibilité.
   

  

 Porté par son ambition de croissance et d'industrialisation, Inetum a généré en 2023 un chiffre d'affaires de 2, 5 milliards d'€.
   

  

 Pour répondre à un marché en croissance continue depuis plus de 30ans, Inetum a fait le choix délibéré de se recentrer sur 4 métiers afin de gagner en puissance et proposer des solutions sur mesure, adaptées aux besoins spécifiques de ses clients : le conseil (Inetum Consulting), la gestion des infrastructures et applications à façon (Inetum Technologies), l'implémentation de progiciels (Inetum Solutions) et sa propre activité d'éditeur de logiciels (Inetum Software). Inetum a conclu des partenariats stratégiques avec 4 grands éditeurs mondiaux \- Salesforce, ServiceNow, Microsoft et SAP et poursuit une stratégie d'acquisitions dédiée afin d'entrer dans le top 5 européen sur ces technologies et proposer la meilleure expertise à ses clients.
   

  

 Tous nos postes sont ouverts aux personnes en situation de handicap.
   

  

**Description Du Poste**
 Nous recherchons un Développeur Front\-End Angular Senior pour rejoindre notre équipe dynamique à Nantes. En tant que Développeur Front\-End, vous serez responsable de la création, de l'optimisation et de la maintenance de nos applications web. Vous travaillerez en étroite collaboration avec nos équipes de développement, de design et de produit pour offrir des solutions innovantes et performantes qui répondent aux besoins de nos utilisateurs.
   

  

**Responsabilités**
* Développer des interfaces utilisateur interactives et réactives en utilisant Angular.
* Collaborer avec les designers pour transformer les maquettes en composants fonctionnels.
* Optimiser les performances des applications web pour garantir une expérience utilisateur fluide.
* Assurer la compatibilité des applications avec différents navigateurs et appareils.
* Mettre en œuvre les meilleures pratiques en matière de développement web, y compris l'accessibilité et la sécurité.
* Participer aux revues de code et fournir des retours constructifs aux autres membres de l'équipe.
* Rester à jour avec les dernières tendances et technologies en matière de développement front\-end.


**Qualifications**
* Expertise en développement front\-end avec Angular.
* Solides compétences en HTML et CSS.
* Connaissance approfondie des principes d'accessibilité web et des normes WCAG.
* Expérience avec les outils de versionnement de code tels que Git.
* Capacité à travailler de manière proactive et à résoudre les problèmes de manière efficace.
* Bon état d'esprit, capacité à collaborer et à communiquer efficacement avec les autres membres de l'équipe.
* L'expérience avec les tests unitaires et les tests d'intégration est un plus.


**Profil Recherché**
* Vous êtes passionné par le développement web et avez un fort intérêt pour l'expérience utilisateur.
* Vous êtes autonome, rigoureux et avez un excellent sens du détail.
* Vous aimez travailler en équipe et êtes capable de vous adapter rapidement aux changements.
* Vous avez une expérience significative en développement front\-end et êtes à l'aise avec les technologies modernes.","IT Services and IT Consulting","https://fr.linkedin.com/company/inetum","https://media.licdn.com/dms/image/v2/D4E0BAQGXCWtYPQqNWA/company-logo_100_100/B4EZwJQyCRGsAU-/0/1769681920574/inetum_logo?e=2147483647&v=beta&t=5sG2DyVRwIHFdtPDZGz9rUCFubhAoUF7mcR9e9W3ei8","","","","","","","","","","",""
"li-4467785786","linkedin","https://www.linkedin.com/jobs/view/4467785786","","3 Développeurs Angular Juniors (1 à 4 ans)Sur Grenoble","Free-Work","Grenoble, Auvergne-Rhône-Alpes, France","","fulltime","","","","","",False,"mid-senior level","Engineering and Information Technology","","","Almatek recherche pour l'un de ses clients, 3 Développeurs Angular Juniors (1 à 4 ans)Sur Grenoble.
   

  

 CONTEXTE
   

  

 Dans le cadre du développement d'un nouveau composant Front\-End à fort enjeu technique, une équipe de trois
   

  

 développeurs est constituée autour du framework Angular. L'objectif est d'assurer à la fois la capacité de
   

  

 développement, la montée en compétence des profils les plus juniors et la maîtrise technique du composant. L'équipe
   

  

 s'organise autour d'un profil Angular très expérimenté, accompagné de deux développeurs Angular juniors, dont au
   

  

 moins un capable d'intervenir également sur le Back\-End Java. Le Back\-End étant déjà disponible en Java, le besoin
   

  

 porte principalement sur la conception et le développement du Front\-End Angular ainsi que sur son intégration avec
   

  

 les services Back\-End existants.
   

  

 Développer des composants et fonctionnalités en Angular.
   

  

* Intégrer les interfaces avec les API et services Back\-End existants.
* Corriger les anomalies et participer à la maintenance évolutive.
* Participer aux tests, à la validation, aux revues de code et aux activités de l'équipe.
* Monter progressivement en autonomie sur Angular et sur les pratiques du projet.


 ENVIRONNEMENT TECHNIQUE
   

  

* Front\-End : Angular (indispensable pour les 3 profils), TypeScript, HTML/CSS, JavaScript.
* Intégration : API REST, Git.
* Back\-End : Java (API et services existants).
* Pratiques : développement Agile, tests unitaires, revue de code, intégration continue (CI/CD).


 aux 3 profils
   

  

* Très bonne maîtrise d'Angular et bonne maîtrise de TypeScript.
* Bonne compréhension de JavaScript, HTML et CSS.
* Expérience du développement d'applications Web et de l'intégration d'API REST.
* Bonne pratique de Git et sensibilité qualité / performance / maintenabilité.


 Spécifiques au profil Full Stack:
   

  

* Expérience significative en développement Java.
* Bonne compréhension des architectures Front\-End / Back\-End et de la consommation d'API Java.
* Capacité à intervenir sur les deux couches.


 QUALITÉS PROFESSIONNELLES
   

  

* Autonomie et rigueur.
* Esprit d'équipe et collaboration.
* Curiosité technique et capacité d'apprentissage.
* Sens de la qualité et aisance à communiquer sur des sujets techniques.
* Pour le profil Senior : leadership technique et capacité de transmission.


 Profil candidat:
   

  

 Almatek recherche pour l'un de ses clients, 3 Développeurs Angular Juniors (1 à 4 ans)Sur Grenoble.
   

  

 CONTEXTE
   

  

 Dans le cadre du développement d'un nouveau composant Front\-End à fort enjeu technique, une équipe de trois
   

  

 développeurs est constituée autour du framework Angular. L'objectif est d'assurer à la fois la capacité de
   

  

 développement, la montée en compétence des profils les plus juniors et la maîtrise technique du composant. L'équipe
   

  

 s'organise autour d'un profil Angular très expérimenté, accompagné de deux développeurs Angular juniors, dont au
   

  

 moins un capable d'intervenir également sur le Back\-End Java. Le Back\-End étant déjà disponible en Java, le besoin
   

  

 porte principalement sur la conception et le développement du Front\-End Angular ainsi que sur son intégration avec
   

  

 les services Back\-End existants.
   

  

 Développer des composants et fonctionnalités en Angular.
   

  

* Intégrer les interfaces avec les API et services Back\-End existants.
* Corriger les anomalies et participer à la maintenance évolutive.
* Participer aux tests, à la validation, aux revues de code et aux activités de l'équipe.
* Monter progressivement en autonomie sur Angular et sur les pratiques du projet.


 ENVIRONNEMENT TECHNIQUE
   

  

* Front\-End : Angular (indispensable pour les 3 profils), TypeScript, HTML/CSS, JavaScript.
* Intégration : API REST, Git.
* Back\-End : Java (API et services existants).
* Pratiques : développement Agile, tests unitaires, revue de code, intégration continue (CI/CD).


 aux 3 profils
   

  

* Très bonne maîtrise d'Angular et bonne maîtrise de TypeScript.
* Bonne compréhension de JavaScript, HTML et CSS.
* Expérience du développement d'applications Web et de l'intégration d'API REST.
* Bonne pratique de Git et sensibilité qualité / performance / maintenabilité.


 Spécifiques au profil Full Stack:
   

  

* Expérience significative en développement Java.
* Bonne compréhension des architectures Front\-End / Back\-End et de la consommation d'API Java.
* Capacité à intervenir sur les deux couches.


 QUALITÉS PROFESSIONNELLES
   

  

* Autonomie et rigueur.
* Esprit d'équipe et collaboration.
* Curiosité technique et capacité d'apprentissage.
* Sens de la qualité et aisance à communiquer sur des sujets techniques.
* Pour le profil Senior : leadership technique et capacité de transmission.","Technology, Information and Internet","https://fr.linkedin.com/company/free-work-com","https://media.licdn.com/dms/image/v2/C4E0BAQF5W6yWMv4fbA/company-logo_100_100/company-logo_100_100/0/1658140275330/freelance_info_logo?e=2147483647&v=beta&t=mh0PNzZpvPFVBlsWGxDJEcnuyS14aH5WkKI0MxDEzik","","","","","","","","","","",""
"li-4468269023","linkedin","https://www.linkedin.com/jobs/view/4468269023","","Développeur Frontend JavaScript / REACT F/H","METEO FRANCE","Toulouse, Occitanie, France","","fulltime","","","","","",False,"director","Engineering and Information Technology","","","Expert public de la météo et du climat, Météo\-France est à vos côtés pour contribuer à votre sécurité au quotidien et vous aider à prendre les meilleures décisions, dans un climat qui change. Face à des épisodes météo dangereux encore plus intenses et plus fréquents sous l’effet du changement climatique, nos missions au service de votre sécurité sont cruciales. Nous mobilisons notre expertise, notre excellence scientifique et technologique pour vous permettre d’anticiper les phénomènes météorologiques et climatiques à enjeux, et de vous y adapter.
   

  

 Retrouvez\-nous en ligne : https://meteofrance.com/carte\-didentite\-de\-meteo\-france
   

  

 Rejoindre Météo France, C'est Intégrer Une Organisation Multi\-sites, Situés En Hexagone, En Outre\-mer, Etc. L'organisation De Météo\-France S'appuie Sur Des Directions Centrales Et Des Directions Interrégionales. Ci\-dessous, La Présentation De La Direction Que Vous Pourriez Rejoindre
   

  

 Au sein de la Direction des Systèmes d’Information (DSI) de Météo‑France, le département Développements (80 agents) conçoit et maintient l’ensemble des outils numériques « métier » permettant la manipulation, l’exploitation et la diffusion de données météorologiques et climatiques. Ces outils sont essentiels aux missions opérationnelles de l’établissement.
   

  

**Pourquoi nous rejoindre ?**
 Embarquez pour une aventure stimulante et au service de tous aux côtés d’hommes et de femmes engagés quotidiennement face aux défis posés à notre société par la météo et le climat. Et ainsi bénéficiez des avantages suivants : horaires flexibles, RTT, télétravail, restaurant administratif ou ticket restaurant, participation à hauteur de 75% pour les transports en commun, participation pour la mutuelle, associations sportives et culturelles en fonction du site concerné, (escalade, gym, poterie, théâtre etc..).
   

  

 D'autres avantages vous attendent, venez les découvrir !
   

  

 Vous avez une sensibilité aux enjeux de la météorologie et du climat ? Vous voulez donner du sens à votre travail ?
   

  

 Rejoignez\-nous pour contribuer aux applications métier dont ont besoin nos prévisionnistes pour mieux anticiper et gérer les risques météorologiques et climatiques.
   

  

 Nous vous proposons de maintenir, concevoir et développer des applications permettant d'acquérir, exploiter et mettre à disposition des données et produits météo de toutes natures : prévisions numériques, observations ponctuelles, ...
   

  

 Dans votre rôle de développeur frontend, vous devrez :
   

  

* Prendre en main et faire évoluer des applications, des architectures ou composants de systèmes ;
* Participer au développement et à la conception ;
* Appliquer les bonnes pratiques de développements (DevOps, SSI, performances, documentation) ;
* Contribuer à la performance, la sécurité, la disponibilité et la conformité aux règles d'architecture


**Informations Complémentaires**
 Poste ouvert aux personnes en situation de handicap,
   

  

 Poste en horaire de bureau,
   

  

 Accueil en détachement si vous êtes fonctionnaire ou recrutement sur contrat,
   

  

 Poste ouvert aux fonctionnaires de catégorie A
   

  

**Une formation de niveau BAC\+5 (master ou diplôme d’ingénieur) est souhaitée ainsi qu’une expérience confirmée sur un poste similaire.**
 Pour occuper ce poste, vous mobiliserez les compétences suivantes :
   

  

* Savoirs faire attendus


**Nos Technos Frontend**
* React / Redux (avancé)
* DevOps (Git, Gitlab, CI/CD)
* Environnement Linux (souhaitable)
* Base de données (PostgreSQL, souhaitable)
* Savoirs être appréciés
* Esprit d'équipe
* Autonomie et esprit d'initiative
* Esprit d'analyse et de synthèse
* Rigueur
* Capacité de vulgarisation/rédaction","Spectator Sports","https://fr.linkedin.com/company/meteo-france","https://media.licdn.com/dms/image/v2/D4E0BAQGv7RpPCA9y1w/company-logo_100_100/company-logo_100_100/0/1690875271722/meteo_france_logo?e=2147483647&v=beta&t=qWHUVsP8yB3vc1Yg8ItqBF45pnEOr3Bzn-iuTdVpH_w","","","","","","","","","","",""
"in-1bbb12f29788f623","indeed","https://fr.indeed.com/viewjob?jk=1bbb12f29788f623","https://jobs.ashbyhq.com/voodoo/656b6263-69ef-4542-8dd6-bf914f34130a?utm_source=nedy21l72a","Marketing Unity Developer - Portfolio Games","Voodoo","Paris, A8, FR","2026-09-14","fulltime","","","","","",True,"","","","","**About Voodoo**
================


Founded in 2013, Voodoo is a tech company that creates mobile games and apps with a mission to entertain the world. With 1000 employees, 7 billion downloads, and over 200 million active users, Voodoo is the \#3 mobile publisher worldwide in terms of downloads after Google and Meta. Our portfolio includes chart\-topping games like Mob Control and Hole.io, alongside popular apps such as BeReal and Wizz.

**Team**
========


Our Gaming team is made up of hybrid\-casual, casual, and mid\-core experts. The Core Games team supports internal and external studios worldwide in creating, developing, and launching new hit games, while the Live Games team focuses on increasing engagement and extending the success of our existing games.


Joining our Live Games team means collaborating with gaming industry experts on globally renowned, enduring games, while also embracing exciting new entrepreneurial ventures. With over 7 billion downloads worldwide and a portfolio of more than 10 resilient hybrid games generating over $20 million per year, we are the world’s largest and most successful hybrid publisher.


You will join the Live Studios team. Our main mission is to transform hypercasual titles into deep, engaging midcore games by developing richer gameplay experiences, stronger progression systems, and long\-term player engagement.


The studio is currently working on titles including Epic Plane Evolution, Path of Kings, Gear Fight and Archery Clash.

**Role**
========


Your responsibilities will include:

* Modify and iterate on Unity projects across our portfolio of hybrid\-casual and midcore games
* Create custom gameplay setups, scenes, animations, environments, skins, and visual assets
* Prototype gameplay variations and concepts for advertising
* Record, edit, and upload gameplay videos for creative testing
* Share modified builds with the Marketing and User Acquisition teams
* Analyze creative performance and benchmark competitors to improve results

**Profile**
===========

* Strong Unity skills and experience modifying existing game projects
* Interest in mobile games, particularly hybrid\-casual, casual, or midcore titles
* Creative, curious, and comfortable experimenting independently
* Basic knowledge in motion tools such as DaVinci Resolve, Adobe Premiere Pro or CapCut Desktop
* Able to work across multiple projects and adapt quickly
* Fluent in spoken and written English or Russian","","https://fr.indeed.com/cmp/Voodoo-3","https://d2q79iu7y748jz.cloudfront.net/s/_squarelogo/256x256/f2d67fd49bfabe2e3545b20a09b24d49","http://www.voodoo.io","59 rue Jean-Jacques Rousseau, 75001 Paris","501 to 1,000","","Voodoo is a tech company that creates mobile games and apps.","","","","","",""
"li-4402979874","linkedin","https://www.linkedin.com/jobs/view/4402979874","","Marketing Unity Developer - Eastern Europe - Growth","Voodoo","Paris, Île-de-France, France","2026-09-15","fulltime","","","","","",False,"entry level","Engineering and Information Technology","","","**About Voodoo**
 Founded in 2013, Voodoo is a tech company that creates mobile games and apps with a mission to entertain the world. With 800 employees, 7 billion downloads, and over 200 million active users, Voodoo is the \#3 mobile publisher worldwide in terms of downloads after Google and Meta. Our portfolio includes chart\-topping games like Mob Control and Block Jam, alongside popular apps such as BeReal and Wizz.
   

  

**Team**
 Our Growth team is a transversal entity aiming to maximize and deliver the potential of any mobile product. It combines user acquisition, creative content production, monetization, and the tech capabilities required to turn applications into global hits. With over 150 experts, we operate at the forefront of mobile marketing and ad tech across various types of games (hypercasual, hybrid, 100% IAP).
   

  

 Being part of the Growth Team at Voodoo requires both operational excellence and creativity in order to constantly adapt ourselves and stay ahead of the market.
   

  

**Role**
 This role is in our Creative Squad: The one responsible for producing high\-performing video ads that drive user acquisition. This team plays a pivotal role at the base of the marketing funnel, transforming our games into compelling visual narratives that capture attention across global platforms.
   

  

 Working Across a Wide Variety Of Game Genres (hypercasual, Hybrid, Casual) Including Puzzle, Match\-3, Runner, War Games And More, You Will
   

  

* Use Unity to modify and iterate on 20\+ game projects, adapting gameplay to make it attractive and engaging for advertising campaigns
* Design custom setups (animations, scenes, environments, skins, rebranding, code changes) for creative video production
* Record, edit, and upload gameplay videos for global ad campaigns to be tested
* Share modified game builds with the marketing team for testing
* Analyze ad performance and benchmark competitors to improve creative output


 This role is a unique chance to grow your technical skills by prototyping and problem\-solving across multiple projects, as well as to develop a sharp marketing perspective on what makes a game successful.
   

  

**Profile**
* You have a strong sense of ownership and adaptability
* You have excellent Unity skills
* You are interested in casual games
* You have a creative and hacker mindset
* You have basic notions in 2D/3D graphics design and modeling skills (Photoshop, Blender...), deeper proficiency is a plus
* You have a good level of spoken and written English
* You have a good level of spoken and written Russian


**Benefits**
 Competitive salary and other benefits according to the country you reside in.","Entertainment Providers","https://fr.linkedin.com/company/voodoo.io","https://media.licdn.com/dms/image/v2/D4E0BAQFoMhQ5tM4TLA/company-logo_100_100/company-logo_100_100/0/1693903701647/voodooio_logo?e=2147483647&v=beta&t=_yGIEBC7G3OZfAo7u-bhNCh2keS4Age7ijpkISHz8qs","","","","","","","","","","",""
"li-4467434991","linkedin","https://www.linkedin.com/jobs/view/4467434991","","Mobile App Developer (Remote)","Quik Hire Staffing","","2026-09-15","fulltime","","","","","",True,"associate","Engineering, Product Management, and Information Technology","","","* **Role:** 
 Mobile App Developer (Remote)
* **Location:** 
 Remote (Work from Anywhere)



  





**Role Overview:** 




 We are hiring for one of our clients, seeking a Mobile App Developer to work on a Full\-Time basis. The role involves developing and maintaining mobile applications using a specific platform. You will collaborate with cross\-functional teams to deliver high\-quality software solutions.
 



  





**Key Responsibilities:** 




 • Develop and maintain mobile applications for iOS and Android platforms.
 



 • Collaborate with product managers and designers to define project requirements.
 



 • Write clean, efficient, and maintainable code following best practices.
 



 • Conduct thorough testing and debugging to ensure application stability.
 



 • Implement updates and improvements based on user feedback and analytics.
 



  





**Required Skills \& Qualifications:** 




 • Proficiency in mobile app development frameworks such as React Native or Flutter.
 



 • Experience with programming languages including JavaScript, TypeScript, or Dart.
 



 • Strong understanding of mobile app architecture and design patterns.
 



 • Familiarity with RESTful APIs and integration with backend services.
 



 • Knowledge of version control systems like Git.
 



  





**More About the Opportunity:** 




 This role offers a unique opportunity to work with a global leader in the Technology, Information and Internet industry, contributing to the development of scalable and user\-friendly mobile applications. The project focuses on delivering innovative solutions to enhance user engagement.
 



  





**Equal Opportunity Employer:** 




 We hire based on skills and expertise. All qualified candidates are welcome regardless of background, experience, or prior employment history. Applications are reviewed solely on demonstrated technical ability and qualifications.
 



  





**Apply Now!**","Staffing and Recruiting","https://in.linkedin.com/company/quik-hire-staffing","https://media.licdn.com/dms/image/v2/D560BAQFYxxMZnepyAw/company-logo_100_100/B56ZsDhgBgI0AQ-/0/1765290672906/quik_hire_staffing_logo?e=2147483647&v=beta&t=O0afXTv2kaV87tafvXFTX8PV2q8r8kzDn7wXAR26ApQ","","","","","","","","","","",""
"li-4466559352","linkedin","https://www.linkedin.com/jobs/view/4466559352","","Développeur Mobile Android ou iOS Confirmé (F/H/X)","Amaris Consulting","Nantes, Pays de la Loire, France","2026-09-15","fulltime","","","","","",False,"mid-senior level","Engineering and Information Technology","","","**Job Description**
*IS\&D – Medior – Developpeur Mobile*
 Dans le cadre du développement et de l’évolution de ses applications mobiles, un grand acteur bancaire souhaite renforcer ses équipes nantaises avec des
 **Développeur.euse.s Mobiles expérimenté.es, spécialisé.es Android ou iOS** 
 . Les besoins sont pilotés par un Chapter Lead Mobile, avec un niveau d’exigence technique élevé sur la maîtrise réelle de l’écosystème mobile concerné. Il n’est pas attendu qu’un même consultant maîtrise les deux environnements : la priorité est donnée à la profondeur d’expertise sur une seule plateforme.
   

  

**Vos missions :**
* Concevoir et développer les fonctionnalités des applications mobiles.
* Participer aux choix techniques et architecturaux (patterns, librairies, organisation du code).
* Développer des composants fiables, maintenables et performants.
* Intégrer les applications mobiles avec les services Back\-End et API.
* Participer aux revues de code au sein de l’équipe mobile.
* Analyser et corriger les anomalies (bugs, crashs, comportements inattendus).
* Améliorer les performances et la stabilité des applications.
* Participer à l’évolution de l’architecture mobile (refactoring, migration, nouvelles briques).
* Garantir la qualité et la maintenabilité du code (tests, structuration, documentation).
* Collaborer avec les équipes produit, QA et Back\-End.
* Contribuer aux bonnes pratiques de développement mobile au sein des équipes (guidelines, standards, partage de connaissances).


**V** 
**otre profil :**
* Formation : Diplôme niveau Master en informatique ou une équivalence.
* Expérience significative en développement mobile natif.
* Parcours clairement orienté développement mobile.
* Expertise forte sur Android ou iOS (une des deux plateformes).
* Expérience dans la consommation et l’intégration d’API.
* Maîtrise des bonnes pratiques de développement mobile (tests, patterns, gestion des états, performances).
* Expérience des problématiques de performance, stabilité et qualité applicative.
* Une première expérience dans le secteur bancaire.
* Excellentes compétences en communication écrite et verbale en anglais et français.
* Mobile à Nantes et sur sa périphérie.


**Nos avantages :**
* Mutuelle prise en charge à 60% (gratuite pour vos enfants).
* Possibilité de télétravail avec une rétribution de 2,70 € par jour.
* Carte restaurant d'une valeur de 10 € par jour, utilisable jusqu'à 25 €, pris en charge à 60%.
* Accès à HelloCSE avec de nombreuses offres et réductions chez Ikea, Pathé, Fnac, Cdiscount, et bien d'autres.
* Possibilité de bénéficier d'un bonus de cooptation de 2 000 € !
* De nombreuses formations gratuites, incluant des certifications Microsoft.
* Compte épargne temps jusqu'à 90 jours.
* Participation et intéressement.
* Jours de congé supplémentaires pour valoriser votre ancienneté.
* 3 jours d’absences rémunérées par an pour le parent d’un enfant malade
* 4 absences autorisés rémunérées pour les conjoint(e)s d’une personne enceinte pour assister aux examens obligatoires prénataux.
* Journée de solidarité chômée et payée.


**Ce qu'on vous propose**
 Rejoindre Amaris, ce n’est pas simplement intégrer une entreprise où l’on attend patiemment qu’un poste se libère. C’est intégrer un environnement où vos performances déterminent directement votre évolution de carrière.
   

  

 Concrètement, voici ce que cela signifie pour vous au quotidien :
   

  

**🎯 Des projets qui ont du fond** 
 18 mois minimum en moyenne, chez des grands comptes (GSK, Sanofi, J\&J…) et avec l'appui de nos Centres d'Excellence internes. Vous avez le temps d'aller loin.
   

  

**🤝 Un accompagnement qui se voit** 
 1 manager pour 18 consultants max, des points projet structurés et un canal direct vers les RH chaque mois via Express Yourself. Nos équipes affichent
 **3,3 ans d'ancienneté moyenne** 
 — preuve qu'on construit quelque chose qui dure.
   

  

**🚀 Une carrière qui avance vraiment** 
**70 % de nos managers ont démarré au premier échelon.** 
 Âge moyen : 36 ans. Ici, la confiance précède l'expérience et la méritocratie remplace l'ancienneté. Mobilité fonctionnelle (4 expertises) et géographique (60\+ pays) encouragées et accessibles.
   

  

**💡 L'innovation, en pratique** 
 291 agents IA développés en interne, \+250 modules de formation, certifications Microsoft financées à 100 %. Chez Mantu, AI \= Artificial Intelligence \& Augmented Impact.
   

  

**🌱 Un engagement RSE qui se mesure** 
 SBTi sur la réduction carbone, 32 % de femmes managers (objectif 34,3 % en 2029\), engagement social via We Care Together.
   

  

 👉 Mutuelle, télétravail, tickets restaurant, CET, cooptation…Nous discuterons du détail complet de nos avantages lors de nos échanges.
   

  

**💬 Inclusion et diversité**
*Amaris Consulting promeut l'égalité des chances. Nous nous engageons à rassembler des talents d’horizons différents et à créer un environnement de travail inclusif. Dans cette optique, nous recueillons les candidatures de toutes les personnes qualifiées, quel que soit leur sexe, orientation sexuelle, race, origine ethnique, croyances, âge, état civil, handicap ou autres caractéristiques.*
 Who are we?
   

  

**Amaris Consulting** 
 est une société indépendante de conseil et de technologies au service des entreprises. Avec plus de 1000 clients dans le monde, nous déployons des solutions pour les plus grands projets depuis plus d'une décennie \- tout ceci est rendu possible par une équipe internationale de 7 600 talents répartis sur les 5 continents et dans plus de 60 pays. Nos solutions sont axées sur quatre domaines d'activité différents : Les systèmes d'information et le digital, la télécommunication, les sciences de la vie et l'ingénierie. Nous cherchons à créer et à développer une communauté de talents où tous les membres de notre équipe peuvent réaliser leur plein potentiel. Amaris est votre « stepping stone » pour traverser les rivières du changement, pour relever les défis et pour réaliser tous vos projets avec succès.
   

  

 Chez Amaris, nous avons à cœur d'offrir à nos candidats la meilleure expérience de recrutement possible. Nous cherchons à mieux connaître et comprendre nos candidats, à les challenger et à leur faire part de nos impressions le plus rapidement possible. Voici à quoi ressemble notre processus de recrutement :
   

  

**Premier contact** 
 : Notre processus commence généralement par une brève conversation virtuelle/téléphonique pour en savoir plus sur vous ! L'objectif ? Apprendre à vous connaître, comprendre vos motivations et veiller à ce que nous vous proposions le poste qui vous correspond le mieux !
   

  

**Entretiens** 
 (en moyenne, le nombre d'entretiens est de 3 – il peut toutefois varier en fonction du niveau d'ancienneté requis pour le poste). Au cours des entretiens, vous rencontrerez les membres de notre équipe : votre futur manager bien sûr, mais aussi d'autres personnes avec lesquelles vous serez amené à travailler. Ces entretiens nous permettront d'en apprendre davantage sur vous, votre expérience et vos compétences, mais aussi sur le poste et ce que l'on attendra de vous. Bien entendu, vous apprendrez également à connaître Amaris : notre culture, notre histoire, nos équipes et vos opportunités de carrière !
   

  

**Étude de cas** 
 : En fonction du poste, vous serez peut\-être appelé à passer un test. Il pourra s'agir d'un jeu de rôle, d'une évaluation technique, d'un scénario de résolution de problème, etc.
   

  

 Comme vous le savez, chaque personne est différente et il en va de même pour chaque rôle dans une entreprise. C'est pourquoi nous devons nous adapter en conséquence, si bien que le processus peut parfois être quelque peu différent pour chacun. Cela dit, nous nous mettons toujours à la place du candidat pour lui offrir la meilleure expérience possible. Nous avons hâte de vous rencontrer !","IT Services and IT Consulting","https://ch.linkedin.com/company/amarisconsulting","https://media.licdn.com/dms/image/v2/D4D0BAQHsB8-V6fxAMA/company-logo_100_100/company-logo_100_100/0/1729584227309/amaris_logo?e=2147483647&v=beta&t=Gas7jHUA97blxh3l23UWbQ8ly62Bj0PZgTYzH66bTzo","","","","","","","","","","",""
"li-4466198469","linkedin","https://www.linkedin.com/jobs/view/4466198469","","Développeur Frontend – Web / iOS / Android H/F","NEXTON","Paris, Île-de-France, France","2026-09-15","fulltime","","","","","",False,"mid-senior level","Information Technology","","","**Qui sommes\-nous ?**





 Rejoindre NEXTON, c'est intégrer une entreprise où convergent l'esprit d'un cabinet de conseil, la créativité d'une Factory et la dynamique d'une ESN ! Grâce à notre expertise, nous accompagnons des clients grands comptes et des pure players tels que SNCF, Orange, et BNP Paribas dans leurs stratégies d'évolution et d'innovation digitale.
   

  





 Fondée en 2011, NEXTON réunit aujourd'hui une équipe de plus de 450 experts spécialisés dans le digital, le design, l'agilité, le produit et le développement. Ensemble, ils créent un écosystème riche en connaissances et en compétences diversifiées.
   

  

  

  




**Description du poste**

**NEXTON** 
 recrute un
 **Développeur Frontend – Web / iOS / Android H/F** 
 , en
 **CDI** 
 , à
 **Paris !**





**Ton futur environnement de travail :**





 Tu intègres l’équipe pour l’un de nos grands comptes clients afin d'accompagner le développement et l'évolution de ses applications mobiles et de son site web. Tu interviendras sur des enjeux stratégiques centrés sur les parcours clients clés : inscription, connexion, souscription et gestion de compte.
   

  






**Tes missions :**





 En tant que Développeur Frontend, ton rôle est d'assurer le développement, l'intégration et l'optimisation des plateformes web et mobiles. Voici tes principales missions :
   

  





**Intégration et Parcours Clients :**



* **Intégrer les briques techniques :** 
 Tu réalises l'intégration des briques Login et Billing indispensables au parcours utilisateur.
* **Développer de nouvelles fonctionnalités :** 
 Tu conçois et déploies de nouveaux parcours clés (inscription, connexion, souscription, gestion de compte et des offres).



**Développement et Optimisation :**



* **Faire évoluer les applications et le site :** 
 Tu participes au développement continu du site web et des applications mobiles (iOS et Android).
* **Optimiser la performance et l'UX :** 
 Tu veilles à maximiser les performances techniques et à offrir une expérience utilisateur fluides et intuitive.


**Qualifications**

 De formation supérieure (BAC\+5\), tu justifies d'une expérience réussie en développement Frontend Web et mobile.
   

  





 Tu maîtrises
 **React et React Native** 
 , idéalement avec une pratique avérée sur les environnements iOS et Android.
   

  





 Tu possèdes une solide expérience dans l'intégration de briques techniques et la gestion de parcours clients complexes (Login, Billing, souscription, gestion de compte).
   

  





 Tu maîtrises l'anglais dans un cadre professionnel.
   

  

  

  




**Informations supplémentaires**


**Pourquoi choisir NEXTON ?**





 Nous te proposons des avantages et des opportunités pour enrichir ton expérience professionnelle et personnelle tout au long de l'année :
   

  





 ▶ Des communautés dynamiques pour t'accompagner dans ton parcours.
   

  





 ▶ Des Meet Up pour développer tes compétences.
   

  





 ▶ Des formations pour te réinventer et progresser.
   

  





 ▶ Des événements sportifs et festifs pour t'épanouir.
   

  





 ▶ Un forfait mobilité durable pour faciliter ton quotidien et encourager la mobilité douce.
   

  





 ▶ Un téléphone de dernière génération pour rester connecté.
   

  





 Prêt à nous rejoindre ?
 **Rencontrons\-nous !**




 NEXTON","Information Services","https://fr.linkedin.com/company/nexton-group","https://media.licdn.com/dms/image/v2/D560BAQEBDZegfr94RA/company-logo_100_100/B56Z_xJTm4JkAI-/0/1786457176873/nexton_group_logo?e=2147483647&v=beta&t=o5yuMkv5vsfvt8Rh-rEcFg8ovMI2to9O5siqAiwvrec","","","","","","","","","","",""
"li-4458113798","linkedin","https://www.linkedin.com/jobs/view/4458113798","","Marketing Unity Developer - Hole.io","Voodoo","Paris, Île-de-France, France","2026-09-14","fulltime","","","","","",False,"entry level","Engineering and Information Technology","","","**About Voodoo**
 Founded in 2013, Voodoo is a tech company that creates mobile games and apps with a mission to entertain the world. With 1000 employees, 7 billion downloads, and over 200 million active users, Voodoo is the \#3 mobile publisher worldwide in terms of downloads after Google and Meta. Our portfolio includes chart\-topping games like Mob Control and Hole.io, alongside popular apps such as BeReal and Wizz.
   

  

**Team**
 Our Growth team is a transversal entity aiming to maximize and deliver the potential of any mobile product. It combines user acquisition, creative content production, monetization, and the tech capabilities required to turn applications into global hits. With over 150 experts, we operate at the forefront of mobile marketing and ad tech across various types of games, including hypercasual, hybrid, and 100% IAP.
   

  

 Being part of the Growth Team at Voodoo requires both operational excellence and creativity in order to constantly adapt ourselves and stay ahead of the market.
   

  

**Role**
 This role is in our
 **Creative Squad** 
 : the team responsible for producing high\-performing video ads that drive user acquisition. This team plays a pivotal role at the base of the marketing funnel, transforming our games into compelling visual narratives that capture attention across global platforms.
   

  

 In this role, you will focus on Hole.io, one of Voodoo's most iconic games. You will work on adapting its gameplay, visuals, environments, skins, and creative concepts to produce engaging video ads for global user acquisition campaigns.
   

  

**Working On Hole.io And Its Creative Variations, You Will**
* Use Unity to modify and iterate on Hole.io, adapting gameplay to make it attractive and engaging for advertising campaigns
* Design custom setups, including animations, scenes, environments, skins, rebranding, and code changes for creative video production
* Record, edit, and upload Hole.io gameplay videos for global ad campaigns to be tested
* Share modified game builds and creative assets with the marketing team for testing
* Analyze ad performance and benchmark competitors to improve creative output


 This role is a unique chance to grow your technical skills by prototyping and problem\-solving on a major Voodoo title, as well as to develop a sharp marketing perspective on what makes a game successful.
   

  

**Profile**
* You have a strong sense of ownership and adaptability
* You have excellent Unity skills
* You are interested in casual and arcade games, especially Hole.io\-style gameplay
* You have a creative and hacker mindset
* You have basic notions in 2D/3D graphics design and modeling skills, such as Photoshop or Blender, deeper proficiency is a plus
* You have a good level of spoken and written English, French is not required


**Benefits**
 Competitive salary and other benefits according to the country you reside in.","Entertainment Providers","https://fr.linkedin.com/company/voodoo.io","https://media.licdn.com/dms/image/v2/D4E0BAQFoMhQ5tM4TLA/company-logo_100_100/company-logo_100_100/0/1693903701647/voodooio_logo?e=2147483647&v=beta&t=_yGIEBC7G3OZfAo7u-bhNCh2keS4Age7ijpkISHz8qs","","","","","","","","","","",""
"li-4459540431","linkedin","https://www.linkedin.com/jobs/view/4459540431","","Développeur/Développeuse Flutter","ALPEE","","2026-09-14","fulltime","","","","","",False,"associate","Information Technology","","","En tant que développeur Flutter vous serez en charge de
 



  




* Assurer le développement des applications mobiles en Flutter,
* Contribuer à l'optimisation des processus de développement au travers de l'IA
* Proposer des nouveaux cas d'usages afin d'enrichir l'application et améliorer l'expérience de développement.
* Assurer la maintenance et les évolutions futures de l'application.



  





 Profil recherché
 



  




* Compétences techniques: Flutter : Firebase
* Compétences approuvées sur les tests unitaires
* Bonne capacité relationnelle et rédactionnelle
* Rigueur, forte autonomie et force de proposition","IT Services and IT Consulting","https://fr.linkedin.com/company/alpee-grenoble","https://media.licdn.com/dms/image/v2/C4E0BAQFrLpXd1w9-hw/company-logo_100_100/company-logo_100_100/0/1631370792328/alpee_grenoble_logo?e=2147483647&v=beta&t=032opM2E4jeBugWDqiwO6d1RhweVnX2y-BR2f06Q33A","","","","","","","","","","",""
"li-4465781177","linkedin","https://www.linkedin.com/jobs/view/4465781177","","Gameplay & UI Developer","Jobgether","","2026-09-14","fulltime","","","","","",True,"mid-senior level","Engineering and Information Technology","","","**This position is listed on behalf of a partner company, who manages all applications and next steps. Our partner is looking for a Gameplay \& UI Developer based in France.**
 As a Gameplay \& UI Developer, you will help create engaging, polished experiences for a globally successful mobile game. You will contribute to client\-facing features with a strong focus on UI, animation, visual polish, and core gameplay improvements. Working within a small, senior, and multidisciplinary team, you will have meaningful ownership over ideas from design through testing and refinement. You will also develop new meta features and enhance existing systems based on player feedback and performance insights. The role combines technical expertise with creativity, giving you the opportunity to shape gameplay decisions and experiment with new ideas. This is a highly collaborative environment where your work can directly influence experiences enjoyed by millions of players worldwide.
   

  

**Accountabilities**
 You will contribute to the ongoing development and evolution of a live mobile game, taking ownership of features and improvements while maintaining a high standard of quality and player experience.
   

  

* Develop client\-facing gameplay features with a strong focus on UI, animations, visual polish, and overall user experience.
* Design and implement core gameplay improvements that enhance engagement and playability.
* Develop new meta features and systems that expand the game's experience.
* Enhance, maintain, and refine existing gameplay and technical systems.
* Bring innovative ideas and creative approaches to gameplay features while adapting them to the game's established experience.
* Contribute to game design decisions and help translate concepts into polished, playable experiences.
* Participate in testing, iteration, and refinement based on player feedback and team insights.
* Collaborate closely with designers, developers, artists, and other specialists in a multidisciplinary environment.
* Identify and resolve technical challenges while maintaining strong performance and optimization.
* Take ownership of projects and features according to your individual strengths and areas of expertise.
* Contribute to maintaining high technical and creative standards across the game.


**Requirements**
 The ideal candidate is a hands\-on game developer with strong Unity and C\# expertise, proven mobile game experience, and a passion for building polished and entertaining player experiences.
   

  

* 5\+ years of professional experience working with C\# and Unity.
* Proven track record of developing and shipping successful mobile games.
* Strong understanding of gameplay development and the casual mobile gaming market.
* Strong problem\-solving skills with a focus on optimization, performance, and technical quality.
* Experience developing UI, animations, gameplay systems, or other player\-facing features.
* Exceptional expertise in a specialized area such as animation, particle systems, shaders, architecture, performance optimization, or networking is a strong advantage.
* Creative and hands\-on approach to development, with a strong attention to detail and commitment to quality.
* Ability to contribute ideas and make practical decisions in a fast\-moving game development environment.
* Excellent written and verbal communication skills in English.
* Strong teamwork and collaboration skills.
* Ability to work effectively with senior, multidisciplinary teams and take ownership of assigned features.


**Benefits**
* Fully remote position within CET ±2 hours.
* Best\-in\-class compensation.
* Additional benefits based on the country of residence.
* Opportunity to work on a globally recognized mobile game.
* Direct impact on gameplay, features, and player experience.
* Collaborative environment with experienced gaming professionals.
* Opportunity to contribute creatively to important game development decisions.
* Exposure to live game development, feature iteration, and player\-driven improvements.


**How Jobgether Works**
 We use an
 **AI\-powered matching process** 
 to ensure your application is reviewed quickly, objectively, and fairly against the role's core requirements. Our system identifies the top\-fitting candidates, and this shortlist is then shared directly with the hiring company. The final decision and next steps (interviews, assessments) are managed by their internal team.
   

  

 We appreciate your interest and wish you the best!
   

  

 Why Apply Through Jobgether?
   

  

**Data Privacy Notice:** 
 By submitting your application, you acknowledge that Jobgether will process your personal data to evaluate your candidacy and share relevant information with the hiring employer. This processing is based on legitimate interest and pre\-contractual measures under applicable data protection laws (including GDPR). You may exercise your rights (access, rectification, erasure, objection) at any time.
   

  

 We may use artificial intelligence (AI) tools to support parts of the hiring process, such as reviewing applications, analyzing resumes, or assessing responses and identifying potential inconsistencies or verification signals in application materials based on available information. These tools assist our recruitment team but do not replace human judgment. Final hiring decisions are ultimately made by humans. If you would like more information about how your data is processed, please contact us.","Internet Marketplace Platforms","https://be.linkedin.com/company/jobgether","https://media.licdn.com/dms/image/v2/D4E0BAQHdx4NngvFyPA/company-logo_100_100/B4EZ5GHh6CHEAU-/0/1779292839822/jobgether_logo?e=2147483647&v=beta&t=86Xk6jTn5SYx8OIuRc_gwpv1rBQZ8l6-zCWNpsa3Iy0","","","","","","","","","","",""
"li-4467094886","linkedin","https://www.linkedin.com/jobs/view/4467094886","","Ingénieur études & Développement Android / IOS (H/F)","SOLUTEC","Toulouse, Occitanie, France","2026-09-14","fulltime","","","","","",False,"not applicable","Engineering","","","AUBAY SOLUTEC est une ESN spécialisée en ingénierie, conseil et services informatiques.
 



 Venez participer à l'aventure AUBAY SOLUTEC sur Toulouse. Nous recrutons nos futurs ambassadeurs dans le but de mettre en place des partenariats sur le long terme.
 



 Nos valeurs : Proximité, Écoute, Qualité, Confiance et Professionnalisme.
 



 Rattaché au Responsable de projets chez un de nos clients grands comptes, vous participerez aux développements des applications smartphones et tablettes (méthodologie Agile \- Scrum). Vous serez notamment en charge de :
 


* Rédiger les spécifications techniques : application mobile, site internet, serveur,
* Participer à la revue de conception produit/logiciel,
* Développer les applications mobiles (IOS/Android),
* Faire le suivi, les tests et la validation des applications existantes,
* Développer de nouvelles fonctionnalités au sein des applications existantes,
* Documenter des applications,
* Garantir le bon fonctionnement des applications / du site internet,
* Participer à l'amélioration des produits existants.



 Evolution à terme vers des postes de Chef de projet Technique, AMOA ou expert Mobilité (Android/iOS).
 



 Issu (e) d'une formation ingénieur ou d'un cursus universitaire (Bac\+4/Bac\+5\), vous avez une première expérience ou êtes expérimenté dans le développement d'applications, site Web et les langages afférents (développement iOS, objective\-C, Swift, Xcode et les outils de développement Apple, Android, Java, XML, PHP/ HTML/CSS).
 



 Débutant ou confirmé, vous souhaitez mettre en valeur votre expérience dans cet environnement technique et développer votre esprit d'équipe. Votre facilité d'adaptation, votre réactivité et votre autonomie vous permettront de mener à bien et de satisfaire les exigences des projets qui vous seront confiés.","Mobile Computing Software Products","https://fr.linkedin.com/company/solutec","https://media.licdn.com/dms/image/v2/D4D0BAQGRG8xyz9DVYQ/company-logo_100_100/B4DZl_uQxdGgAQ-/0/1758784458242/solutec_logo?e=2147483647&v=beta&t=Q8mg6E-0e9-8uNne71wKbHL-o-uLRt0vp0hFJIzIQ0k","","","","","","","","","","",""
"li-4466128306","linkedin","https://www.linkedin.com/jobs/view/4466128306","","Développeur C++ (H/F)","DIGWAY","Valbonne, Provence-Alpes-Côte d'Azur, France","2026-09-14","fulltime","","","","","",False,"not applicable","Engineering and Information Technology","","","**À propos du poste**
 Au cœur de la technopole de Sophia Antipolis, rejoignez notre équipe d'ingénierie pour participer au développement et à l'optimisation de nos solutions logicielles sous environnement Windows. Dans un contexte international et stimulant, vous intégrerez un environnement agile où la qualité du code et la performance sont au centre des priorités.
   

  

**Vos missions principales**
* Conception et développement : Développer de nouvelles fonctionnalités et modules en C\+\+ moderne sous environnement Windows (Visual Studio, Win32 API / MFC / Qt selon le projet).
* Optimisation : Analyser, refactoriser et optimiser les performances logicielles (gestion mémoire, multithreading, temps de calcul).
* Maintenance et fiabilité : Identifier et corriger les bugs, rédiger les tests unitaires et d'intégration pour garantir la robustesse du code.
* Collaboration internationale : Échanger quotidiennement avec des équipes pluridisciplinaires et internationales (réductions de spécifications, revues de code, documentation).


**Profil recherché**
* Formation : Diplôme d'Ingénieur ou Master (BAC\+5\) en Informatique / Génie Logiciel.
* Expérience : Une première expérience réussie (ou plusieurs années d'expérience) en développement C\+\+ sous environnement Windows.
* Compétences techniques clés :
+ Maîtrise solide du langage C\+\+ (C\+\+11/14/17/20\).
+ Connaissance approfondie de l'écosystème Windows (Visual Studio, outils de profilage et de debugging Windows).
+ Pratique des outils de gestion de version (Git) et des pipelines CI/CD.

* Langues : Anglais courant (C1\) indispensable, à l'écrit comme à l'oral, pour évoluer au quotidien dans un contexte multiculturel.
* Qualités personnelles : Rigueur, esprit d'analyse, autonomie et goût prononcé pour le travail en équipe.


**Ce que nous offrons**
* Un cadre de travail exceptionnel au sein de la première technopole européenne.
* Des projets techniques complexes et de grande envergure.
* Une politique de télétravail flexible (modalités hybrides).
* Une rémunération attractive selon profil et expérience, assortie d'avantages sociaux.","Information Technology & Services","https://fr.linkedin.com/company/digway-fr","https://media.licdn.com/dms/image/v2/D4D0BAQEvNV57b0ZoWg/company-logo_100_100/B4DZVhXx07GkAQ-/0/1741095378619/digway_fr_logo?e=2147483647&v=beta&t=iBdl6PbM7mcv4iishCOan7ltMZBIiGIs2pzRr69atFc","","","","","","","","","","",""
"li-4467055804","linkedin","https://www.linkedin.com/jobs/view/4467055804","","Montage Vidéo (Média et Podcast de Sport) - Alternance","Extraterrien","St.-Ouen, Île-de-France, France","2026-09-14","internship","","","","","",False,"mid-senior level","Marketing, Public Relations, and Writing/Editing","","","Lieu : Paris 17e (studios intégrés)
 





 Contrat : Alternance, 2 ans (rythme à définir avec l'école : 3 semaines / 1 semaine ou 4j / 1j)
 





 Démarrage : ASAP
 





 Rémunération : grille légale de l'alternance (Code du travail / convention Syntec, la plus favorable des deux) \+ avantages
 




  





**🔥 C'est quoi Extraterrien ?** 




  






 Extraterrien est né durant l'été 2019 comme un podcast, avec l'ambition de faire découvrir les parcours d'athlètes de haut niveau francophones dans un cadre intimiste et inspirationnel, différent des médias traditionnels.
 




  






 Aujourd'hui, avec près de 350 épisodes et plus de 400 athlètes de haut niveau interviewés, Extraterrien est une référence du podcast de sport francophone. Nos contenus (podcasts, documentaires de terrain, formats courts) cumulent des millions de vues chaque année sur YouTube, Instagram et Spotify.
 




  






 On travaille avec des marques comme Nike, Brooks, Crédit Agricole, Airbnb, Corum L'Épargne ou Jacques Vabre.
 




  






 Derrière le média, une équipe jeune, passionnée et à taille humaine, basée dans le 17e à Paris, avec ses propres studios et une énergie entrepreneuriale de dingue. On aime les profils ""doers"" et polyvalents, curieux, qui n'ont pas peur de se tromper, et on cherche notre futur·e monteur·se vidéo pour faire exploser nos formats.
 




  





**🎯 Tes missions si tu l'acceptes :** 




  






 Ici, tu ne fais pas du montage à la chaîne. Tu participes activement à la création de contenu et au rayonnement du média :
 




  






 \- Montage des épisodes longs pour nos podcasts et documentaires (YouTube, Spotify) : dynamiser l'intro, gérer les switchs de caméra, intégrer les incrustations (musique, images, passages à mettre en avant selon le brief)
 





 \- Création de capsules courtes et percutantes (Shorts, Reels, TikTok) optimisées pour capter l'attention dès les premières secondes : sous\-titres animés, rythme, habillage
 





 \- Immersion terrain : participation aux tournages et rencontres avec nos invités (athlètes, experts, entrepreneurs)
 





 \- Habillage visuel et dynamique de montage (rythme, sound design, étalonnage) sur DaVinci Resolve (Premiere Pro accepté, mais DaVinci c'est la maison !)
 





 \- Être force de proposition sur les formats et les tendances (nouveaux styles de montage, nouveaux formats courts)
 





 \- Organiser sa charge de travail pour tenir le rythme de publication hebdomadaire
 




  





**⚡ Qui on cherche ?** 




  






 \- Un·e passionné·e de sport avant tout : tu comprends les codes de la performance, de l'effort et de la comm' sportive
 





 \- En formation dans le montage, l'audiovisuel, le journalisme vidéo ou équivalent, à la recherche d'une alternance
 





 \- Un profil ambitieux et bosseur : tu as faim d'apprendre, tu es autonome, force de proposition et tu ne laisses rien passer au niveau de la qualité visuelle
 





 \- Tu maîtrises un logiciel de montage professionnel (DaVinci Resolve ou Premiere Pro) et tu as un portfolio (ou des projets perso) qui démontre ton sens du rythme et de la narration
 





 \- Orthographe française irréprochable
 





 \- Capable de tenir des délais courts et un rythme hebdomadaire soutenu
 




  





**🚀 Ce qu'on t'offre (parce que tu le vaux bien) :** 




  






 \- 📍 Un cadre de travail ultra stimulant dans le 17e à Paris (avec nos propres studios)
 





 \- 🚆 100% de la carte Navigo prise en charge
 





 \- 💻 Télétravail possible (jusqu'à 25% du temps, à partir de ton 4e mois)
 





 \- 📈 Un plan de montée en compétence clair sur 12 mois pour faire de toi un·e pro aguerri·e
 





 \- ⏱️ 2h de formation libre par semaine sur ton temps de travail
 





 \- ✨ Couverture santé par Alan
 





 \- 🎁 Des cadeaux de nos sponsors : équipements sportifs, compléments, abonnements...
 





 \- 🤝 Bonus post\-12 mois : mise en place d'une prime sur les performances des vidéos
 




  





**📩 Comment postuler ?** 




  






 Pas de lettre de motivation poussiéreuse. Remplis directement notre formulaire par ici :
 





 👉 https://bit.ly/recrutement\-extraterrien
 




  





**Le process de recrutement :** 




  






 1\. Remplir le formulaire avec tes meilleures réals
 





 2\. Cas pratique de montage
 





 3\. Appel de découverte (15 min, validation du fit avec un membre de l'équipe)
 





 4\. Entretien d'1h avec Barthélémy, le fondateur
 




  





 Pour Postuler : https://bit.ly/recrutement\-extraterrien","Spectator Sports","https://fr.linkedin.com/company/extraterrien","https://media.licdn.com/dms/image/v2/D4E0BAQHaJ67ARPvdaQ/company-logo_100_100/company-logo_100_100/0/1708528010809/extraterrien_logo?e=2147483647&v=beta&t=p2zNX8gHVbgLJfjQbkl6dTp2Zeu86ZAPosza0NJOLZU","","","","","","","","","","",""
"li-4467075734","linkedin","https://www.linkedin.com/jobs/view/4467075734","","Développeur logiciel C++ Qt - Secteur Robotique et Drone H/F","Viveris","Massy, Île-de-France, France","2026-09-14","fulltime","","","","","",False,"associate","Engineering","","","Viveris et un groupe de conseil et d'ingénierie spécialisé dans la conduite et la réalisation de projets dans les domaines de l'informatique et de l'électronique.
   

  

 S'engager avec Viveris, c'est l'assurance de relever des défis techniques et humains tout en travaillant sur des projets innovants dans un environnement collaboratif et solidaire.
   

  

 Contexte de la mission :
   

  

 Viveris est reconnu pour son expertise en développement de systèmes embarqués et systèmes industriels. Ces développements font appels à des équipes pluridisciplinaires : mécanique, électronique, logiciel embarqué, banc de test, logiciel applicatif...
   

  

 Au sein de l'équipe « logiciel embarqué », vous intervenez sur un projet complet de développement de système connecté dans les domaines de la robotique et du drone.
   

  

 Vos responsabilités :
   

  

 \-  Comprendre et analyser les besoins et l'existant ;
   

 \- Ecrire les spécifications techniques ;
   

 \- Participer au développement logiciel ;
   

 \- Mettre en oeuvre les tests et la validation ;
   

 \- Rédiger la documentation associée.
   

  

  

  

  

  

 Profil recherché :
   

  

 \- De formation Bac \+5, ingénieur ou universitaire, avec une dominante informatique industrielle, vous avez une première expérience en développement logiciel dans le monde du système connecté ;
   

 \- Vous êtes capable de porter un projet, de résoudre des problématiques techniques, de répondre aux besoins spécifiques clients, le tout avec un haut niveau d'autonomie et dans un objectif de qualité et de maintenabilité du produit ;
   

 \- Vous maîtrisez l'anglais technique.
   

  

  

 Compétences techniques :
   

  

 \- UML, QML ;
   

 \- Langages C/C\+\+ ;
   

 \- Maîtrise du framework Qt.
   

  

  

 Nos avantages :
   

  

 \-  Rémunération attractive et évolutive, mutuelle familiale à garantie haute ;
   

 \- Tickets restaurant pris en charge à 60 %, 100 % titre de transport urbain remboursé ;
   

 \- Primes d'intéressement, de participation et de cooptation ;
   

 \- 2 jours de télétravail par semaine ;
   

 \- Formation continue avec LinkedIn Learning et nos communautés techniques.
   

  

  

  

 Ref : 30887631","Software Development","https://fr.linkedin.com/company/viveris","https://media.licdn.com/dms/image/v2/D560BAQHOljMcvBERDg/company-logo_100_100/B56Z.taRNkHIAI-/0/1785320773760/viveris_logo?e=2147483647&v=beta&t=GWzJmNe2lJwtdhJvPWK0lF8p9s3-ya_xsBdjAUZB1Os","","","","","","","","","","",""
"li-4435974130","linkedin","https://www.linkedin.com/jobs/view/4435974130","","Développeur senior Android","Mobiskill | WEFY Group","Paris, Île-de-France, France","","fulltime","","","","","",True,"mid-senior level","Engineering","","","**L'entreprise** 




 L’un des pionniers européens du streaming vidéo, détenu désormais par un grand groupe international.
 



 Cette plateforme permet à des millions d’utilisateurs de regarder, partager et héberger des vidéos autour de thématiques fortes comme l’actualité, la musique, le divertissement et le sport.
 



 Elle a pour ambition de créer la prochaine grosse app sociale et concurrencer les gros du marché !
 



  





**Missions** 



* Concevoir, coder et déployer en totale autonomie des fonctionnalités Android
 *scalable*
* Travailler main dans la main avec le Produit, le Design, la QA et les autres équipes tech
* Garantir la stabilité et la fluidité de l'application, résoudre les bugs et optimiser en continu l'expérience utilisateur
* Faire évoluer la stack Android, diffuser les meilleures pratiques d'ingénierie et explorer activement l'intégration de l'IA pour enrichir le produit



  





**Profil recherché** 



* Séniorité \& Tech moderne : \+5 ans d'expérience Android, maîtrise de l'architecture moderne et des frameworks clés (Jetpack Compose, Coroutines, Flow)
* Profil ayant évolué en startup : itération, culture data driven...
* Product\-First \& UX : Profil orienté produit et non simple ""exécutant de tickets""
* Culture B2C \& Fort trafic : Expérience confirmée sur des applications grand public à forte audience (médias, social, divertissement) avec une culture de l'itération rapide
* Soft Skills \& Bonus IA : Anglais\+ Français, esprit collaboratif et un fort intérêt pour l'intégration de fonctionnalités IA/Machine Learning
* Et surtout : un profil entrepreneurial, passionné par les jolies apps sociales !



  





**Budget** 
 : 80k package
 



  





**Pourquoi les rejoindre ?** 




 \- Remote flex, une présence au bureau toutes les 2 semaines voire une fois par mois
 



 \- Esprit startup au sein d'un grand groupe international
 



 \- Ambition de scaler vers des millions d'utilisateurs, belles évolutions possibles","Technology, Information and Media","https://fr.linkedin.com/company/mobiskill","https://media.licdn.com/dms/image/v2/D4E0BAQEi092yVBcDKQ/company-logo_100_100/company-logo_100_100/0/1705404898906/mobiskill_logo?e=2147483647&v=beta&t=reFJHNgGLrXi_qxL3tW5tT3LiVR0tZms0UNDi4c95fc","","","","","","","","","","",""
"li-4468245624","linkedin","https://www.linkedin.com/jobs/view/4468245624","","Community Manager / Vidéaste - Alternance f/h","PYLONES","Colombes, Île-de-France, France","","internship","","","","","",False,"internship","Marketing and Sales","","","À propos de PYLONES
   

  

**Pylones c'est qui ?**
 Une team qui a le smile depuis 40 ans !
   

  

 Créée en 1985, Pylones révolutionne les objets du quotidien dans un esprit pop et un design empreint de bonne humeur.
   

  

 Nous sommes plus de 500 Pyloniens avec un réseau de plus de 85 boutiques à travers le monde, symbole d'un état d'esprit universel, simple et accessible à tous.
   

  

**Pylones c'est quoi ?**
 Des objets qui mettent du pep's, de l'humour et de la couleur dans le quotidien !
   

  

 Nous inventons, dessinons et fabriquons des collections joyeuses, toujours hautes en couleurs ! Nos objets sont un condensé de nos différentes passions et valeurs chez Pylones. De nouvelles pièces irrésistibles à chérir et à transmettre qui ne vous quitteront pas !
   

  

**Pylones c'est vous !**
 Vous aimez la couleur, les objets qui donnent le sourire et les nouveaux défis ?
   

  

 Vous êtes une personne investie, rigoureuse, dynamique, dotée d'un bon relationnel et souhaitez participer activement à la création de contenus pour renforcer notre notoriété digitale sur les réseaux sociaux?
   

  

 Rejoignez notre équipe du Pôle communication en qualité de
 **Community Manager / Vidéaste** 
 en apprentissage sur notre siège social de Colombes (92\) pour une durée de 12 mois.
   

  

 Le poste
   

  

 Nous accueillons un.e
 **Community Manager / Vidéaste** 
 en alternance, pour une durée de 12 mois au sein de notre pôle Communication.
   

  

 Rattaché.e à la Chargée de Communication Réseaux sociaux vos missions seront les suivantes :
   

  

**Cm**
* Réalisation et montage de vidéos courtes à destination des réseaux sociaux (TikTok \& Instagram) sur iphone.
* Incarnation des contenus vidéos
* Proposition de contenus
* Veille sur les nouvelles tendances stratégiques
* Assistance sur les tournages et shootings des nouvelles collections


**Vidéo**
* Définir, organiser les shoootings et tournages RS.
* Production : gérer et savoir utiliser son matériel (caméra, stabilisateur, micro, pied).
* Captation vidéo, prise de son.
* Post\-production (dérushage, montage, mixage, habillage, étalonnage, sound design...).
* Montage vidéo depuis Premiere Pro \& Da Vinci Resolve. Export pour les réseaux sociaux et le site Internet.
* Travail en binôme avec le/la chargée de communication RS.
* Produire des vidéos pour les fiches produits / bannières du site web.


**Matériels photos et vidéos à disposition**
* Boitier Vidéo Sony \+ objectifs
* Accessoires Photos et vidéos (stabilisateur, lights…)
* Ordinateur Portable Macbook Pro


 Poste à pourvoir
 **dès que possible.**
 Profil recherché
   

  

 Vous êtes étudiant.e en 1ère ou 2ème année de Master dans une filière Communication / vidéo.
   

  

 Vous êtes creatif.ve, curieux.se , force de proposition et vous êtes doté.e d’un bon sens du relationnel. Vous maîtrisez les codes et les usages des réseaux sociaux (TikTok et Instagram) et suivez les nouvelles tendances. Vous avez un intérêt pour l’univers de la décoration et de la création.
   

  

 Maîtrise des bases du montage vidéo (CapCut) et du pack Office \+ boitier \+ objectifs. Maîtrise de la lumière, le cadrage.
   

  

 Une appétence pour IA est fortement appréciable.
   

  

 Une première expérience réussie en communication digitale est appréciée.
   

  

 Partager l'offre","Retail","https://www.linkedin.com/company/pyloneser","https://static.licdn.com/aero-v1/sc/h/aajlclc14rr2scznz5qm2rj9u","","","","","","","","","","",""
"li-4465928874","linkedin","https://www.linkedin.com/jobs/view/4465928874","","Développeur Android (H/F)","Free-Work","Trappes, Île-de-France, France","","fulltime","","","","","",False,"mid-senior level","Engineering and Information Technology","","","Notre client explore de nouvelles façons de vivre l'interaction homme\-machine : personnalisation visuelle générée par IA, assistants conversationnels qui prennent vie en 3D etc...
   

  

 C'est justement là que vous intervenez, sur l'un de nos projets qui vise à enrichir les interactions avec un assistant conversationnel grâce à des visualisations 3D immersives et interactives.
   

  

**Ce que vous allez faire**
* Développer des applications Android natives et des prototypes rapides
* Concevoir et développer des expériences 3D temps réel sous Unity
* Manipuler modèles 3D, caméras, animations et effets visuels pour donner vie à un assistant conversationnel
* Intégrer des briques LLM / IA générative pour rendre ces interactions vraiment intelligentes
* Travailler main dans la main avec les équipes UX/UI sur des projets exploratoires, loin du run classique


 Profil candidat:
   

  

* Vous avez une bonne expérience du développement Android, idéalement sur des contextes embarqués ou du prototypage
* Vous maîtrisez Unity et les environnements 3D temps réel
* Idéalement vous avez déjà mis les mains dans l'IA générative : intégration de LLM, API, prompt engineering
* Vous êtes à l'aise pour naviguer entre plusieurs technos et n'avez pas peur des projets en mode exploratoire / R\&D
* Un profil venant du gaming, de l'automobile ou d'un lab innovation ? C'est un vrai plus.","Technology, Information and Internet","https://fr.linkedin.com/company/free-work-com","https://media.licdn.com/dms/image/v2/C4E0BAQF5W6yWMv4fbA/company-logo_100_100/company-logo_100_100/0/1658140275330/freelance_info_logo?e=2147483647&v=beta&t=mh0PNzZpvPFVBlsWGxDJEcnuyS14aH5WkKI0MxDEzik","","","","","","","","","","",""
"li-4468249134","linkedin","https://www.linkedin.com/jobs/view/4468249134","","Ingénieure / Ingénieur XR Unity 3D - Systèmes 3D Temps Réel","Capgemini Engineering","Issy-les-Moulineaux, Île-de-France, France","","fulltime","","","","","",False,"mid-senior level","Information Technology","","","Capgemini Engineering, leader mondial des services d'ingénierie , rassemble des équipes d'ingénieurs , de scientifiques et d'architectes pour aider les entreprises les plus innovantes dans le monde à libérer leur potentiel . Des voitures autonomes aux robots qui sauvent des vies, nos experts en technologies digitales et logicielles sortent des sentiers battus en fournissant des services uniques de R\&D et d'ingénierie dans tous les secteurs d'activité . Rejoignez nous pour une carrière pleine d'opportunités , où vous pouvez faire la différence et où aucun jour ne se ressemble
   

  

 Vos missions
   

  

* Concevoir et développer des environnements immersifs en réalité virtuelle avec Unity 3D et les technologies XR.
* Intégrer des contenus générés par intelligence artificielle dans des expériences 3D interactives et temps réel.
* Optimiser les performances et la qualité des applications VR afin de garantir une expérience utilisateur fluide.
* Développer des outils et des composants logiciels pour faciliter la gestion des environnements et des assets 3D.
* Participer à la veille technologique et contribuer à la création de solutions innovantes et réutilisables.


 Votre profil
   

  

* Vous êtes diplômée ou diplômé d’une école d’ingénieur, d’un master ou d’un doctorat en informatique, XR ou développement logiciel.
* Vous justifiez d’au moins 3 ans d’expérience en développement VR avec Unity 3D et C\#.
* Vous maîtrisez Unity 3D, C\#, les SDK XR (OpenXR, Oculus ou SteamVR) ainsi que les problématiques de rendu 3D temps réel et d’optimisation.
* Vous disposez également de solides compétences en développement d’applications basées sur les technologies .NET et maîtrisez au moins une technologie Front\-End moderne telle qu’Angular ou React.
* Une expérience de l’intégration de solutions d’intelligence artificielle ou des environnements immersifs constitue un atout.
* Vous disposez d’un niveau d’anglais professionnel et faites preuve de collaboration, d’adaptabilité et d’une forte capacité d’apprentissage.


 3 raisons de nous rejoindre
   

  

**Qualité de vie au travail :** 
 accord de télétravail en France et à l’international, accord sur l’égalité professionnelle, la parentalité, l’équilibre des temps et la mobilité durable.
   

  

**Apprentissage en continu :** 
 certifications et formations en libre accès, accompagnement sur mesure avec votre career manager, parcours d’intégration sur 9 mois.
   

  

**Avantages groupe \& CSE :** 
 plan actionnariat, activités à tarifs préférentiels, remboursement partiel vacances, remboursement de votre abonnement sportif ou culturel
   

  

 Nos engagements et priorités :
   

  

 Le groupe Capgemini encourage une culture inclusive dans un cadre multiculturel et handi\-accueillant. En nous rejoignant, vous intégrez un collectif qui valorise la diversité, développe le potentiel de ses talents, s’engage dans des initiatives solidaires avec ses partenaires, et se mobilise pour réduire son impact environnemental sur tous ses sites et auprès de ses clients.
   

  

 Capgemini est un leader mondial, responsable et multiculturel, regroupant près de 350 000 personnes dans plus de 50 pays. Fort de 55 ans d'expérience, nous sommes un partenaire stratégique des entreprises pour la transformation de leurs activités en tirant profit de toute la puissance de la technologie et des innovations dans les domaines en perpétuelle évolution tels que le cloud, la data, l'intelligence Artificielle, la connectivité, les logiciels, l'ingénierie digitale ou les plateformes.","Engineering Services","https://fr.linkedin.com/company/capgemini-engineering","https://media.licdn.com/dms/image/v2/D4E0BAQF65j53YY6XWA/company-logo_100_100/B4EZqB8jt5GUAQ-/0/1763116728049/capgemini_engineering_logo?e=2147483647&v=beta&t=mL00_jBY2TJhTyB4Ge-jt1Ln1UO7kKZyip6Ro_t8JiM","","","","","","","","","","",""
"in-af0c20e353a7c582","indeed","https://fr.indeed.com/viewjob?jk=af0c20e353a7c582","https://open.wd103.myworkdayjobs.com/OPEN/job/Nantes/Dveloppeur-NET---React_R15498","Concepteur Développeur .NET / React H/F","Open","Nantes, B5, FR","2026-09-16","","","","","","",False,"","","","","Open, c'est 4 000 collaborateurs engagés pour faire du numérique un levier de transformation au service de l'humain et de la performance.

**Mais Open Nantes, c'est quoi ?**

* Plus de 200 collaborateurs
* Une agence de proximité et un Centre de Services
* Des projets dans la Banque, l'Assurance, les Télécoms, les Transports et le Secteur Public
* Des expertises reconnues en Développement, Data, DevOps, Cloud et Testing
* Un accompagnement personnalisé et de réelles perspectives d'évolution


 La mission


Nous recrutons un **Développeur Full Stack .NET / React confirmé ou sénior** pour rejoindre les équipes d'un acteur majeur du secteur bancaire.


Vous intégrerez un domaine stratégique dédié au **pilotage commercial et à la rentabilité client**, dont les applications permettent de collecter, traiter et mettre à disposition des données essentielles pour les équipes commerciales.


Vous interviendrez principalement sur un ensemble de services Web et d'API au cœur du système d'information, dans un environnement moderne et exigeant où la qualité, la sécurité et la performance sont des enjeux majeurs.


L'un des projets phares de l'année à venir sera la **migration de l'écosystème vers Azure**, offrant de belles perspectives techniques autour du Cloud et du DevOps.


 Vos missions

* Participer à la conception technique et aux choix d'architecture.
* Estimer la faisabilité et les charges de développement.
* Développer et faire évoluer les services Web et API en .NET Core / .NET 8\.
* Réaliser les développements Front\-End en React JS.
* Mettre en œuvre les bonnes pratiques de développement et garantir la qualité du code.
* Réaliser les tests unitaires et participer aux phases de validation.
* Contribuer à l'intégration continue et aux déploiements.
* Participer aux travaux de modernisation et de migration vers Azure.
* Collaborer avec les équipes métiers et techniques dans un environnement Agile.


 La mission est orientée majoritairement **Back\-End (80%)**, avec une composante **Front\-End (20%)**.


️ Et si c'était vous ?


Vous justifiez d'au moins **5 ans d'expérience** en développement d'applications et disposez d'une solide maîtrise de l'environnement Microsoft.


Vous avez des compétences sur :

* .NET Core / .NET 8 / C\#
* React JS
* API REST
* GitHub
* CI/CD et pratiques DevOps
* Azure (ou une forte appétence pour le Cloud)


Vous appréciez les environnements complexes, les défis techniques et les projets à forts enjeux.


Un **niveau d'anglais professionnel** est nécessaire pour évoluer dans cet environnement international.


 Vous ne cochez pas toutes les cases ? N'hésitez pas à postuler. Nous recherchons avant tout des collaborateurs passionnés, curieux et désireux de progresser.


 Ce qui vous attend

* Une intégration personnalisée.
* Des équipes expertes et passionnées.
* Des projets stratégiques chez de grands acteurs du marché.
* Un accompagnement de proximité dans votre évolution.
* L'accès à nos Practices et communautés d'experts.
* Des formations et certifications pour développer vos compétences.
* De belles opportunités de carrière au sein du groupe.
  

**Notre process de recrutement :** Un bref échange téléphonique, un premier échange RH, un deuxième échange avec un manager et un dernier échange technique.

  

✨ Envie d'en savoir plus ? Découvrez les coulisses Open : photos, vidéos, recrutement

  

CODE REC : PRI27227

**Qu’attendez\-vous pour être Open ?**","","https://fr.indeed.com/cmp/Open-920e0448","https://d2q79iu7y748jz.cloudfront.net/s/_squarelogo/256x256/b1ccde4f524ab6afd860f63f1532fc3e","https://www.open.global/","","1,001 to 5,000","$100M to $500M (USD)","","","","","","",""
"in-a1aa7c2b51199bae","indeed","https://fr.indeed.com/viewjob?jk=a1aa7c2b51199bae","https://jobs.smartrecruiters.com/SopraSteria1/744000149810799-developpeur-euse-confirme-e-fullstack-java-services-financiers-niort","Développeur(euse) confirmé(e) - Fullstack Java - Services Financiers – Niort","Sopra Steria","Bessines, NA, FR","2026-09-16","fulltime","","","","","",False,"","","","","**Description de l'entreprise**
-------------------------------

**Sopra Steria**, acteur majeur de la Tech en Europe, avec 51 000 collaborateurs dans près de 30 pays, est reconnu pour ses activités de conseil, de services et solutions numériques. Il aide ses clients à mener leur transformation digitale et à obtenir des bénéfices concrets et durables. Le Groupe apporte une réponse globale aux enjeux de compétitivité des grandes entreprises et organisations, en combinant une connaissance approfondie des secteurs d’activité et des technologies à une approche collaborative. Sopra Steria place l’humain au cœur de son action et s’engage auprès de ses clients à tirer le meilleur parti du numérique pour construire un avenir positif. En 2024, le Groupe a réalisé un chiffre d’affaires de 5,8 milliards d’euros.  

  

***The world is how we shape it\****

**Description du poste**
------------------------


Vous rejoignez l'agence de Niort, implanté depuis 20 ans, à taille humaine et refaite à neuf en 2024\. Vous intégrerez des équipes travaillant sur des domaines fonctionnels variés tels que l’assurance et la protection sociale ainsi que les services.


Vous êtes coaché(e) par un référent(e) technique/architecte pour accélérer le développement de vos compétences techniques et méthodologiques.  

Les référents fonctionnels du projet vous accompagnent pour appréhender les enjeux « métier » de ce projet stratégique.

**Votre rôle et vos missions :**  

  

Vous êtes formé(e) à nos process qualité et méthodes. Vous avez accès aux Communautés, à tous types de certifications et à nos plateformes de formation (e\-learning, présentiel).


Dans le cadre de votre rôle de **Développeur/se Full Stack**, voici les tâches qui vous seront confiées :

* Participer aux réflexions d'architecture et de choix techniques
* Participer à la conception technique du projet
* Réaliser le développement du projet
* Effectuer les tests techniques et fonctionnels


Vous pourrez être amené à travailler sur des projets innovants comme l’Intelligence Artificielle.

**Qualifications**
------------------

**Votre profil :**


De formation type Bac \+ 5 (Ecole d'Ingénieurs ou Université ou formation équivalent), vous justifiez d'une expérience technique de 3 ans minimum en conception et programmation front end et back end (JAVA, ReactJS et/ou Angular) et vous présentez d'excellentes aptitudes au travail en équipe agile. Avoir des notions de DevSecOps est un plus


Vous faites preuve d’adaptabilité, vous possédez un excellent relationnel et appréciez le travail en équipe.


Vous faites preuve de fortes capacités d'adaptation, possédez un excellent relationnel et appréciez le travail en équipe.

**Informations complémentaires**
--------------------------------

**Les avantages à nous rejoindre** **:**

* Un accord télétravail pour télétravailler jusqu'à 2 jours par semaine selon vos missions.
* Un package avantages intéressants : une mutuelle, un CSE, des titres restaurants, un accord d'intéressement, des primes vacances et cooptation.
* Des opportunités de carrières multiples : plus de 50 métiers, des secteurs d’activités très hétérogènes autant de passerelles à imaginer ensemble.
* La possibilité de s'engager auprès de notre fondation et / ou de notre partenaire « Vendredi »
* L'opportunité de rejoindre le collectif Tech'Me UP / Tech Women Up, communauté technique du groupe pour s’enrichir de formations, conférences, actions de veille, et bien plus encore...
* Plusieurs centaines de formations accessibles en toute autonomie avec la Sopra Steria Academy


Employeur inclusif et engagé, notre société œuvre chaque jour pour lutter contre toute forme de discrimination et favoriser un environnement de travail respectueux. C’est pourquoi, attachés à la mixité et à la diversité, nous encourageons toutes les candidatures et tous les profils.


https://www.soprasteria.fr/nous\-connaitre/nos\-engagements","","https://fr.indeed.com/cmp/Sopra-Steria","https://d2q79iu7y748jz.cloudfront.net/s/_squarelogo/256x256/01c8b570240c5987e7eab3ebbc7a1b63","https://www.soprasteria.fr/carrieres","Annecy","10,000+","$1B to $5B (USD)","Purpose-driven and collaborative, we provide consulting, digital services, and software development, creating innovative solutions that make life better for our colleagues, clients, and communities.","","","","","",""
"in-0b9ed5fc35840340","indeed","https://fr.indeed.com/viewjob?jk=0b9ed5fc35840340","https://jobs.smartrecruiters.com/SopraSteria1/744000149861668-stage-developpeur-se-full-stack-services-financiers-paris","Stage - Développeur.se Full Stack Services Financiers - Paris","Sopra Steria","Paris, A8, FR","2026-09-16","internship","","","","","",False,"","","","","**Description de l'entreprise**
-------------------------------

**Sopra Steria**, acteur majeur de la Tech en Europe, avec 51 000 collaborateurs dans près de 30 pays, est reconnu pour ses activités de conseil, de services et solutions numériques. Il aide ses clients à mener leur transformation digitale et à obtenir des bénéfices concrets et durables. Le Groupe apporte une réponse globale aux enjeux de compétitivité des grandes entreprises et organisations, en combinant une connaissance approfondie des secteurs d’activité et des technologies à une approche collaborative.  

  

Sopra Steria place l’humain au cœur de son action et s’engage auprès de ses clients à tirer le meilleur parti du numérique pour construire un avenir positif. En 2025, le Groupe a réalisé un chiffre d’affaires de 5,6 milliards d’euros.

**Description du poste**
------------------------


Vous intégrez l'une des équipes basé à Paris et dédié à des projets pour des acteurs majeurs de ces domaines (assurances, mutuelles, grands groupes de protection sociale, régimes spéciaux de retraite).


Ces projets suivent une méthodologie agile, industrielle et outillée qui vous permettra de disposer d'une expérience solide dans un contexte professionnel reconnu. Ils exploitent des environnements techniques Java standards sur lesquels vous serez accompagné(e) tout au long de votre stage. A ce titre, vous pouvez être amené à travailler sur des environnements Cloud (AWS, Azure…)


Les missions du stage :

* Réalisation de dossiers de conception
* Développement en Java
* Réalisation des tests unitaires
* Phases de qualification
**Qualifications**
------------------


Vous possédez un bon relationnel, le sens du service et vous aimez travailler en équipe.


Vous êtes curieux (se) et logique, bon (ne) communiquant (e) et adhérez à l'idée que le développement de la société s'appuie sur l'esprit d'innovation de ses collaborateurs.


Etudiant(e) en dernière année d'école d'Ingénieurs ou universitaire ou formation équivalente, vous recherchez un stage de fin d'études de 6 mois.


Vous souhaitez être acteur de votre carrière ? Le challenge vous motive ? Rejoignez sans plus attendre les équipes Services Financiers !

**Informations complémentaires**
--------------------------------

* Un accord télétravail pour télétravailler jusqu’à 2 jours par semaine selon vos missions.
* Un package avantages intéressant : une mutuelle, un CSE, des titres restaurants, un accord d’intéressement, des primes vacances et cooptation.
* Des opportunités de carrières multiples : plus de 30 familles de métiers, autant de passerelles à imaginer ensemble.
* Plusieurs centaines de formations accessibles en toute autonomie avec Sopra Steria Academy.
* L'opportunité de rejoindre le collectif Tech'Me UP (formations, conférences, veille, et bien plus encore…).


Employeur inclusif et engagé, notre société œuvre chaque jour pour lutter contre toute forme de discrimination et favoriser un environnement de travail respectueux. C’est pourquoi, attachés à la mixité et à la diversité, nous encourageons toutes les candidatures et tous les profils.


https://www.soprasteria.fr/nous\-connaitre/nos\-engagements","","https://fr.indeed.com/cmp/Sopra-Steria","https://d2q79iu7y748jz.cloudfront.net/s/_squarelogo/256x256/01c8b570240c5987e7eab3ebbc7a1b63","https://www.soprasteria.fr/carrieres","Annecy","10,000+","$1B to $5B (USD)","Purpose-driven and collaborative, we provide consulting, digital services, and software development, creating innovative solutions that make life better for our colleagues, clients, and communities.","","","","","",""
"in-2c86f581b271039b","indeed","https://fr.indeed.com/viewjob?jk=2c86f581b271039b","https://recrutement.natixis.com/en/job/internship-6-months-full-stack-developer-ai-application-support-f-w","Internship - 6 months - Full Stack Developer & AI - Application Support F/W","Natixis","Paris, A8, FR","2026-09-16","internship","","","","","",False,"","","","","**Company Description**
-----------------------

  

  

Natixis Corporate \& Investment Banking is a leading global financial institution that provides advisory, investment banking, financing, corporate banking and capital markets services to corporations, financial institutions, financial sponsors and sovereign and supranational organizations worldwide.


Our teams of experts in close to 30 countries advise clients on their strategic development, helping them to grow and transform their businesses, and maximize their positive impact. Natixis CIB is committed to aligning its financing portfolio with a carbon neutrality path by 2050 while helping its clients reduce the environmental impact of their business.


As part of Groupe BPCE, the second largest banking group in France through the Banque Populaire and Caisse d’Epargne retail networks, Natixis CIB benefits from the Group’s financial strength and solid financial ratings (Standard \& Poor's: A\+, Moody's: A2, Fitch Ratings: A\+,R\&I: A\+).

  

  

  

**Job Description**
-------------------

  

  

You are joining our production and IT support teams for the Fixed Income, FX, and Credit activities, who are looking for a **developer** , for an internship of **6 months** from **January 2027** .


The teams support users in the trading rooms and ensure the smooth running of the applications necessary for their activities. Support requests are now mainly made in several Microsoft Teams channels. The multiplication and fragmentation of exchanges make it difficult to identify new requests, monitor their processing and ensure that no request remains unanswered.


A POC was developed to extract and structure Teams conversations, then analyze them using artificial intelligence to identify support requests. The objective of the internship is to industrialize this POC in order to make it robust, maintainable, and integrated into the information system.


Technological choices are not fixed. The solution will be able to rely on Python, JavaScript or TypeScript, Node.js and various web frameworks, depending on their relevance with regard to security, integration, maintainability, and operational constraints.


In collaboration with your tutor, your main tasks will be:


* Understand the activities of the production and support teams as well as the functioning of the existing POC;
* Define and implement an architecture to industrialize the collection and analysis of Teams conversations;
* Make the detection, grouping, and qualification of support requests more reliable using artificial intelligence;
* Develop the APIs and integration mechanisms needed to create and synchronize tickets in ServiceNoW;
* Design a web console to view, filter, assign and track requests in real time;
* Set up testing, logging, supervision, error management, and continuous integration;
Document the solution and prepare it for support by production and support teams.  
* 

  

**\#Transformative finance**  

You operate in an international and inclusive environment, fostering collaboration with concrete missions and a real impact. We will accompany you throughout your experience with us so that you can learn and develop your skills working alongside experienced professionals.
  

You also have the opportunity to engage in favor of society and causes that are important to you through our corporate foundation.
  

In addition to an attractive internship allowance calculated according to your training and level of education, you benefit from a reimbursement of 60% of your transport ticket, one paid day of authorized leave for each month worked, and access to the company’s restaurant.
  

You will also have access to the works council.

  

  

**Required Skills/Qualifications/Experience**
---------------------------------------------

  

  

As a Bac\+4/5 student, you are preparing a degree (university, engineering or business school) with a specialization in computer science.
  

  

You have a solid foundation in software development and are proficient in at least one language such as Python, JavaScript or TypeScript.
  

You want to strengthen your skills around the development of REST APIs, Node.js or a Python framework, web development, SQL databases, Git, automated tests, Docker and CI/CD strings.
  

You have a strong interest in generative AI, language models (LLM) and their integration into business applications.
  

Curious, rigorous and autonomous, you know how to propose pragmatic solutions while taking into account the issues of safety, maintainability and operation.
  

You have good interpersonal skills and are comfortable collaborating with IT teams, clients, and application production teams.
  

  

And last but not least, you are perfectly fluent in English.","","https://fr.indeed.com/cmp/Natixis","https://d2q79iu7y748jz.cloudfront.net/s/_squarelogo/256x256/bf69651c672d6253bd53dfa09128a4c8","https://www.natixis.com","Paris","10,000+","$5B to $10B (USD)","At Natixis, we create tailor-made solutions in Asset & Wealth Management and in Corporate and Investment Banking, with over 12,000 employees  in 35 countries. 

","","","","","",""
"in-f129e4aa33ac210f","indeed","https://fr.indeed.com/viewjob?jk=f129e4aa33ac210f","https://recrutement.natixis.com/job/stage-6-mois-developpeur-full-stack-ia-support-applicatif-f-h","Stage - 6 mois - Développeur Full Stack & IA - Support Applicatif F/H","Natixis","Paris, A8, FR","2026-09-16","internship","","","","","",False,"","","","","**Description de l’entreprise**
-------------------------------

  

  

Institution financière internationale de premier plan, Natixis Corporate \& Investment Banking met à disposition des entreprises, institutions financières, fonds d’investissement, agences souverains et supranationaux une palette de services en conseil, investment banking, financements, banque commerciale et sur les marchés de capitaux.


Ses équipes d’experts, présentes dans environ 30 pays, conseillent les clients sur leur développement stratégique en les accompagnant dans le développement et la transformation de leurs activités tout en maximisant leur impact positif. Natixis CIB s’engage sur un alignement de son portefeuille de financements sur une trajectoire de neutralité carbone d’ici 2050 tout en aidant ses clients à réduire l’impact environnemental de leur activité.


Natixis CIB fait partie du Groupe BPCE, deuxième groupe bancaire en France à travers les réseaux Banque Populaire et Caisse d’Epargne. Elle bénéficie de la puissance financière et des solides notations du Groupe (Standard \& Poor's : A\+, Moody's : A2, Fitch Ratings: A\+, R\&I : A\+).

  

  

**Poste et missions**
---------------------

  

  

Vous rejoignez nos équipes de production et de support IT des activités Fixed Income, FX et Crédit, qui recherchent un **développeur** , pour un stage de **6 mois** à partir de **janvier 2027** .


Les équipes accompagnent les utilisateurs des salles de marché et assurent le bon fonctionnement des applications nécessaires à leurs activités. Les demandes de support sont aujourd’hui principalement formulées dans plusieurs canaux Microsoft Teams. La multiplication et la fragmentation des échanges rendent difficiles l’identification des nouvelles demandes, le suivi de leur traitement et la garantie qu’aucune sollicitation ne reste sans réponse.


Un POC a été développé afin d’extraire et de structurer les conversations Teams, puis de les analyser à l’aide de l’intelligence artificielle pour identifier les demandes de support. L’objectif du stage est d’industrialiser ce POC afin de le rendre robuste, maintenable et intégrable au système d’information.


Les choix technologiques ne sont pas figés. La solution pourra notamment s’appuyer sur Python, JavaScript ou TypeScript, Node.js et différents frameworks web, selon leur pertinence au regard des contraintes de sécurité, d’intégration, de maintenabilité et d’exploitation.


En collaboration avec votre tuteur, vos missions principales seront :


* Comprendre les activités des équipes de production et de support ainsi que le fonctionnement du POC existant ;
* Définir et mettre en œuvre une architecture permettant d’industrialiser la collecte et l’analyse des conversations Teams ;
* Fiabiliser la détection, le regroupement et la qualification des demandes de support à l’aide de l’intelligence artificielle ;
* Développer les API et les mécanismes d’intégration nécessaires à la création et à la synchronisation des tickets dans ServiceNoW ;
* Concevoir une console web permettant de visualiser, filtrer, assigner et suivre les demandes en temps réel ;
* Mettre en place les tests, la journalisation, la supervision, la gestion des erreurs et l’intégration continue ;
* Documenter la solution et préparer sa prise en charge par les équipes de production et de support.
  

**\#FinanceTransformative**  

Vous évoluez dans un environnement international et inclusif, favorisant le collaboratif avec des missions concrètes et un impact réel. Nous vous accompagnerons tout au long de votre expérience chez nous pour que vous puissiez apprendre et développer vos compétences en travaillant aux côtés de professionnels expérimentés.
  

Vous avez également la possibilité de vous engager en faveur de la société et de causes qui vous tiennent à cœur via notre fondation d’entreprise.
  

En plus d’une indemnité de stage attractive calculée en fonction de votre formation et de votre niveau d’études, vous bénéficiez du remboursement de votre titre de transport à hauteur de 60 %, d’un jour d’absence autorisé payé pour chaque mois travaillé et de l’accès au restaurant de l’entreprise.
  

Vous pourrez également avoir accès au comité d’entreprise.

  

  

**Profil et compétences requises**
----------------------------------

  

  

Étudiant de niveau Bac\+4/5 vous preparéz un diplôme (université, école d’ingénieur ou de commerce) avec une spécialisation en informatique.
  

  

Vous possédez de solides bases en développement logiciel et maîtrisez au moins un langage tel que Python, JavaScript ou TypeScript.
  

Vous souhaitez renforcer vos compétences autour du développement d’API REST, de Node.js ou d’un framework Python, du développement web, des bases de données SQL, de Git, des tests automatisés, de Docker et des chaînes CI/CD.
  

Vous portez un intérêt marqué à l’IA générative, aux modèles de langage (LLM) et à leur intégration dans des applications métier.
  

Curieux, rigoureux et autonome, vous savez proposer des solutions pragmatiques en tenant compte des enjeux de sécurité, de maintenabilité et d’exploitation.
  

Vous disposez d’un bon relationnel et êtes à l’aise pour collaborer avec les équipes IT, les clients et les équipes de production applicative.
  

  

And last but not least, you are perfectly fluent in English.","","https://fr.indeed.com/cmp/Natixis","https://d2q79iu7y748jz.cloudfront.net/s/_squarelogo/256x256/bf69651c672d6253bd53dfa09128a4c8","https://www.natixis.com","Paris","10,000+","$5B to $10B (USD)","At Natixis, we create tailor-made solutions in Asset & Wealth Management and in Corporate and Investment Banking, with over 12,000 employees  in 35 countries. 

","","","","","",""
"in-1e0aba3c8cc137c7","indeed","https://fr.indeed.com/viewjob?jk=1e0aba3c8cc137c7","http://fr.indeed.com/job/d%C3%A9veloppeur-front-crm-hf-1e0aba3c8cc137c7","Développeur Front CRM H/F","Synapsun SAS","Sainte-Foy-lès-Lyon, ARA, FR","2026-09-16","fulltime","","","","","",True,"","","","","SYNAPSUN est une société française innovante, experte en **sourcing, ingénierie et négoce de panneaux photovoltaïques en BtoB**.

Notre mission : **faciliter la transition énergétique** en connectant fabricants de modules PV, développeurs de projets et EPCistes grâce à une **chaîne d’approvisionnement digitalisée, transparente et fiable**.

Nos atouts :

* Des outils digitaux exclusifs (catalogue interactif, moteur de recherche des certifications, PAN Analyser).
* Une expertise reconnue : sourcing, qualité, conformité, logistique et accompagnement complet.
* Une position unique : intermédiaire de confiance entre fabricants et acteurs de la construction solaire.
* Un secteur en forte croissance, porté par la transition énergétique européenne.

**Le poste :**

Nous recherchons un.e Développeur.euse WEB avec une appétence pour les environnements CRM \& CMS pour rejoindre nos équipes. SYNAPSUN veut concevoir un logiciel SAAS qui aide les entreprises à gérer leur sourcing de panneau photovoltaïque. Le logiciel a pour but de simplifier le suivi des approvisionnements en panneau, de la fabrication chez nos partenaires jusqu’à la livraison des produits sur le chantier de nos clients.

Le produit est alimenté par un CRM qui centralise l’ensemble des opérations de l’entreprise. Nous faisons travailler ensemble un portail client et le CRM via API \& Webhook. Vous parlerez expérience utilisateur, workflow, base de données et automatisation. Tout en découvrant le domaine du photovoltaïque.

Le stack fait communiquer 2 plateformes :

* **Zoho CRM** : customisé pour s’adapter à l’activité de Synapsun, exploitant les langages Deluge, VanillaJS, NodeJs.
* **Portail** : Symfony 6\.3, PHP 8\.2, Bootstrap, SASS, Webpack, Yarn, VanillaJS.

Les environnements de développement fonctionnent sous docker.

Nous apportons un point particulier à la qualité de l’environnement de développement, au travers d’un projet sain :

* Une CI à jour, à la base de PHPStan, PHP\-CS\-fixer, tests fonctionnels et unitaires,
* Un processus de release respectant un processus de tests évolutifs,
* Des versions de PHP et des vendors à jour,
* Une équipe bienveillante et structurée.

Sous la responsabilité directe du Lead Développeur, la personne recrutée interviendra principalement sur Zoho CRM, et pourra être solliciter ponctuellement sur le Portail.

**Les missions :**

**1\. Evolution et maintien des interfaces**

* Concevoir, développer et optimiser les interfaces CRM métier
* Assurer la maintenance et l’amélioration de certaines parties du système, en utilisant des bonnes pratiques et des standards de développement

**2\. Participation à l’architecture et à la conception**

* Contribuer aux choix techniques et à la définition de l’architecture du CRM, en lien avec le Lead Développeur
* Participer à la mise en place et à l’amélioration continue des bonnes pratiques (outils, méthodologies, organisation de code, pipeline CI/CD)

**3\. Veille technologique et amélioration continue**

* Être force de proposition sur l’évolution de l’écosystème
* Participer à l’amélioration continue de l’environnement CRM (Zoho), en explorant les possibilités offertes par l’API et le langage Deluge
* Assurer une veille régulière afin d’anticiper les besoins et d’intégrer les bonnes pratiques en matière de performance, sécurité et UX

**4\. Collaboration et méthodologie de travail**

* Suivre les méthodes de gestion de projet Agile (Scrum/Kanban) : participer aux rituels (daily meetings, rétrospectives, etc.), estimer les tâches, reporter l’avancement, etc
* Communiquer régulièrement avec les parties prenantes (Lead Développeur, Product Manager, Product Owner) pour clarifier les besoins et ajuster les priorités.

**Le profil recherché :**

**Compétences techniques**

* Maîtrise des langages et outils : HTML5, CSS3, JavaScript (vanilla)
* Connaissance ou volonté de monter rapidement en compétence sur Zoho CRM
* Connaissance des méthodologies Agile (Scrum, Kanban)
* Appétence pour l’apprentissage de nouvelles technologies (Node.js, etc.)

**Qualités personnelles**

* Rigueur, sens du détail et bonne organisation
* Autonomie et curiosité, volonté de découvrir de nouveaux environnements et langages
* Excellent esprit d’équipe et goût pour le travail collaboratif
* Bonnes capacités de communication et d’adaptation, dans un contexte où les besoins évoluent rapidement
* Appétence compréhension métier et l’analyse fonctionnelle

**Formation et expérience**

* Formation supérieure ou reconversion en informatique (Bac\+2 ou plus)
* Une expérience confirmée en développement Web est souhaitée (au moins 2 ans)
* Intérêt marqué pour les environnements CRM et la personnalisation de solutions SaaS

**Informations contractuelles :**

* CDI, statut cadre forfait jour
* Rémunération fixe comprise entre 30 et 45 k€ bruts selon le profil, complétée par un bonus pouvant atteindre 10% du fixe
* Un plan d'intéressement
* RTT, tickets restaurant, mutuelle, prévoyance...
* La possibilité de télétravailler deux jours par semaine
* Formation au langage Deluge

Type d'emploi : Temps plein, CDI

Rémunération : 30 000,00€ à 40 000,00€ par an

Avantages :

* Intéressement et participation
* RTT
* Travail à domicile occasionnel

Question(s) de présélection:

* Connaissez\-vous déjà Zoho CRM ?

Lieu du poste : Télétravail hybride (69110 Sainte\-Foy\-lès\-Lyon)","","https://fr.indeed.com/cmp/Synapsun-SAS","","","","","","","","","","","",""
"in-18c6f5655762da60","indeed","https://fr.indeed.com/viewjob?jk=18c6f5655762da60","https://jobs.jems-group.com/poste/btt6o3wzj4-developpeur-typescript-hf/","Développeur Typescript H/F","Jems Group","Annecy, ARA, FR","2026-09-16","","","","","","",False,"","","","","**A propos de nous**
--------------------


Nous sommes **le premier industriel de la donnée en Europe**. Notre métier est de **créer, manager et exploiter** le patrimoine data de nos clients.


Nous avons la conviction que chaque entreprise peut adopter une **démarche innovante de gestion de la donnée** et créer des **cas d’usage disruptifs** en réduisant l'impact écologique et en diminuant la dette technique.
  

  

Nous comptons plus de 900 collaborateurs en mission chez nos clients grands comptes dans tout secteur d’activité.


**MissionS proposéeS**
----------------------


Nous recherchons un développeur principalement backend microservices expérimenté pour rejoindre une équipe en pleine structuration, dans un environnement technique 100% serverless AWS.


* Développer, modifier et maintenir les microservices qui gèrent la donnée client CRM
* Concevoir et faire évoluer les interfaces (API REST) entre le CRM et les systèmes consommateurs/producteurs de données client
* Garantir la qualité, l'intégrité et la cohérence de la donnée client à travers les différents flux
* Participer à la migration de fonctions historiques actuellement portées par une base Oracle vers des architectures serverless (AWS Lambda, AWS Glue) — gestion de la rétention GDPR, calcul de la qualité de données, etc.
* Contribuer à la synchronisation des données entre le CRM (master) et les systèmes tiers, notamment dans le cadre de la migration e\-commerce vers Shopify
* Dévelopement Front End ponctuel pour des besoins de console d'administration/monitoring interne
* Documenter les développements, les flux et les choix techniques
* Travailler en environnement Agile (PI planning, cérémonies SAFe/Scrum)

**Stack technique :**


* Node.js / TypeScript
* AWS serverless : Lambda, DynamoDB (NoSQL), S3
* API REST, JSON
* AWS Glue, scripts d'ETL/migration de données

**Outils et méthodes :**


* Git (versioning, branches, pull requests)
* CI/CD via Gitlab et release management
* Jira, Confluence
**Notre profil idéal**
----------------------


Minimum 3 ans d'expérience professionnelle en développement backend microservices


Expérience confirmée sur une stack serverless AWS (Lambda, DynamoDB)


Une expérience dans un environnement CRM ou de gestion de données client est un vrai plus


**Compétences techniques :**


* Maîtrise du développement microservices en Node.js / TypeScript
* Bonne compréhension des bases NoSQL (DynamoDB) et des principes de modélisation associés
* Conception et consommation d'API REST
* Connaissance de SQL appréciée (contexte de migration depuis Oracle)
* Sensibilité à la qualité de la donnée et aux enjeux d'intégrité dans des systèmes distribués

**Maîtrise des outils IA :**


* Maîtrise des outils d'assistance IA au développement (agents de code, assistants type Claude Code, Copilot ou équivalents)
* Moteur dans la recherche d'optimisation et de gain de productivité grâce à l'IA
* Capacité à intégrer ces outils dans le quotidien de développement et à partager les bonnes pratiques avec l'équipe

**Compétences transverses :**


* Autonomie dans la recherche de solutions techniques.
* Code propre, documenté et maintenable
* Bonne communication, esprit d'équipe et collaboration avec les autres rôles
* Capacité à comprendre les besoins métier et à les traduire en solutions techniques

  
Annecy
42,50h
/semaine
35000€
/an
CDI
Engineering","","https://fr.indeed.com/cmp/Jems-Group","","http://www.jems-group.com","Neuilly-sur-Seine, FR","201 to 500","$1M to $5M (USD)","","","","","","",""
"in-2d9f745cb8911a2a","indeed","https://fr.indeed.com/viewjob?jk=2d9f745cb8911a2a","https://careers.soprasteria.com/job/stage-developpeur-se-full-stack-services-financiers-paris-in-paris-france-jid-9788","Stage - Développeur.se Full Stack Services Financiers - Paris","Sopra Steria","Paris, A8, FR","2026-09-16","internship","","","","","",False,"","","","","Description de l'entreprise **Sopra Steria**, acteur majeur de la Tech en Europe, avec 51 000 collaborateurs dans près de 30 pays, est reconnu pour ses activités de conseil, de services et solutions numériques. Il aide ses clients à mener leur transformation digitale et à obtenir des bénéfices concrets et durables. Le Groupe apporte une réponse globale aux enjeux de compétitivité des grandes entreprises et organisations, en combinant une connaissance approfondie des secteurs d’activité et des technologies à une approche collaborative.  

  

Sopra Steria place l’humain au cœur de son action et s’engage auprès de ses clients à tirer le meilleur parti du numérique pour construire un avenir positif. En 2025, le Groupe a réalisé un chiffre d’affaires de 5,6 milliards d’euros.

  

Description du poste  

Vous intégrez l'une des équipes basé à Paris et dédié à des projets pour des acteurs majeurs de ces domaines (assurances, mutuelles, grands groupes de protection sociale, régimes spéciaux de retraite).


Ces projets suivent une méthodologie agile, industrielle et outillée qui vous permettra de disposer d'une expérience solide dans un contexte professionnel reconnu. Ils exploitent des environnements techniques Java standards sur lesquels vous serez accompagné(e) tout au long de votre stage. A ce titre, vous pouvez être amené à travailler sur des environnements Cloud (AWS, Azure…)


Les missions du stage :

* Réalisation de dossiers de conception
* Développement en Java
* Réalisation des tests unitaires
* Phases de qualification

  

Qualifications  

Vous possédez un bon relationnel, le sens du service et vous aimez travailler en équipe.


Vous êtes curieux (se) et logique, bon (ne) communiquant (e) et adhérez à l'idée que le développement de la société s'appuie sur l'esprit d'innovation de ses collaborateurs.


Etudiant(e) en dernière année d'école d'Ingénieurs ou universitaire ou formation équivalente, vous recherchez un stage de fin d'études de 6 mois.


Vous souhaitez être acteur de votre carrière ? Le challenge vous motive ? Rejoignez sans plus attendre les équipes Services Financiers !

  

Informations supplémentaires  

* Un accord télétravail pour télétravailler jusqu’à 2 jours par semaine selon vos missions.
* Un package avantages intéressant : une mutuelle, un CSE, des titres restaurants, un accord d’intéressement, des primes vacances et cooptation.
* Des opportunités de carrières multiples : plus de 30 familles de métiers, autant de passerelles à imaginer ensemble.
* Plusieurs centaines de formations accessibles en toute autonomie avec Sopra Steria Academy.
* L'opportunité de rejoindre le collectif Tech'Me UP (formations, conférences, veille, et bien plus encore…).


Employeur inclusif et engagé, notre société œuvre chaque jour pour lutter contre toute forme de discrimination et favoriser un environnement de travail respectueux. C’est pourquoi, attachés à la mixité et à la diversité, nous encourageons toutes les candidatures et tous les profils.


https://www.soprasteria.fr/nous\-connaitre/nos\-engagements","","https://fr.indeed.com/cmp/Sopra-Steria","https://d2q79iu7y748jz.cloudfront.net/s/_squarelogo/256x256/01c8b570240c5987e7eab3ebbc7a1b63","https://www.soprasteria.fr/carrieres","Annecy","10,000+","$1B to $5B (USD)","Purpose-driven and collaborative, we provide consulting, digital services, and software development, creating innovative solutions that make life better for our colleagues, clients, and communities.","","","","","",""
"in-fd2d2510306189e0","indeed","https://fr.indeed.com/viewjob?jk=fd2d2510306189e0","https://careers.consort-group.com/jobs/8386464-developpeur-java-symfony-confirme-h-f-rennes","Développeur Java / Symfony Confirmé H/F - Rennes","CONSORT Group","Cesson-Sévigné, A2, FR","2026-09-16","","","","","","",False,"","","","","**Chaque moment compte. Surtout ceux que vous vivez à fond. Bienvenue chez Consort Group.**


Consort Group, accompagne depuis plus de 30 ans les entreprises dans la valorisation de leurs données et infrastructures. Elle s'appuie sur deux leaders, Consortis et Consortia, et place l’humain et la responsabilité sociétale au cœur de ses valeurs.

**C’est votre future équipe**


Créée en 2010, l’agence Ouest rassemble aujourd’hui près de 230 collaborateurs. Elle s’est fortement orientée vers les expertises en intégration applicative et en testing, en s’appuyant sur ses Centres de Services. Le tout dans un esprit de convivialité et de proximité, au service des régions de Nantes, Rennes et Angers.

  

Développeur Java / Symfony Confirmé H/F \- Rennes

**C’est votre mission**


Vous êtes passionné·e par le développement logiciel et les architectures modernes ? Ce poste est fait pour vous.


En tant que **Développeur Java / Symfony Confirmé**, vous participez au développement, à l'évolution et à la fiabilisation d'applications stratégiques au sein d'un environnement fortement industrialisé.


Côté build :

* Développer de nouveaux services Back\-End basés sur une architecture microservices et des API REST en Java 21\+
* Concevoir et faire évoluer les fonctionnalités Front\-End sous Symfony, Twig et HTTP Client
* Participer aux choix techniques et contribuer à l'amélioration continue des applications
* Collaborer avec les Tech Leads, Product Owners et les équipes de développement dans un contexte Agile
* Assurer la qualité du code via les bonnes pratiques de développement, les revues de code et les tests
* Contribuer aux développements complémentaires autour des technologies Python, HTML, CSS et JavaScript


Côté run :

* Assurer la maintenance corrective et évolutive des applications en production
* Surveiller et contribuer au bon fonctionnement de l'usine logicielle CI/CD
* Participer à l'analyse et à la résolution des incidents de production
* Travailler en collaboration avec les équipes DevOps et les automaticiens de tests
* Contribuer à l'amélioration de la performance, de la stabilité et de la qualité des services
* Réaliser le reporting d'activité au sein des outils internes de suivi

**C’est votre parcours**


Vous avez au moins \[XXX] ans d’expérience dans des environnements DevOps exigeants. Vous aimez \[XXX] sans jamais cesser d’innover. Vous cherchez un cadre où vos idées comptent et où la technique va de pair avec la collaboration.

**C’est votre expertise** **:**

* Vous avez au minimum **7 à 8 ans d'expérience** dans le développement d'applications web et distribuées. Vous aimez relever des défis techniques, évoluer dans des environnements exigeants et partager vos connaissances avec vos collègues.


Vous recherchez un cadre où vos idées comptent et où la technique va de pair avec la collaboration.

**C’est votre manière de faire équipe** **:**

* Java 21\+, Java EE, Spring Boot
* PHP, Symfony, Twig
* Architecture Microservices et API REST
* Git, IntelliJ IDEA
* CI/CD et industrialisation logicielle
* Google Cloud Platform (GCP)
* Méthodologies Agile Scrum ou Kanban
* Tests automatisés, qualité logicielle et intégration continue
* MongoDB (apprécié)
* Performance Web (apprécié)
* Python, HTML, CSS, JavaScript (atouts complémentaires)

**C’est notre engagement**


Chez Consort Group, vous êtes un·e expert·e qu’on accompagne pour que chaque mission devienne une étape qui compte.

* Un onboarding attentif et humain
* Une vraie proximité managériale
* Des formations accessibles en continu
* Des engagements concrets : inclusion, égalité, solidarité
* Un package RH complet : mutuelle, carte TR, CSE, prévoyance
* Une culture du feedback et des projets qui font sens

**C’est clair**


Le process de recrutement :

* Un premier échange téléphonique avec notre team recrutement
* Un entretien RH ainsi qu’un échange métier avec un.e ingénieur.e d’affaires
* Un test ou un échange technique avec un.e de nos expert.es
* Un dernier point avec votre futur.e manager ou responsable de mission
* Et si on se reconnaît : on démarre ensemble

**C’est bon à savoir**


Lieu : **Cesson Sévigné**  

Contrat : CDI  

Télétravail : **Hybride selon mission**  

Salaire : De **42** K€ à **46** K€ *(selon* expérience) brut annuel  

Famille métier :**Études \& Développement / Java / Cloud**

**Ce que vous ferez ici, vous ne le ferez nulle part ailleurs.**  

**Ce moment, c’est le vôtre.**","","https://fr.indeed.com/cmp/Consort-Group-5","https://d2q79iu7y748jz.cloudfront.net/s/_squarelogo/256x256/05f9ca78e533a77c17799bd05d137fe0","https://consort-group.com/","Siège : 58 boulevard Gouvion Saint Cyr - 75017 Paris



","1,001 to 5,000","$100M to $500M (USD)","Créé en 1992, Consort Group accompagne ses clients dans la valorisation de leur patrimoine informatique à son plein potentiel et sa protection.","","","","","",""
"in-cf38ea2af5daee8b","indeed","https://fr.indeed.com/viewjob?jk=cf38ea2af5daee8b","https://open.wd103.myworkdayjobs.com/OPEN/job/Tours/Concepteur-Dveloppeur-JAVA-H-F_R12936","Concepteur Développeur JAVA Full Stack H/F","Open","Tours, CVL, FR","2026-09-16","","","","","","",False,"","","","","Contexte de la mission

**Sur les marchés de Tours et d'Orléans, nous sommes incontournables sur le secteur public et bancaire, mais aussi dans le domaine des assurances/mutuelles et de l’énergie.**


La Business Unit Région Centre, c'est 100 collaborateurs. Nous travaillons en direct chez nos clients Grands Comptes dans leurs locaux. Nous les accompagnons sur leurs projets applicatifs et d'infrastructures, sur du pilotage de projet et de l'assistance à maîtrise d'ouvrage.


Venez rejoindre notre équipe !


Nous vous attendons pour rejoindre l'équipe de *Jérôme*, *Resource Manager*, en tant que **Concepteur Développeur JAVA** H/F à **Tours (37\).**

**Ce qui vous attend :**
========================


Voici les missions qui vous seront confiées :

* Concevoir et développer des applications en Java, Angular, Spring ;
* Réaliser les actions de maintenance corrective ;
* Rédiger la documentation technique ;
* Assurer une veille technologique régulière ;
* Participer activement aux rituels agiles et aux événements du projet ;
* Être sensibilisé·e ou avoir une première expérience avec des outils d’IA comme GitHub Copilot.


Vous pourrez également être amené·e à :

* Évaluer les User Stories du backlog ;
* Développer les fonctionnalités côté back\-end ;
* Réaliser les tests dans le respect des démarches et outils en place sur le projet.

**Vos compétences techniques :**

* **Java, Angular, Spring (boot, batch, security)**
* Utilisation d'outils tels que **Jira / Confluence**

**️** **Vous êtes fait(e) pour ce poste si :**
==============================================

* Vous disposez de **plusieurs années d'expérience en développement** Java;
* Vous savez travailler en équipe dans un **contexte Agile ;**
* Une connaissance du **secteur de l'Assurance\-Mutuelle** serait un plus.

*Si vous ne cochez pas 100 % des critères mais que vous pensez être la personne qu’il nous faut, postulez et expliquez\-nous pourquoi ! \#diversité \#inclusion \#handicap*

**Au\-delà de la mission, vous :**
==================================

* Profiterez de l'accompagnement managérial par un pair et d'un suivi RH de proximité ;
* Bénéficierez de notre programme de formation et certification ;
* Pourrez participer à la vie de l'entreprise en devenant Manager, Tuteur, Formateur, Ambassadeur
* Pourrez participer aux communautés d'experts Rejoignez nos communautés. \| Open.

**Notre process de recrutement :**
==================================

* Un appel téléphonique rapide pour faire connaissance ;
* Ensuite, vous aurez l'occasion d'échanger avec notre équipe : chargée de recrutement, manager et expert technique ;
* *Une dernière validation au moment de la rencontre avec le client pour échanger sur la mission et vous imprégniez au mieux du contexte. Avant cette dernière étape, nous préparons l'entretien ensemble.*

*Ce sont nos Ambassadeurs qui en parlent le mieux, découvrez leurs témoignages sans filtre :* *https://www.youtube.com/watch?v\=C4w\_dkkVq40*

**CODE REC \=** **LMO23690**

**Qu’attendez\-vous pour être Open ?**","","https://fr.indeed.com/cmp/Open-920e0448","https://d2q79iu7y748jz.cloudfront.net/s/_squarelogo/256x256/b1ccde4f524ab6afd860f63f1532fc3e","https://www.open.global/","","1,001 to 5,000","$100M to $500M (USD)","","","","","","",""
"in-1818a8236b682d09","indeed","https://fr.indeed.com/viewjob?jk=1818a8236b682d09","https://open.wd103.myworkdayjobs.com/OPEN/job/Tours/Concepteur-Dveloppeur-JAVA-H-F_R12936","Concepteur Développeur JAVA Full Stack H/F","Open","Orléans, CVL, FR","2026-09-16","","","","","","",False,"","","","","Contexte de la mission

**Sur les marchés de Tours et d'Orléans, nous sommes incontournables sur le secteur public et bancaire, mais aussi dans le domaine des assurances/mutuelles et de l’énergie.**


La Business Unit Région Centre, c'est 100 collaborateurs. Nous travaillons en direct chez nos clients Grands Comptes dans leurs locaux. Nous les accompagnons sur leurs projets applicatifs et d'infrastructures, sur du pilotage de projet et de l'assistance à maîtrise d'ouvrage.


Venez rejoindre notre équipe !


Nous vous attendons pour rejoindre l'équipe de *Jérôme*, *Resource Manager*, en tant que **Concepteur Développeur JAVA** H/F à **Tours (37\).**

**Ce qui vous attend :**
========================


Voici les missions qui vous seront confiées :

* Concevoir et développer des applications en Java, Angular, Spring ;
* Réaliser les actions de maintenance corrective ;
* Rédiger la documentation technique ;
* Assurer une veille technologique régulière ;
* Participer activement aux rituels agiles et aux événements du projet ;
* Être sensibilisé·e ou avoir une première expérience avec des outils d’IA comme GitHub Copilot.


Vous pourrez également être amené·e à :

* Évaluer les User Stories du backlog ;
* Développer les fonctionnalités côté back\-end ;
* Réaliser les tests dans le respect des démarches et outils en place sur le projet.

**Vos compétences techniques :**

* **Java, Angular, Spring (boot, batch, security)**
* Utilisation d'outils tels que **Jira / Confluence**

**️** **Vous êtes fait(e) pour ce poste si :**
==============================================

* Vous disposez de **plusieurs années d'expérience en développement** Java;
* Vous savez travailler en équipe dans un **contexte Agile ;**
* Une connaissance du **secteur de l'Assurance\-Mutuelle** serait un plus.

*Si vous ne cochez pas 100 % des critères mais que vous pensez être la personne qu’il nous faut, postulez et expliquez\-nous pourquoi ! \#diversité \#inclusion \#handicap*

**Au\-delà de la mission, vous :**
==================================

* Profiterez de l'accompagnement managérial par un pair et d'un suivi RH de proximité ;
* Bénéficierez de notre programme de formation et certification ;
* Pourrez participer à la vie de l'entreprise en devenant Manager, Tuteur, Formateur, Ambassadeur
* Pourrez participer aux communautés d'experts Rejoignez nos communautés. \| Open.

**Notre process de recrutement :**
==================================

* Un appel téléphonique rapide pour faire connaissance ;
* Ensuite, vous aurez l'occasion d'échanger avec notre équipe : chargée de recrutement, manager et expert technique ;
* *Une dernière validation au moment de la rencontre avec le client pour échanger sur la mission et vous imprégniez au mieux du contexte. Avant cette dernière étape, nous préparons l'entretien ensemble.*

*Ce sont nos Ambassadeurs qui en parlent le mieux, découvrez leurs témoignages sans filtre :* *https://www.youtube.com/watch?v\=C4w\_dkkVq40*

**CODE REC \=** **LMO23690**

**Qu’attendez\-vous pour être Open ?**","","https://fr.indeed.com/cmp/Open-920e0448","https://d2q79iu7y748jz.cloudfront.net/s/_squarelogo/256x256/b1ccde4f524ab6afd860f63f1532fc3e","https://www.open.global/","","1,001 to 5,000","$100M to $500M (USD)","","","","","","",""
"li-4465564982","linkedin","https://www.linkedin.com/jobs/view/4465564982","","Développeur Front Senior React / TypeScript (H/F)","Codyssée","Paris, Île-de-France, France","2026-09-15","fulltime","","","","","",False,"mid-senior level","Engineering, Information Technology, and Consulting","","","**Qui sommes\-nous ?** 




  





 Codyssée, c'est une aventure qui a démarré il y a 25 ans : un collectif de 180 ingénieurs passionnés qui explorent, expérimentent et construisent des solutions là où aucune ne préexistait.
 



 Notre ADN tient en trois mots : exigence, curiosité et savoir\-faire d'excellence.
 



 Nous concevons et développons des applications métier sur mesure pour de grands noms du luxe, du retail, de l'industrie et de l'énergie : plateformes e\-commerce, digital in\-store, smart office, ERP métier, applications mobiles. Nos équipes interviennent de la conception à la mise en production, sur des projets où la complexité technique est réelle et où la qualité du code n'est pas négociable.
 



  





**Le poste** 




  





 Nous recrutons un
 **développeur front senior React / TypeScript** 
 pour renforcer nos équipes de delivery. Vous interviendrez sur des applications métier à forte densité fonctionnelle : ERP internes, plateformes multi\-modules, systèmes destinés à plusieurs milliers d'utilisateurs, où le front ne se contente pas d'afficher mais porte une vraie logique réactive et manipule de gros volumes de données.
 



 Ce sont des contextes où le front devient un sujet d'architecture à part entière : stores avancés à base de signaux, graphes de dépendances réactifs, propagation de modifications sur des structures arborescentes, data grids complexes, phases de stabilisation et de refonte avant des déploiements à grande échelle.
 



 Selon les projets, vous travaillerez dans nos locaux près de l'Opéra, chez nos clients grands comptes, ou en mode hybride. Toujours entouré : chez Codyssée, aucun collaborateur n'est laissé seul face à son code.
 



  





**Vos missions** 




  




* Concevoir et développer des interfaces React / TypeScript sur des applications métier complexes, en veillant à la performance et à la maintenabilité sur le long terme.
* Concevoir et faire évoluer des architectures de state management modernes : stores sur mesure à base de signaux, graphes de dépendances réactifs, gestion de volumes de données importants côté navigateur.
* Mener des chantiers de refonte et de stabilisation : refactoring de modules existants, intégration de design systems, harmonisation des patterns entre modules développés à des périodes différentes, résorption de dette technique.
* Fiabiliser les composants les plus exigeants : data grids complexes (tri, filtres, accessibilité), formulaires à forte logique conditionnelle, composants partagés.
* Contribuer aux sujets de communication temps réel (SignalR, WebSockets) et de communication inter\-modules / inter\-onglets.
* Garantir la qualité de ce que vous livrez : tests unitaires systématiques, revues de code, prévention des régressions, refactoring continu.
* Évoluer dans des environnements conteneurisés (Docker, Kubernetes) avec des chaînes CI/CD industrialisées.
* Participer à la vie technique de Codyssée : partage de bonnes pratiques, mentorat des plus juniors, contribution à nos sessions de formation internes.



  





  





**Votre profil** 




  




* 5 ans minimum d'expérience en développement front, avec une expertise React / TypeScript démontrée sur des applications complexes à fort volume de données, c'est votre dominante.
* Une maîtrise des architectures de state management modernes : signaux, graphes de dépendances réactifs, pas uniquement Redux.
* Une compréhension des enjeux de communication temps réel (WebSockets, SignalR ou équivalent) et de communication inter\-modules.
* Une connaissance des architectures micro\-frontends et des stratégies de partage de composants (workspaces, packaging, module federation).
* Une aisance avec Docker et les environnements Kubernetes, et une bonne compréhension de la chaîne de build et de déploiement.
* Une vraie culture qualité : vous préférez livrer un jour plus tard un code que toute l'équipe maîtrise.
* Une utilisation mature et maîtrisée de l'IA dans la production de code : accélérateur oui, code livré sans relecture ni tests, jamais.
* De la curiosité, l'envie de partager, et la capacité à porter un avis technique de manière constructive, y compris dans des contextes multi\-équipes, chez nous comme chez nos clients.



  





  





**Ce que nous vous offrons :** 




  




* Des projets qui ont du sens technique : des applications complexes, variées, pour des clients exigeants, pas de la TMA au kilomètre.
* Un vrai parcours d'évolution : évaluations périodiques factuelles et individualisées, trajectoires vers l'expertise technique, le lead ou l'architecture.
* La formation en continu : sessions « 13 à 14 » animées par les collaborateurs, formations « focus » ciblées, certifications techniques, formations soft skills (prise de parole, leadership).
* Un accompagnement dès l'arrivée : mentor dédié, déjeuner de bienvenue, montée en charge progressive.
* Une vie d'entreprise réelle : une activité culturelle et un événement de convivialité chaque mois, accès au sport via Gymlib, yoga, hackathons internes et dispositif « Pitch My Product » pour développer vos propres idées.
* Un engagement RSE concret : entreprise signataire de la Charte de la Diversité, certifiée EcoVadis Silver, membre du Global Compact des Nations Unies.","IT Services and IT Consulting","https://fr.linkedin.com/company/codyssee","https://media.licdn.com/dms/image/v2/D560BAQEYhgWWcvmrpQ/company-logo_100_100/company-logo_100_100/0/1719390323838/codyssee_logo?e=2147483647&v=beta&t=1RS06T04jWWURp_5LOOccpZQA_0FEYxEMy1hIqDfFFU","","","","","","","","","","",""
"li-4467455142","linkedin","https://www.linkedin.com/jobs/view/4467455142","","Senior Frontend Developer - JavaScript (Remote)","Quik Hire Staffing","","2026-09-15","fulltime","","","","","",True,"associate","Information Technology, Engineering, and Product Management","","","* **Role** 
 : Senior Frontend Developer \- JavaScript (Remote)
* **Location** 
 : Remote (Work from Anywhere)



  





**Role Overview:** 




 We are hiring for one of our clients, seeking a Senior Frontend Developer (Javascript) to work on a Full\-Time basis. The role involves building and maintaining responsive user interfaces and integrating frontend components with backend services.
 



  





**Key Responsibilities:** 




 • Develop and optimize frontend applications using JavaScript, React, and modern web technologies.
 



 • Collaborate with backend teams to integrate APIs and ensure seamless data flow.
 



 • Implement responsive design principles to enhance user experience across devices.
 



 • Write clean, maintainable, and scalable code following best practices.
 



 • Participate in code reviews and contribute to architectural decisions.
 



  





**Required Skills \& Qualifications:** 




 • Proficiency in JavaScript (ES6\+) and TypeScript.
 



 • Experience with React, Redux, and modern frontend frameworks.
 



 • Strong understanding of HTML5, CSS3, and responsive design.
 



 • Familiarity with RESTful APIs and GraphQL.
 



 • Experience with testing frameworks like Jest or Cypress.
 



 • Knowledge of frontend build tools such as Webpack or Vite.
 



 • Experience with version control systems like Git.
 



 • Strong problem\-solving and debugging skills.
 



  





**More About the Opportunity:** 




 This role offers a unique opportunity to work with a global leader in the Software Development industry, contributing to the development of scalable and high\-performance web applications. The project involves building user\-facing features that impact a broad user base.
 



  





**Equal Opportunity Employer:** 




 We hire based on skills and expertise. All qualified candidates are welcome regardless of background, experience, or prior employment history. Applications are reviewed solely on demonstrated technical ability and qualifications.
 



  





**Apply Now!**","Staffing and Recruiting","https://in.linkedin.com/company/quik-hire-staffing","https://media.licdn.com/dms/image/v2/D560BAQFYxxMZnepyAw/company-logo_100_100/B56ZsDhgBgI0AQ-/0/1765290672906/quik_hire_staffing_logo?e=2147483647&v=beta&t=O0afXTv2kaV87tafvXFTX8PV2q8r8kzDn7wXAR26ApQ","","","","","","","","","","",""
"li-4464796720","linkedin","https://www.linkedin.com/jobs/view/4464796720","","Développeur Front-end (F/H)","Koala Interactive","Levallois-Perret, Île-de-France, France","2026-09-14","fulltime","","","","","",False,"associate","Other","","","**Qui sommes\-nous ?** 



  


 Koala Interactive est une société à taille humaine en forte croissance, en charge de Wyylde, le réseau social qui permet d’explorer la diversité des pratiques sexuelles, dans un cadre sécurisé. Leader en France depuis 2016, Wyylde totalise plus de 7 millions d'inscrits et 700 000 visites par jour. Après l'acquisition réussie de NSF (Nuit Sans Folie) en 2020, et notre expansion en Italie, Espagne et Allemagne, nous cherchons à renforcer notre équipe avec des talents passionnés pour poursuivre notre aventure internationale.
 


  


**Nos valeurs :** 
 Liberté, Respect, Responsabilité. Elles ne sont pas de simples mots, mais le fondement de notre culture d'entreprise.
 


  


 Chez Koala Interactive, vous aurez l'opportunité de travailler dans un environnement qui valorise votre créativité et autonomie, tout en respectant votre équilibre entre vie professionnelle et personnelle grâce au télétravail.
 


  


**Rôle** 



  


 Développer les besoins métiers tout en garantissant sa qualité et pérennité et l’expérience utilisateur délivrée.
 


  


**Missions et Responsabilités** 



  

  
* Respect les engagements sur les deadlines.
  
* Participer à la documentation du code, de l’infrastructure et des process.
  
* Garant des environnements de tests (feature branches, preprod, …)
  
* Responsable de la qualité du code délivré à travers des tests unitaires, E2E, du réfactoring mais également en procédant à la relecture du code des autres développeurs.
  
* Partage des connaissances avec l’équipe
  
* Élaboration et mise en place des stratégies techniques
  
* Garant de la sécurité et intégrité du code réalisé..
  
* Attention particulière aux performances de l’application (fichiers téléchargés, CPU, …)
  
* Mise en place d’outils de surveillance et d’alertes ainsi que des moyens d’actions nécessaires pour les traiter (documentation et accès)
  
* Être force de proposition sur des évolutions techniques de la stack technique
  
* Lister les points de dette technique détectés au fil des développements pour études et traitements ultérieurs
  
* Participation active aux cérémonies agiles
  
* Participation aux points d’équipe et de management (point hebdomadaire 1\-1\)
  
* Mise en place de process \& automations \& IA
  


  


**Compétences ⭐** 



  


**Hard Skills** 



  

  
* 5 ans d’expérience minimum en développement Front\-End
  
* TypeScript / React / React Query / Playwright / NextJS
  
* Les tests unitaires (Jest) et les tests E2E
  
* Les concepts d’architectures n\-tiers et d’API Rest
  
* Connaissance globale du fonctionnement web (http, cookies, session, …)
  
* La méthodologie agile (daily, sprints, démo, rétrospective)
  
* Workflow de déploiements (test, feature branche, preproduction, production)
  
* CI / CD (Github Actions)
  
* Environnement mobile (responsive, offline first, safe area view)
  
* Prompt engineering (Cursor, Claude Code)
  
* Observabilité et monitoring d’erreurs
  


  


**Soft Skills** 



  

  
* Curiosité (technique et produit)
  
* Team player, travail en équipe
  
* Force de proposition
  
* Rigueur et exigence
  


  


**Détails** 



  

  
* **Télétravail** 
 : hybride, avec un équilibre entre présentiel (2 jours) et distanciel (3 jours).
  
* Package de rémunération compétitif
 **avec prime de performance annuelle (8%).**
  
* **Carte Swile** 
 prise en charge à
 **60 %** 
 par l’entreprise, pour vos repas au quotidien.
  
* **Mutuelle Alan** 
 , financée à
 **80 %** 
 par l’entreprise.
  
* **Épargne salariale attractive** 
 : accès au
 **CET, PEE et PERCO** 
 avec un
 **abondement de 25 % sur le PEE** 
 , pour construire vos projets à moyen et long terme.
  
* **CE externe** 
 : accès à une plateforme d’avantages et de remises (culture, voyages, loisirs, shopping).
  
* **Avantage parental exclusif** 
 :
 *berceau en crèche garanti* 
 , avec une prise en charge annuelle pouvant aller jusqu’à
 **16 000 € par an et par berceau** 
 .
  
* Prime vacances
  
* **Moments de convivialité réguliers** 
 : afterworks, escape games, karaokés, foot en salle, sessions gaming, et de nombreuses activités pour renforcer la cohésion d’équipe.
  


  


**Processus de recrutement** 



  

  
* Entretien RH
  
* Entretien technique avec Lead Developers
  
* Test technique
  
* Entretien évaluation test technique avec CTO et Lead
  


  


 Pour une politique en faveur de l'intégration des personnes en situation de handicap, le poste proposé est ouvert à tous.
 


  


 Pour plus d'informations sur notre environnement de travail : Koala Interactive \| Welcome to the Jungle.","Software Development","https://fr.linkedin.com/company/koala-interactive","https://media.licdn.com/dms/image/v2/C4D0BAQH1KsYQ4PWHzg/company-logo_100_100/company-logo_100_100/0/1630552195528/koala_interactive_logo?e=2147483647&v=beta&t=7K-MZjhwkVyn8KqAoiIxtm9NcjoaliLL-LRdufu-6lc","","","","","","","","","","",""
"li-4467047330","linkedin","https://www.linkedin.com/jobs/view/4467047330","","Développeur Front-End (Vue.js) H/F","Kicklox","Lyon, Auvergne-Rhône-Alpes, France","2026-09-14","fulltime","","","","","",False,"mid-senior level","Engineering and Information Technology","","","L'offre
   

  

**Secteurs**
 Automobile, Aéronautique, Spatial, Défense \& Sécurité, Ferroviaire, Télécommunications, Energie, Services \& Systèmes d'Informations, Chimie / Pétrochimie, Digital \& E\-Commerce, Naval, Machines \& Industrie Lourde, Pharmaceutique / Biotechnologie, Banque \& Assurance, BTP
   

  

**Description De L'offre**
 Nous recrutons pour l'un de nos clients un Développeur Front\-End spécialisé en Vue.js, à pourvoir dès que possible. Les responsabilités du poste incluent : \- Développer des applications web en utilisant Vue.js et Vuex. \- Créer des composants réutilisables et des interfaces utilisateur performantes. \- Assurer l'intégration avec des API pour fonctionnalités backend. \- Maintenir et améliorer les systèmes existants avec de nouvelles fonctionnalités. \- Écrire du code clair et efficace en suivant les meilleures pratiques de développement.
   

  

**Missions à réaliser**
 Créer des applications web dynamiques et performantes en utilisant Vue.js, en se concentrant sur l'efficacité du rendu et l'expérience utilisateur pour fournir des solutions interactives et conviviales.
   

  

**Modalités**
* Date de démarrage : dès que possible
* Date de fin : non spécifiée
* Candidats recherchés : 1
* Expérience : 5\+ ans
* Type de contrat : CDI, Temps complet
* Rémunération : 45000 € \- 55000 € par an selon expérience
* Localisation : 8th arrondissement, Lyon, France
* Télétravail partiel


 Le profil recherché
   

  

**Compétences requises**
 Vue.js, Javascript, HTML5, CSS3, vuex
   

  

**Description Du Profil**
* Maîtrise de Vue.js, Vuex, et Vue Router \- Connaissance approfondie de JavaScript, HTML5, et CSS3 \- Expérience avec les systèmes de build modernes (Webpack, Babel) \- Compétences en création d'interfaces réactives et adaptatives \- Aptitude à intégrer des services backend via des API \- Capacité à travailler dans des équipes agiles et à mener des revues de code


**Langues**
 Français
   

  

 À propos de l'entreprise
   

  

**Les secteurs d'activité**
 Automobile, Aéronautique, Spatial, Défense \& Sécurité, Ferroviaire, Télécommunications, Energie, Services \& Systèmes d'Informations, Chimie / Pétrochimie, Digital \& E\-Commerce, Naval, Machines \& Industrie Lourde, Pharmaceutique / Biotechnologie, Banque \& Assurance, BTP
   

  

**Présentation**
 Depuis 2016, Kicklox aide talents tech et entreprises industrielles à se rencontrer et collaborer sur des projets innovants.
   

  

* Sa plateforme de Talent Management System digitalise tout le processus de référencement de compétences, de staffing de projets et de suivi de mission pour gagner en réactivité et en qualité sur la collaboration.
* Sa communauté inédite de plus de 150\.000 talents tech qualifiés se mobilise à la demande sur des missions freelances ou pour être recruté directement en CDI.
* Son équipe d’experts métiers accompagne et conseille ses clients et sa communauté sur chacune des phases des projets confiés ainsi que sur leur transformation digitale.


 Fort de ces 3 piliers de son ADN, Kicklox déploie des services digitaux hybrides pour aider ses clients à mobiliser rapidement et sans limite toutes leurs compétences nécessaires pour faire face à la guerre des talents de l’industrie, la tech et l’innovation.
   

  

**Taille de l'entreprise**
 Entre 15 et 50 salariés","Engines and Power Transmission Equipment Manufacturing and Aviation and Aerospace Component Manufacturing","https://fr.linkedin.com/company/kicklox","https://media.licdn.com/dms/image/v2/C4D0BAQH1M6OIj1J2-g/company-logo_100_100/company-logo_100_100/0/1630510810667/makake_logo?e=2147483647&v=beta&t=44nfodTVBb_BS-PgBeZJTig4odvCYSSX3ffHoUWkBtI","","","","","","","","","","",""
"li-4467295205","linkedin","https://www.linkedin.com/jobs/view/4467295205","","Développeur front-end Angular - Banque  H/F","Viveris","Montpellier, Occitanie, France","2026-09-14","fulltime","","","","","",False,"associate","Information Technology","","","Viveris est un groupe de conseil et d'ingénierie spécialisé dans la conduite et la réalisation de projets dans les domaines de l'informatique et de l'électronique.
   

  

 S'engager avec Viveris, c'est l'assurance de relever des défis techniques et humains tout en travaillant sur des projets innovants dans un environnement collaboratif et solidaire.
   

  

 Contexte de la mission :
   

  

 Viveris accompagne ses clients dans leur transformation numérique en modernisant leurs systèmes d'information.
   

  

 Dans ce cadre, nous recherchons un Développeur front\-end Angular afin d'accompagner notre client bancaire dans le développement d'une application.
   

  

 Intégré au sein d'une équipe d'une dizaine de personnes, vous évoluez au sein d'une organisation Agile.
   

  

 Responsabilités :
   

  

 \- Participer aux études et à la conception ;
   

 \- Développer des fonctionnalités ;
   

 \- Garantir la qualité du code.
   

  

 Profil recherché :
   

  

 \- Diplômé d'une formation supérieure en informatique, vous avez au moins 5 ans d'expérience en développement avec Angular ;
   

 \- Vous avez idéalement une première expérience dans le domaine bancaire.
   

  

 Compétences techniques :
   

  

 \- Maitrise de Angular, NodeJS et WebComponent ;
   

 \- Maitrise de HTML et CSS.
   

  

 Nos avantages :
   

  

 \- Rémunération attractive et évolutive ; Mutuelle familiale à garantie haute ;
   

 \- Tickets restaurant pris en charge à 60% ;
   

 \- 100% titre de transport urbain remboursé ;
   

 \- Primes d'intéressement, de participation et de cooptation ;
   

 \- 2 jours de télétravail par semaine ;
   

 \- Formation continue avec LinkedIn Learning et nos communautés techniques.
   

 Ref : 30900075","Software Development","https://fr.linkedin.com/company/viveris","https://media.licdn.com/dms/image/v2/D560BAQHOljMcvBERDg/company-logo_100_100/B56Z.taRNkHIAI-/0/1785320773760/viveris_logo?e=2147483647&v=beta&t=GWzJmNe2lJwtdhJvPWK0lF8p9s3-ya_xsBdjAUZB1Os","","","","","","","","","","",""
"li-4464798579","linkedin","https://www.linkedin.com/jobs/view/4464798579","","Développeur React senior H/F","MERITIS","Montpellier, Occitanie, France","2026-09-14","fulltime","","","","","",False,"mid-senior level","Consulting","","ethiquegroup@meritis.fr","Meritis est une société de conseil spécialisée en transformation digitale des organisations, fondée en 2007 par Sébastien Videment.
   

  

 Installée initialement à Paris, elle s’est déployée en régions et assure désormais une présence dans les plus grandes villes de France : Sophia\-Antipolis, Montpellier, Nantes, Bordeaux, Lyon, Aix\-en\-Provence, Lille et même à Lisbonne au Portugal depuis 2023\.
   

  

 Nos experts accompagnent des clients de divers secteurs dans l’intégralité de leurs besoins de transformations numériques à travers de nombreux domaines d’expertise : Finance, Software Engineering, Cloud \& Infrastructure, Data, Transformation Digitale et Cybersécurité.
   

  

 Fort de ses valeurs d’exigence, d’humilité, de bienveillance et de proximité, le cabinet de \+900 collaborateurs primé à 5 reprises au palmarès Great Place To Work® connait une très forte croissance et projette d’atteindre 100M€ de chiffre d’affaires en 2024 et de dépasser la barre symbolique des 1000 collaborateurs.
   

  

 Nous mettons un point d’honneur à être proche de nos collaborateurs et à les accompagner de manière individualisée quelles que soient leurs fonctions dans l’entreprise. Certifiée Great Place To Work depuis 2013, notre conception du bien\-être au travail va bien au\-delà d'un simple label, ce sont nos collaborateurs qui en parlent le mieux : https://www.glassdoor.fr/Avis/Meritis\-Avis\-E1163008\.htm
   

  

**Description Du Poste**
 Dans le cadre du développement de nouvelles applications web et de l’évolution de plateformes digitales à forte visibilité, nous recherchons un(e)
 **Développeur(se) Front\-End React Senior** 
 afin de renforcer une équipe produit agile.
   

  

 Vous participerez à la conception et au développement d’interfaces modernes, performantes et maintenables, avec une forte exigence en matière d’expérience utilisateur, de qualité et de performance.
   

  

* Concevoir, développer et maintenir des applications Front\-End en React.
* Participer à la définition des architectures Front et des bonnes pratiques de développement.
* Développer des interfaces utilisateur performantes, responsives et accessibles.
* Intégrer et consommer des APIs REST en collaboration avec les équipes Back\-End.
* Participer aux choix techniques et aux revues de code.
* Optimiser les performances et la maintenabilité des applications.
* Mettre en place et maintenir les tests unitaires et d’intégration.
* Assurer la qualité du code à travers les bonnes pratiques de développement.
* Collaborer avec les équipes Produit, UX/UI, QA et Back\-End.
* Contribuer à l’amélioration continue des processus et de l’environnement technique.


**Qualifications**
* Expérience significative en développement React (5 ans et plus souhaités).
* Excellente maîtrise de JavaScript ES6\+ et TypeScript.
* Solide expérience sur React, Hooks, Context API et gestion des états.
* Bonne connaissance d’outils tels que Redux, Zustand ou React Query.
* Maîtrise de HTML5, CSS3, SCSS et des principes de Responsive Design.
* Expérience dans l’intégration et la consommation d’API REST.
* Connaissance des outils de tests Front\-End (Jest, React Testing Library, Cypress ou équivalent).
* Expérience avec Git, CI/CD et les bonnes pratiques de développement collaboratif.
* Sensibilité aux problématiques de performance, accessibilité et UX.
* Capacité à prendre des sujets en autonomie et à accompagner techniquement les développeurs plus juniors.
* Anglais technique apprécié.


**Informations supplémentaires**
* Des parcours professionnels sur mesure (évolution de carrière, formations adaptées, mentoring…) ;
* Avoir le choix de sa mission et un accompagnement personnalisé tout au long de votre carrière ;
* Evoluer dans un environnement où l’apprentissage est favorisé : formations certifiantes, e\-learning, meetUp, concours de code, parcours d’évolutions etc ;
* Faire partie de communautés d’experts qui partagent leurs savoirs et expériences au sein de nos centres de compétences ;
* Un environnement convivial avec de nombreux événements festifs (soirée annuelle, séminaires \& teambuiding, déjeuners et afterworks…) ;


*Vos différences sont nos atouts. C’est pourquoi Meritis est engagée en faveur de la diversité et de la non\-discrimination. Tous nos métiers sont accessibles aux personnes en situation de handicap. Si vous avez une question ou pensez être victime ou témoin d’une discrimination, vous pouvez contacter ethiquegroup@meritis.fr* 
*.*","Software Development and IT Services and IT Consulting","https://fr.linkedin.com/company/meritis-b-corp%E2%84%A2","https://media.licdn.com/dms/image/v2/D4E0BAQET4dYEHMJNUw/company-logo_100_100/B4EZkEUjrwGwAQ-/0/1756714122749/meritis_b_corp_logo?e=2147483647&v=beta&t=hycpPWi_4Qs6MJEG7vudcOC7n6HAcuAruCZGB-m9Yk8","","","","","","","","","","",""
"li-4430969741","linkedin","https://www.linkedin.com/jobs/view/4430969741","","Développeur Front-End Senior Vue.js H/F","SQLI","Levallois-Perret, Île-de-France, France","2026-09-14","fulltime","","","","","",False,"executive","Public Relations and Marketing","","","SQLI, leader européen de l’expérience client et de la transformation digitale, aide les grandes marques internationales à créer de la valeur grâce à la technologie et à l’innovation digitale. De la stratégie au déploiement des actifs technologiques de nos clients, nous imaginons et construisons des architectures robustes et performantes ainsi que des expériences engageantes en combinant technologies de pointe, méthodologies éprouvées et expertise technologique approfondie.
   

  





 Afin de renforcer nos équipes (2200 personnes, réparties dans 12 pays), nous recrutons des collaborateurs passionnés et qui partagent nos valeurs : Creative spirit, Commitment, Forward thinking.
   

  

  

  




**Description du poste**

 Dans un contexte de croissance, nous recherchons plusieurs
 **Développeurs Front\-End Senior Vue.js H/F** 
 pour accompagner un grand acteur bancaire basé à Massy.
   

  





**Description du poste :**




 Nous recherchons des profils Front\-End Senior ayant une expérience significative sur
 **Vue.js 3** 
 , capables d’intervenir sur des applications à forts enjeux utilisateurs, techniques et réglementaires.
   

  





 Vous rejoindrez un environnement exigeant, au sein d’un client grand compte du secteur bancaire, avec l’ambition de contribuer à la construction d’une équipe de référence autour des sujets
 **Front\-End, Accessibilité RGAA et Expérience Utilisateur** 
 .
   

  





 En tant que
 **Développeur Front\-End Senior Vue.js** 
 , vous aurez pour rôle de :
   

  




* concevoir, développer et maintenir des applications Front\-End en
 **Vue.js 3** 
 ;
* utiliser la
 **Composition API** 
 et
 **TypeScript** 
 dans une logique de code robuste et maintenable ;
* participer à la structuration de composants réutilisables et évolutifs ;
* intégrer des interfaces à partir de maquettes Figma et de Design Systems ;
* garantir la qualité du code : clean code, bonnes pratiques, revues de code, maintenabilité ;
* contribuer à l’amélioration de l’accessibilité numérique selon les standards
 **RGAA / WCAG** 
 ;
* optimiser la performance web et suivre les indicateurs
 **Core Web Vitals** 
 ;
* mettre en place ou maintenir des tests unitaires avec
 **Vitest ou Jest** 
 ;
* collaborer avec les équipes produit, design et techniques ;
* être force de proposition sur les choix techniques, l’architecture Front\-End et l’amélioration continue.


**Qualifications**

 Qualifications techniques requises :
   

  




* Expérience significative d'au moins 4 ans sur Vue.JS en développement Front\-End, idéalement sur des projets complexes ou à forts enjeux utilisateurs.
* Très bonne maîtrise de
 **Vue.js 3** 
 , de la
 **Composition API** 
 et de
 **TypeScript** 
 .
* Solides compétences en
 **HTML5 sémantique** 
 ,
 **CSS3 avancé** 
 , responsive design et intégration d’interfaces modernes.
* Expérience avec la gestion d’état, idéalement
 **Pinia** 
 ou équivalent.
* Bonne connaissance de l’intégration d’API REST, d’Axios, de l’authentification et de la gestion des erreurs.
* Utilisation régulière des outils Front\-End :
 **Git, Vite, ESLint, Prettier, Chrome DevTools** 
 .
* Pratique des tests unitaires avec
 **Vitest** 
 ou
 **Jest** 
 .
* Expérience concrète sur les sujets d’
 **accessibilité numérique** 
 :
 **RGAA, WCAG, ARIA, navigation clavier, formulaires accessibles** 
 .
* Sensibilité à la
 **performance web** 
 : Core Web Vitals, lazy loading, code splitting, optimisation du bundle, Lighthouse.
* Capacité à travailler avec des maquettes
 **Figma** 
 et/ou un
 **Design System** 
 .




**Profil recherché**





 Vous êtes un développeur ou une développeuse Front\-End senior, rigoureux(se), autonome et curieux(se), avec une vraie sensibilité à la qualité des interfaces.
   

  





 Vous aimez comprendre les enjeux produit et utilisateur, challenger les solutions techniques et produire un code clair, durable et testé.
   

  





 Vous êtes reconnu(e) pour :
   

  




* votre communication ;
* votre autonomie ;
* votre rigueur ;
* votre esprit d’équipe ;
* votre curiosité technique ;
* votre sens du détail ;
* votre capacité à évoluer dans un environnement agile et exigeant.


**Informations supplémentaires**

**Processus de recrutement**




 3 entretiens :
   

  




* Entretien RH avec Natan Souillac
* Entretien technique
* Entretien avec le manager/entretien client



**Votre futur écosystème**




 La TECH Society : Une communauté d’experts pour vous aider à progresser
   

  





 Des meet\-up mensuel pour partager nos connaissances
   

  





 Nous vous accompagnons dans l’expression de vos talents (certifications, formations, développement de partenariats avec les éditeurs, publications dans la presse, participation aux évènements technologiques Bdx.io, Devoxxx ...).
   

  





 Des clients variés, secteur d’activité : luxe, énergie, grande distribution, finance et bien d’autres ! sur des projets au forfait ou en régie.
   

  





 Managers de carrière \= suivi de carrière par un de ses pairs
   

  





 FLEX@SQLI: Politique de télétravail de 1 à 3 jours/ semaine
   

  





*Bon à savoir : Tous nos postes sont ouverts aux personnes en situation de handicap.*




*Des questions sur vos données personnelles ? Retrouvez notre politique de confidentialité concernant les candidats : https://www.sqli.com/sites/default/files/2024\-01/SQLI\-PRIV\-Politique\-Confidentialite\-Candidats\-C0\-29012024\.pdf*","Software Development and IT Services and IT Consulting","https://fr.linkedin.com/company/sqli","https://media.licdn.com/dms/image/v2/D4E0BAQEqjnRzMNaX5g/company-logo_100_100/B4EZUnhpTTH0AU-/0/1740124886600/sqli_logo?e=2147483647&v=beta&t=Zd9HBtKaGXCNwWIIJzyKQAmkqz5Ne7lBi1_hRvm2gK4","","","","","","","","","","",""
"li-4464978678","linkedin","https://www.linkedin.com/jobs/view/4464978678","","Développeur.euse Front-End senior / UI & Design System H/F","Kicklox","Châtillon, Île-de-France, France","2026-09-14","fulltime","","","","","",False,"mid-senior level","Engineering and Information Technology","","","L'offre
   

  

**Secteurs**
 Digital \& E\-Commerce
   

  

**Missions à réaliser**
 En tant que développeur.euse Front\-End senior – UI \& Design System, vous intervenez sur la conception et l’intégration des interfaces utilisateurs des portails d’authentification.
   

  

 Vous contribuez à la mise en œuvre et à l’évolution du Design System avec une attention particulière portée à la qualité de l’intégration, à l’accessibilité et aux performances des interfaces.
   

  

**Votre rôle**
**Intégration et développement des interfaces**
* Intégrer les maquettes UX/UI en respectant le pixel\-perfect et les principes du responsive design (mobile\-first)
* Développer des composants UI réutilisables et modulaires avec Tailwind CSS
* Assurer la compatibilité des interfaces sur les différents navigateurs et terminaux


**Design System et composants UI**
* Faire évoluer le Design System existant
* Créer, maintenir et documenter les composants dans un outil de référence (ex. Storybook).
* Garantir la cohérence visuelle et technique des interfaces sur l’ensemble du produit


**Accessibilité et performance Front\-End**
* Appliquer les standards d’accessibilité WCAG et ARIA dans le développement des interfaces
* Optimiser les performances Front\-End (taille des assets, temps de chargement, SEO technique)
* Contribuer à l’amélioration continue de l’écosystème Front\-End : tests automatisés, outils de build et pratiques


 qualité
   

  

**Collaboration et qualité logicielle**
* Collaborer avec les UX/UI designers, les développeurs et les Product Owners
* Participer aux revues de code et appliquer les bonnes pratiques de développement et d’intégration avec Git et CI/CD
* Fournir une documentation claire pour faciliter la réutilisation et la maintenance des composants.


**Modalités**
* Date de démarrage : dès que possible
* Candidats recherchés : 1
* Expérience : 6\+ ans
* Type de contrat : CDI, Temps complet
* Rémunération : 50000 € \- 60000 € par an selon expérience
* Localisation : 92320 Châtillon, France
* Télétravail partiel


 Le profil recherché
   

  

**Compétences requises**
 UI UX, Html CSS Tailwind, Accessibilité numérique RGAA WCAG ARIA
   

  

**Description Du Profil**
 Compétences techniques :
   

  

* Maîtrise de l’intégration Web (HTML5 / CSS3 /nResponsive)
* Expertise de Tailwind CSS
* Expérience avérée dans la mise en œuvre du Design System, notamment avec Storybook
* Bonne connaissance des standards d’accessibilité Web (WCAG/ARIA)
* Bonne connaissance de React / Next.js permettant d’intégrer les composants UI dans une application existante
* Connaissance des pratiques de qualité Front\-End : Git, CI/CD, tests automatisés et outils de build


**Qualités Personnelles**
* Rigueur et sens du détail dans la conception et l’intégration des interfaces
* Esprit d’analyse et capacité à résoudre les problèmes techniques
* Bon relationnel et capacité à collaborer avec des équipes pluridisciplinaires
* Autonomie et sens des responsabilités dans la conduite des développements


 \_\_\_\_\_\_\_\_
   

  

 Type de contrat : CDI, Portage ATLANSE
   

  

 Niveau d’expérience : 10 ans
   

  

 Secteur : Retail
   

  

 Localisation : Ile de France
   

  

 Langues : Français et anglais professionnels
   

  

**Langues**
 Français, Anglais
   

  

**Catégories**
 Développeur Front\-End, Ingénieur Logiciel
   

  

 À propos de l'entreprise
   

  

**Les secteurs d'activité**
 Services \& Systèmes d'Informations
   

  

**Présentation**
 ATLANSE se positionne comme le partenaire de votre évolution numérique, en plaçant la responsabilité et la durabilité au cœur de sa démarche. Nous optimisons la performance de votre système d’information, en nous appuyant sur notre ressource la plus précieuse : notre capital humain.
   

  

**Taille de l'entreprise**
 Entre 15 et 50 salariés","Technology, Information and Internet and IT Services and IT Consulting","https://fr.linkedin.com/company/kicklox","https://media.licdn.com/dms/image/v2/C4D0BAQH1M6OIj1J2-g/company-logo_100_100/company-logo_100_100/0/1630510810667/makake_logo?e=2147483647&v=beta&t=44nfodTVBb_BS-PgBeZJTig4odvCYSSX3ffHoUWkBtI","","","","","","","","","","",""
"li-4465764370","linkedin","https://www.linkedin.com/jobs/view/4465764370","","Frontend React Developer - iGaming","Jobgether","","2026-09-14","fulltime","","","","","",True,"entry level","Engineering and Information Technology","","","**This position is listed on behalf of a partner company, who manages all applications and next steps. Our partner is looking for a Frontend React Developer \- iGaming based in France.**
 Join a fully remote development team building and enhancing a high\-performance online betting platform in a fast\-growing environment. As a Frontend React Developer, you will play a key role in creating responsive, scalable, and user\-friendly digital experiences. You will work closely with developers, product stakeholders, and other teams to turn ideas into impactful features. The role offers significant ownership, hands\-on technical challenges, and opportunities to influence the evolution of the product. You will contribute across development, performance optimization, troubleshooting, and continuous improvement. This is an opportunity to grow your frontend expertise while working on a product with ambitious expansion plans.
   

  

**Accountabilities**
 As a Frontend React Developer, you will take ownership of delivering reliable, high\-quality frontend experiences while collaborating closely with the wider development and product teams.
   

  

* Develop, enhance, and maintain the platform using React.js.
* Build responsive, high\-performance, and intuitive user interfaces.
* Write clean, maintainable, scalable, and efficient code.
* Collaborate with developers, product stakeholders, and other teams to deliver new features.
* Participate in code reviews, debugging, and ongoing technical improvements.
* Troubleshoot technical issues and optimize application performance.
* Keep up to date with modern frontend technologies, frameworks, and development best practices.


**Requirements**
 The ideal candidate brings strong hands\-on frontend development experience, a solid command of React.js, and the ability to work independently in a remote environment.
   

  

* Proven experience as a Frontend Developer with strong React.js expertise.
* Strong knowledge of JavaScript, HTML5, and CSS3\.
* Experience developing responsive and scalable web applications.
* Good understanding of REST APIs and frontend integration with backend services.
* Experience with Git and modern frontend development practices.
* Previous experience working remotely and delivering projects independently.
* Strong problem\-solving, analytical, and troubleshooting skills.
* Intermediate level of English.
* Ability to take ownership, manage priorities, and work with minimal supervision.
* Experience with PHP/Laravel is a plus but not required.


**Benefits**
* Fully remote position.
* Opportunity to work on an innovative and rapidly growing online betting platform.
* High level of ownership, responsibility, and direct impact on the product.
* Dynamic startup environment with opportunities for professional growth.
* Remote service agreement arrangement.
* Compensation paid in USDT.
* Monthly gross compensation discussed based on salary expectations.


**How Jobgether Works**
 We use an
 **AI\-powered matching process** 
 to ensure your application is reviewed quickly, objectively, and fairly against the role's core requirements. Our system identifies the top\-fitting candidates, and this shortlist is then shared directly with the hiring company. The final decision and next steps (interviews, assessments) are managed by their internal team.
   

  

 We appreciate your interest and wish you the best!
   

  

 Why Apply Through Jobgether?
   

  

**Data Privacy Notice:** 
 By submitting your application, you acknowledge that Jobgether will process your personal data to evaluate your candidacy and share relevant information with the hiring employer. This processing is based on legitimate interest and pre\-contractual measures under applicable data protection laws (including GDPR). You may exercise your rights (access, rectification, erasure, objection) at any time.
   

  

 We may use artificial intelligence (AI) tools to support parts of the hiring process, such as reviewing applications, analyzing resumes, or assessing responses and identifying potential inconsistencies or verification signals in application materials based on available information. These tools assist our recruitment team but do not replace human judgment. Final hiring decisions are ultimately made by humans. If you would like more information about how your data is processed, please contact us.","Internet Marketplace Platforms","https://be.linkedin.com/company/jobgether","https://media.licdn.com/dms/image/v2/D4E0BAQHdx4NngvFyPA/company-logo_100_100/B4EZ5GHh6CHEAU-/0/1779292839822/jobgether_logo?e=2147483647&v=beta&t=86Xk6jTn5SYx8OIuRc_gwpv1rBQZ8l6-zCWNpsa3Iy0","","","","","","","","","","",""
"li-4465256542","linkedin","https://www.linkedin.com/jobs/view/4465256542","","Développeur Slevte-REACT - Lille, France  (H/F)","Astek","Lille, Hauts-de-France, France","2026-09-14","fulltime","","","","","",False,"mid-senior level","Engineering and Information Technology","","","**Ce que nous allons accomplir ensemble :**
 Rejoignez nos équipes et intervenez sur des projets d'innovation à forte valeur ajoutée. Intervez en tant que
 **Développeur** 
**Front\-End** 
**React** 
**/** 
**Svelte** 
 . Vous rejoindrez une équipe agile et participerez à la conception, au développement et à l’évolution d’applications web modernes, performantes et centrées sur l’expérience utilisateur. Vous contribuerez à la réalisation d’interfaces interactives, à l’intégration des bonnes pratiques de développement et à l’amélioration continue des solutions digitales au sein du système d’information de l'un de nos partenaire acteur majeur du monde du retail.
   

  

**Votre mission (...si vous l’acceptez !) :**
* Concevoir et développer de nouvelles fonctionnalités sur des applications web modernes.
* Développer des interfaces utilisateur performantes, responsives et accessibles avec React et Svelte.
* Participer aux ateliers de conception fonctionnelle et technique avec les équipes métier, produit et architecture.
* Intégrer les maquettes UI/UX en garantissant une expérience utilisateur fluide et intuitive.
* Assurer la qualité du code grâce aux bonnes pratiques de développement, aux revues de code et aux tests automatisés.
* Optimiser les performances des applications et veiller à leur maintenabilité.
* Collaborer avec les équipes Back\-End pour intégrer les API et les services métiers.
* Participer aux cérémonies Agile (Daily, Sprint Planning, Review, Rétrospective).
* Contribuer à l'évolution de l'architecture Front\-End et à l'amélioration continue des processus de développement.
* Assurer la maintenance corrective et évolutive des applications existantes.
* Rédiger et maintenir la documentation technique des développements réalisés.
* Réaliser une veille technologique afin de promouvoir les bonnes pratiques et les innovations du marché.


**Votre Stack de Jeu :**
 \[Liste des principales méthodes et technologies qui seront utilisées lors de la mission]
   

  

**Vous :**
* Diplômé(e) d’une école d’ingénieurs, d’une formation informatique ou titulaire d’un Bac\+5 en développement logiciel, informatique ou domaine équivalent.
* Vous justifiez d’une expérience d’au moins 3 à 5 ans en développement Front\-End, avec une expertise confirmée sur React et Svelte.
* Vous maîtrisez JavaScript et TypeScript.
* Vous avez une bonne connaissance des architectures Front\-End, des bonnes pratiques de développement et des principes de conception d’applications web performantes et maintenables.
* Vous êtes à l’aise avec l’intégration et la consommation d’API REST et/ou GraphQL.Vous maîtrisez les outils de gestion de version tels que Git, ainsi que les environnements de développement collaboratifs.
* Vous êtes sensibilisé(e) aux problématiques de performance, d’accessibilité, de sécurité et de qualité logicielle.Vous appréciez le travail en équipe Agile et savez collaborer efficacement avec des interlocuteurs métiers, UX/UI, Back\-End et DevOps.
* Vous disposez d’excellentes capacités d’analyse, d’organisation et de résolution de problèmes.Autonome, rigoureux(se) et force de proposition, vous êtes reconnu(e) pour votre capacité à produire un code de qualité et à contribuer activement à l’amélioration continue des projets.Une expérience avec des outils et environnements tels que Docker, CI/CD, GitLab, GitHub, Jira ou Confluence constitue un véritable atout.


**Nos Plus**
 Rejoindre Astek, c'est choisir :
   

  

* un accélérateur d’expérience, où chaque mission est une opportunité de progresser
* un accès à une multitude de projets techniquement passionnants pour nos clients comme en interne
* un accompagnement de proximité individualisé pour un parcours professionnel sur mesure
* un apprentissage continu, grâce à notre Académie de formation interne
* un environnement de travail convivial et inclusif, soutenu par des pratiques RH certifiées \#TopEmployer2026 Let's move forward.


**Rencontrons\-nous !**
 Pour en savoir plus sur vous, Elodie, notre chargée de recrutement vous contactera. Puis, vous aurez 2 entretiens. L'un avec Louis, votre futur manager. Puis, un dernier échange avec Eric, notre chef d'agence !","IT Services and IT Consulting","https://fr.linkedin.com/company/astek","https://media.licdn.com/dms/image/v2/D4D0BAQGYx0fox5gMCQ/company-logo_100_100/company-logo_100_100/0/1721227620337/astek_logo?e=2147483647&v=beta&t=YSrKNlvpShhMQUwJxQaoS4kWUr-Ho3tnTnDLjablHTQ","","","","","","","","","","",""
"li-4467765976","linkedin","https://www.linkedin.com/jobs/view/4467765976","","Développeur Front-End Angular Senior / Lead - Grenoble","Free-Work","Grenoble, Auvergne-Rhône-Alpes, France","","fulltime","","","","","",False,"mid-senior level","Engineering and Information Technology","","","Contexte
   

  

 Dans le cadre du développement d'un nouveau composant Front\-End à fort enjeu technique, notre client constitue une équipe dédiée autour du framework Angular.
   

  

 Cette équipe sera composée de 3 développeurs :
   

  

 1 profil Senior / Lead Angular
   

  

 2 profils Angular Juniors
   

  

 Le besoin porte principalement sur la conception, le développement et la structuration du Front\-End Angular, ainsi que sur son intégration avec un Back\-End Java déjà existant.
   

  

 Le profil Senior / Lead jouera un rôle central dans la réussite du projet : il sera à la fois référent technique, garant de la qualité des développements, et point d'appui des développeurs plus juniors.
   

  

 Description du poste
   

  

 En tant que Développeur Angular Senior / Lead, vous intervenez comme référent technique de l'équipe Front\-End.
   

  

 Vous participez à la conception du composant, définissez les bonnes pratiques de développement, accompagnez les développeurs juniors dans leur montée en compétence et contribuez activement à la qualité, à la performance et à la maintenabilité de la solution.
   

  

 Vous évoluez dans un environnement de développement moderne, en interaction avec les équipes techniques en charge du Back\-End et de l'intégration.
   

  

 Missions principales
   

  

 Conception et architecture Front\-End
   

  

 Participer à la conception technique et à l'architecture du composant Front\-End
   

  

 Définir une structure de code modulaire, robuste, réutilisable et maintenable
   

  

 Concevoir et développer des composants Angular performants et évolutifs
   

  

 Garantir la cohérence technique de l'ensemble des développements Front\-End
   

  

 Être force de proposition sur les choix techniques et les évolutions de l'application
   

  

 Développement
   

  

 Développer les fonctionnalités Front\-End en Angular
   

  

 Implémenter les écrans et composants en TypeScript, JavaScript, HTML et CSS
   

  

 Assurer l'intégration avec les API REST et services Back\-End existants
   

  

 Participer à la résolution des sujets techniques complexes et des problématiques d'intégration
   

  

 Encadrement technique
   

  

 Définir et faire respecter les bonnes pratiques Angular
   

  

 Animer les revues de code
   

  

 Accompagner les développeurs juniors dans leur montée en compétence
   

  

 Partager les bonnes pratiques de qualité, de lisibilité et de maintenabilité du code
   

  

 Sécuriser les développements en apportant cadre, méthode et recul technique
   

  

 Qualité et amélioration continue
   

  

 Veiller à la qualité, à la performance et à la maintenabilité du Front\-End
   

  

 Participer aux tests unitaires, à la validation et à l'amélioration continue
   

  

 Contribuer à la documentation technique
   

  

 Collaborer avec les équipes projet dans un cadre Agile, avec pratiques de revue de code et CI/CD
   

  

 Environnement technique
   

  

 Front\-End : Angular, TypeScript, JavaScript, HTML, CSS
   

  

 Intégration : API REST, Git
   

  

 Back\-End : Java (services et API existants)
   

  

 Pratiques : Agile, tests unitaires, revues de code, intégration continue / CI\-CD
   

  

 Profil candidat:
   

  

 Expérience
   

  

 6 à 12 ans d'expérience en développement applicatif
   

  

 Expérience confirmée en développement Front\-End Angular
   

  

 Expérience attendue sur un rôle de Senior, Lead ou référent technique
   

  

 Compétences techniques
   

  

 Très bonne maîtrise d'Angular
   

  

 Très bonne maîtrise de TypeScript
   

  

 Bonne maîtrise de JavaScript, HTML et CSS
   

  

 Expérience significative en développement d'applications Web
   

  

 Bonne maîtrise de l'intégration avec des API REST
   

  

 Très bonne pratique de Git
   

  

 Solide sensibilité aux enjeux de qualité, performance, maintenabilité et structuration du code
   

  

 Capacité à concevoir une architecture Front\-End cohérente
   

  

 Compétences attendues sur le rôle de lead
   

  

 Maîtrise des bonnes pratiques de développement Angular
   

  

 Capacité à accompagner, faire progresser et encadrer techniquement des développeurs plus juniors
   

  

 Aisance dans la revue de code
   

  

 Capacité à traiter des problématiques techniques complexes
   

  

 Autonomie et capacité à être force de proposition","Technology, Information and Internet","https://fr.linkedin.com/company/free-work-com","https://media.licdn.com/dms/image/v2/C4E0BAQF5W6yWMv4fbA/company-logo_100_100/company-logo_100_100/0/1658140275330/freelance_info_logo?e=2147483647&v=beta&t=mh0PNzZpvPFVBlsWGxDJEcnuyS14aH5WkKI0MxDEzik","","","","","","","","","","",""
"in-422e9f169bd96fa7","indeed","https://fr.indeed.com/viewjob?jk=422e9f169bd96fa7","https://apply.yalink.fr/apply/fc916185-1ec1-4c40-b161-af5c55946f2e?utm_source=indeedbasic","Dessinateur Projeteur VRD – (CAO/BIM) - Mission freelance (H/F)","Yalink","Montpellier, O, FR","2026-09-16","fulltime","","","","","",False,"","","","","Description :


Un **bureau d'études spécialisé en infrastructures** recrute un dessinateur projeteur VRD expérimenté pour accompagner son agence régionale sur des missions variées en full\-time freelance.

**Contexte de la mission**  

Vous rejoignez une équipe d'ingénieurs et de dessinateurs au sein d'un cabinet d'études reconnu, travaillant sur des projets d'infrastructure et de viabilisation. L'objectif est de renforcer les capacités de conception et de dessin technique pour répondre aux enjeux croissants de la région.

**Vos responsabilités**

* Concevoir et dessiner des plans VRD (Voirie, Réseaux Divers) sous AutoCAD et Revit
* Élaborer des dossiers techniques complets : plans de masse, profils en long, détails d'exécution
* Gérer les modifications et les versions des plans en fonction des retours clients et des contraintes techniques
* Collaborer avec les ingénieurs en charge des études pour assurer la cohérence technique
* Participer à la modélisation BIM et à l'intégration des données projet
* Respecter les normes réglementaires et les standards internes du cabinet

**Environnement de travail**  

Vous bénéficiez d'une grande autonomie dans vos projets tout en étant intégré à une équipe technique compétente. Accès à des outils professionnels modernes (AutoCAD, Revit) et à un environnement collaboratif stimulant. Le rythme de travail est adapté aux cycles projet, avec des perspectives d'évolution long terme.


Profil recherché :

**Expérience**  

Vous justifiez d'au minimum **5 années d'expérience** en tant que dessinateur projeteur VRD ou en bureau d'études infrastructure, idéalement en agence ou cabinet d'études.

**Compétences techniques indispensables**

* Maîtrise confirmée d'*AutoCAD* (dessin 2D, gestion des calques, normalisation)
* Pratique de *Revit* (modélisation BIM, familles, environnement collaboratif)
* Connaissances solides en VRD : profils, terrassements, réseaux (eau, assainissement, électricité, télécom)
* Lecture et interprétation de plans, normes de dessin technique

**Compétences complémentaires appréciées**

* Expérience avec des logiciels de DAO/BIM complémentaires (Civil 3D, Infraworks)
* Connaissance des normes de représentation routière et ferroviaire
* Sensibilité aux enjeux environnementaux et réglementaires

**Qualités professionnelles**  

Autonomie, rigueur, capacité à respecter les délais, bonne communication et aptitude à travailler en équipe. Vous êtes organisé et capable de gérer plusieurs projets en parallèle.","","https://fr.indeed.com/cmp/Yalink","https://d2q79iu7y748jz.cloudfront.net/s/_squarelogo/256x256/e9e62266c94eb65ed5fdb44eaa38a5bd","https://yalink.fr/","9 rue andré darbon","11 to 50","$1M to $5M (USD)","Yalink en quelques chiffres : Une communauté de + 2 500 experts freelances + 50 clients heureux 1 bureau dans le centre de Bordeaux 10 personnes passionnées qui travaillent dans la bonne humeur & pl","","","","","",""
"in-e3d5c3a080e8f875","indeed","https://fr.indeed.com/viewjob?jk=e3d5c3a080e8f875","https://careers.segulatechnologies.com/fr/annonce/4601415-responsable-technique-controle-commandes-rtcc-hf-tours?s_o=indeed&s_b=DigitalRecruiters","Responsable Technique Contrôle Commandes (RTCC) - H/F","SEGULA Technologies","Tours, CVL, FR","2026-09-16","fulltime","","","","","",False,"","","","","Vous passionne l'alliance de l'électronique, du logiciel embarqué et de l'électrique ? Vous aimez concilier pilotage technique et développement sur le terrain ?


En tant que **Responsable Technique Contrôle Commandes (RTCC)**, vous devenez le pilier technique de nos projets. Vous pilotez le développement complet de la partie contrôle\-commande, depuis l'expression du besoin client jusqu'à la livraison finale du produit.


Sur certains projets à forte valeur ajoutée ou complexité, vous enfilez également la casquette de **Développeur Logiciel**, vous permettant d'allier vision stratégique et expertise opérationnelle.

### **Vos missions au quotidien**

* **Pilotage \& Relation Client :** Analyser et garantir la prise en compte des exigences clients. Être l'interlocuteur technique privilégié.
* **Gestion de Projet :** Piloter les plannings, maîtriser les budgets alloués et animer les équipes contributrices sur vos projets.
* **Garant de la Qualité \& du Reporting :** Assurer la conformité du produit livré, remonter les indicateurs au Responsable de pôle et faire preuve de devoir d'alerte sur les risques (vers l'Ingénieur Système et la direction).
* **Conception \& Développement :**


	+ Participer ou réaliser le développement logiciel embarqué (Cycle en V).
	+ Spécifier et valider l'architecture électrique (choix des composants, synoptiques, schémas de câblage et torons).
	+ Rédiger les spécifications techniques et les rapports d'expertise.
  

Vous avez l'esprit d'équipe, le sens des responsabilités et une excellente communication.

**Votre formation \& expérience :**

* **Bac\+5 (Ingénieur)** avec **5 ans d'expérience minimum** en industrie, bureau d'études ou méthodes.
* OU **Bac\+2 / Bac\+3 (DUT GEII, BTS MAI, etc.)** avec **10 ans d'expérience minimum** dans le domaine.

**Vos compétences techniques indispensables :**

* **Langage de programmation :** Maîtrise du langage **C** (norme **MISRA\-C** obligatoire).
* **Automatisme \& Modélisation :** Bonne maîtrise du Grafcet et d'UML.
* **Génie Électrique :** Solides connaissances en synoptiques électriques, schémas de câblage, torons et aspects électromécaniques.
* **Cycle de vie :** Connaissance des étapes de développement en **Cycle en V**.","","https://fr.indeed.com/cmp/Segula-Technologies","https://d2q79iu7y748jz.cloudfront.net/s/_squarelogo/256x256/b3eff39dc9d628b14830290e8a79ddd3","https://www.segulatechnologies.com/","Nanterre","10,000+","Decline to state","SEGULA is a gobal engineering group helping boost competitiveness within all of the major industrial sectors.","","","","","",""
"in-6d34dde337a90574","indeed","https://fr.indeed.com/viewjob?jk=6d34dde337a90574","https://jobs.buschvacuum.com/pfeiffervacuum/job/Annecy-Ing%C3%A9nieur-Support-Syst%C3%A8mes-Robot-&-Instrumentation-74-74009/1372357757/","Ingénieur Support Systèmes Robot & Instrumentation","Pfeiffer Vacuum","Annecy, ARA, FR","2026-09-16","","","","","","",False,"","","","","Date: 16 sept. 2026
Lieu:
Annecy, 74 \- Haute\-Savoie, FR, 74009
Catégorie:  

De la recherche spatiale à la fabrication de puces microélectroniques, nos solutions de vide et de détection de fuite propulsent l’innovation au cœur des industries et de votre quotidien.  

Filiale du Groupe Busch, Pfeiffer Vacuum\+Fab Solutions développe des technologies de pointe pour l’industrie des semi\-conducteurs, la science analytique et la recherche. Ici, le management collaboratif donne vie aux idées qui construisent le futur.  

Avec 8 000 collaborateurs répartis dans 44 pays, nous partageons une ambition commune : façonner l'avenir. Relevez de nouveaux défis, osez l'innovation et contribuez avec nous à l’évolution du monde du vide de demain !
**Missions principales**


Support technique et maintenance


* Diagnostiquer et résoudre les pannes matérielles, logicielles, électriques, mécaniques et automatismes signalées par les clients ou les équipes Pfeiffer Vacuum.
* Assurer les opérations de maintenance préventive, corrective et curative sur les systèmes robotisés et les équipements d'instrumentation.
* Identifier et analyser les dysfonctionnements dans plusieurs domaines techniques complexes (robotique, automatisme, électricité, informatique industrielle et instrumentation).
* Réaliser les opérations de calibration, de configuration et validation des capteurs, des instruments de mesure et systèmes d'acquisition.
* Participer à l'amélioration continue de la fiabilité et de la maintenabilité des équipements.
  

Intégration et validation système


* Participer à l'intégration des sous\-systèmes mécaniques, électriques, automatisme, robotique et logiciels.
* Réaliser les tests fonctionnels et les validations système conformément aux spécifications techniques.
* Effectuer les recettes et acceptances en usine (Factory Acceptance Test \- FAT) avec les équipes projet et les clients.
* Vérifier la conformité des installations vis\-à\-vis des exigences de performance, sécurité et qualité.
  

Installation et mise en service client


* Assurer l'installation des équipements sur site client.
* Réaliser les opérations de mise en service (Site Acceptance Test \- SAT).
* Effectuer les réglages, calibrations et optimisations nécessaires lors du démarrage en production.
* Assurer un support technique sur site et à distance après mise en service.
  

Formation et documentation


* Former les techniciens d’intervention de service au dépannage avancé et à la maintenance des équipements.
* Former les opérateurs, et ingénieurs clients à l'utilisation des équipements.
* Élaborer et mettre à jour les procédures d'installation, définir les opérations de maintenance, documenter les instructions de dépannage.
* Rédiger les rapports d'intervention, comptes\-rendus de mise en service et rapports d'incidents.
* Capitaliser les retours d'expérience et contribuer à l'amélioration de la documentation technique.
  

Compétences techniques


* Maîtrise des systèmes robotiques industriels. La connaissance des systèmes FANUC serait un plus.
* Connaissances avancées en mécatronique, instrumentation et automatisation industrielle.
* Bonne maîtrise des architectures réseaux et protocoles industriels :
* + EtherCAT, TCP/IP, Modbus, RS232/RS485, SECS/GEM, E84
* Compétences en programmation et diagnostic :
* + Beckhoff, Wago
* Maîtrise des environnements Windows et des outils informatiques industriels.
* Connaissance des bases de données et de la gestion d'images système.
  

Compétences électriques et mécaniques


* + Lecture et analyse de schémas électriques.
	+ Dépannage électrique basse tension et instrumentation.
	+ Lecture de plans mécaniques et de dossiers techniques.
	+ Montage, réglage et alignement d'ensembles mécaniques.
	+ Connaissance des actionneurs, capteurs et systèmes pneumatiques.

Savoir Etre


* Excellente capacité d'analyse et de résolution de problèmes.
* Forte logique de troubleshooting et méthodologie de diagnostic.
* Sens du service client.
* Autonomie et capacité à intervenir dans des environnements techniques clients complexes (salle blanche en microélectronique).
* Aisance relationnelle et qualité de communication.
* Capacité à travailler dans un contexte international.
  

**Formation**


* Diplôme d'Ingénieur ou équivalent en : Robotique, Mécatronique, Automatisme, Instrumentation, Génie électrique, Systèmes embarqués
  

**Expérience**


* Expérience de 2 à 5 ans minimum dans le support technique, l'intégration, la mise en service ou la maintenance d'équipements industriels dans les domaines suivants : Robotique industrielle, Machines spéciales, Equipement Semi\-conducteur, Automatisation industrielle
  

**Langues**


* Français courant.
* Anglais opérationnel technique indispensable pour les échanges avec les clients, fournisseurs et partenaires internationaux.

**Conditions particulières**


* Déplacements réguliers en France et à l'international pour les installations, formations et interventions de support.
* Travail en environnement salle blanche dans la microélectronique industrielle.
* Disponibilité ponctuelle en dehors des horaires standards lors des mises en service clients.
  

Toutes les candidatures seront prises en compte pour nos offres d'emploi indépendamment de toute considération de race, couleur, religion, genre, orientation sexuelle, identité sexuelle, origine nationale ou statut d’invalidité.


Requisition ID: 3453","","https://fr.indeed.com/cmp/Pfeiffer-Vacuum","https://d2q79iu7y748jz.cloudfront.net/s/_squarelogo/256x256/10e0ccf2345e291a6bcd8ae261335ce9","http://www.pfeiffer-vacuum.com","Aßlar, Germany","","","Pfeiffer Vacuum is a leading provider of vacuum solutions with over 3,300 employees in more than 25 locations around the world. Apply now and make our success story yours too!","","","","","",""
"in-a027978b05c0f4f6","indeed","https://fr.indeed.com/viewjob?jk=a027978b05c0f4f6","https://emploi.elsys-design.com/offers/149759/Stage-–-Conception-Hardware-Station-Instrumentation-H-F","Stage – Conception Hardware Station d'Instrumentation (H/F)","ELSYS DESIGN","Grenoble, ARA, FR","2026-09-16","internship","","","","","",False,"","","","","Contexte
  
  

ELSYS Design accompagne ses clients dans la conception de systèmes embarqués et développe des solutions de mesure et de génération à hautes performances. L’objectif est de disposer d’une station d’instrumentation générique, intégrée et modulaire pour la vérification et la mise au point de cartes électroniques.
  
  

Objectifs
  
  

Contribuer à l’architecture puis concevoir une première version de la carte mère haute performance de la station.
  
  

Intégrer un premier module de mesure de température en collaboration avec le ou la stagiaire logiciel.
  
  

Valider le fonctionnement matériel et logiciel de l’ensemble.
  
  

Missions principales
  
  

Élaborer le cahier des charges, définir l’architecture, réaliser le schéma et le dossier de fabrication de la carte.
  
  

Concevoir les moyens de test, mettre au point et valider les cartes, puis intégrer les logiciels dans une démarche d’écoconception.
  
  

Compétences à acquérir
  
  

Cycle complet de conception d’une carte électronique haute performance et maîtrise d’un outil de CAO.
  
  

Spécification, conception, mise au point, validation et travail en équipe multi\-métiers.
  
  

L'agence de rattachement de cette offre se situe à Grenoble. Profil Recherché
  
  

Tu es en dernière année d’école d’ingénieur ou de master, avec une spécialisation en électronique ou microélectronique et des bases en conception de cartes.
  
  

Une expérience de conception électronique, MCU ou FPGA sera appréciée. Autonome, rigoureux·se et curieux·se, tu aimes travailler en équipe.
  
  

Environnement technique
  
  

KiCad, Altium, i.MX8, STM32, FPGA Intel ou Xilinx, alimentations DC/DC et électronique analogique/numérique.
  
  

USB 3\.1, Ethernet, SPI, I2C, PCIe, HDMI, DisplayPort et C embarqué.
  
Avantages Salariaux
  
  

Titre restaurant presque intégralement pris en charge
  
  

Accès aux activités sociales et culturelles du CSE
  
  

Prime Transport de 200 € net par an.
  
Qui sommes\-nous
  
  

ELSYS Design est une société d’ingénierie spécialisée dans la conception de systèmes électroniques embarqués.
  
  

Nous accompagnons nos clients issus de secteurs variés (énergie, semiconducteur, défense, spatial, transport, etc.) dans 4 domaines principaux : la microélectronique ( FPGA , ASIC , SoC ), la carte , le logiciel embarqué et l’ ingénierie système .
  
  

Chez ELSYS Design, nous sommes tous ingénieurs , votre manager sera donc lui aussi issu de la technique. Il veillera à vous proposer des projets pertinents qui vous permettront de vous constituer une expérience riche, bâtie sur un socle de compétences recherchées .
  
  

Vous aimez relever des défis techniques ? Vous avez envie d’évoluer dans une ambiance humaine, bienveillante et responsabilisante ? D’intégrer une structure familiale, présentant les avantages d’un grand groupe ?
  
  

**Alors, n’hésitez plus :** postulez et rencontrons\-nous !","","https://fr.indeed.com/cmp/Elsys-Design","https://d2q79iu7y748jz.cloudfront.net/s/_squarelogo/256x256/dcec5a355eba55dac8522f91f07fad8c","https://www.elsys-design.com","Paris","501 to 1,000","$25M to $100M (USD)","","","","","","",""
"in-37ab6624469110c0","indeed","https://fr.indeed.com/viewjob?jk=37ab6624469110c0","https://emploi.elsys-design.com/offers/149251/Ingenieur-e-Design-FPGA-SoC-H-F","Ingénieur(e) Design FPGA / SoC (H/F)","ELSYS DESIGN","Toulouse, O, FR","2026-09-16","","","","","","",False,"","","","","Contexte
  
  

Plusieurs postes sont à pourvoir
  
  

Dans le cadre du développement de systèmes embarqués à forts enjeux technologiques et sécuritaires, nous renforçons nos équipes et recherchons des Ingénieur(e)s expérimenté(e)s en Design FPGA / SoC.
  
  

Vous interviendrez sur des projets critiques destinés à des environnements exigeants tels que le spatial, l’aéronautique et la défense, au sein d’équipes pluridisciplinaires (système, hardware, software, validation).
  
  

Vos missions
  
  

En tant qu’Ingénieur(e) FPGA / SoC, vous participerez à l’ensemble du cycle de développement :
  
  

Analyse des besoins et participation à la définition de l’architecture FPGA / SoC
  
  

Conception et implémentation de blocs logiques en VHDL / Verilog
  
  

Développement d’architectures complexes pour systèmes embarqués critiques
  
  

Mise en œuvre des stratégies de vérification et validation (simulation, testbench, contraintes temporelles)
  
  

Synthèse, placement \& routage et optimisation des performances (ressources, fréquence, consommation)
  
  

Intégration sur cible et participation aux phases de mise au point et de validation système
  
  

Rédaction de la documentation technique (spécifications, dossiers de conception, rapports de tests)
  
  

Collaboration étroite avec les équipes hardware, software et système
  
  

Contribution à l’amélioration continue des méthodes, outils et bonnes pratiques
  
  

Environnement technique
  
  

Vous travaillerez sur des technologies et outils reconnus du marché, notamment :
  
  

**Cibles FPGA / SoC :**  

AMD/Xilinx (Zynq, Ultrascale, Ultrascale\+)
  
  

NanoXplore
  
  

**Langages :**  

VHDL, Verilog (SystemVerilog apprécié)
  
  

**Outils :** Vivado / Vitis, Impulse Design Suite
  
  

ModelSim / Questa ou équivalent
  
  

Connaissance des contraintes liées aux environnements normés (ECSS, DO\-254, sécurité fonctionnelle) appréciée
  
  

L'agence de rattachement de cette offre se situe à Toulouse. Profil Recherché
  
  

Profil recherché
  
  

Diplôme d’ingénieur ou équivalent (Bac \+5\) en électronique, microelectronique ou systèmes embarqués
  
  

Expérience minimale de 5 ans en design FPGA / SoC
  
  

Expériences avérées en architecture et développement FPGA
  
  

Expérience sur des projets à fortes contraintes (temps réel, sûreté, fiabilité)
  
  

Capacité à travailler sur des systèmes complexes et critiques
  
  

Rigueur, autonomie et esprit d’analyse
  
  

Bon niveau d’anglais technique (écrit et oral)
  
  

Ce que nous proposons
  
  

Projets à forte valeur technologique dans des secteurs stratégiques
  
  

Environnement technique exigeant et stimulant
  
  

Évolution au sein d’équipes d’experts reconnus
  
  

Développement des compétences et perspectives d’évolution
  
Avantages Salariaux
  
  

10 jours de RTT par an
  
  

Allocation repas ou Titre restaurant presque intégralement pris en charge
  
  

Mutuelle Santé Famille
  
  

Compte Epargne Temps
  
  

Participation et Intéressement
  
  

Prime de cooptation de 1000 ou 1500 €
  
  

Prime de vacances
  
  

Prime Transport de 200 € net par an et 50 € brut mensuel.
  
Qui sommes\-nous
  
  

ELSYS Design est une société d’ingénierie spécialisée dans la conception de systèmes électroniques embarqués.
  
  

Nous accompagnons nos clients issus de secteurs variés (énergie, semiconducteur, défense, spatial, transport, etc.) dans 4 domaines principaux : la microélectronique ( FPGA , ASIC , SoC ), la carte , le logiciel embarqué et l’ ingénierie système .
  
  

Chez ELSYS Design, nous sommes tous ingénieurs , votre manager sera donc lui aussi issu de la technique. Il veillera à vous proposer des projets pertinents qui vous permettront de vous constituer une expérience riche, bâtie sur un socle de compétences recherchées .
  
  

Vous aimez relever des défis techniques ? Vous avez envie d’évoluer dans une ambiance humaine, bienveillante et responsabilisante ? D’intégrer une structure familiale, présentant les avantages d’un grand groupe ?
  
  

**Alors, n’hésitez plus :** postulez et rencontrons\-nous !","","https://fr.indeed.com/cmp/Elsys-Design","https://d2q79iu7y748jz.cloudfront.net/s/_squarelogo/256x256/dcec5a355eba55dac8522f91f07fad8c","https://www.elsys-design.com","Paris","501 to 1,000","$25M to $100M (USD)","","","","","","",""
"in-5412ae3562b6fac1","indeed","https://fr.indeed.com/viewjob?jk=5412ae3562b6fac1","https://emploi.elsys-design.com/offers/145951/Ingenieur-e-Verification-ASIC-H-F","Ingénieur(e) Vérification ASIC (H/F)","ELSYS DESIGN","Valbonne, B8, FR","2026-09-16","","","","","","",False,"","","","","En intégrant dans une équipe projet multi sites de 10 ingénieur(e)s dans un contexte international, tu participeras à la vérification (dirigée et UVM) d'une nouvelle génération de SoC.
  
  

**Pour mener à bien cette mission challengeante, tu devras :**  

* Rédiger des plans de vérification
* Implémenter l'environnement de tests en SystemVerilog
* Développer des modèles en SystemVerilog et C
* Implémenter des générateurs de séquences et de testcases dirigés en C ou VHDL
* Rédiger des rapports de vérification


L’objectif c'est de participer à un projet ambitieux et évoluer!
  
  

L'agence de rattachement de cette offre se situe à Nice\-sophia\-antipolis.
  
  

L'agence de rattachement de cette offre se situe à Nice Sophia\-Antipolis. Profil Recherché
  
  

Ingénieur(e) en microélectronique, tu possèdes une première expérience professionnelle en design ou vérification bloc ou top level de SoC.
  
  

**Tu maîtrises une ou plusieurs de ces techniques:**  

Vérification de SoC UVM
  
Les langages SystemVerilog
  
Specman ou C embarqué
  
VHDL ou le Verilog
  
Tu maîtrises bien l'anglais et aimes voyager ? Tant mieux! Des déplacements en Europe seront à prévoir.
  
  

Tu es rigoureux(se) et apprécies le travail d'équipe
  
  

Tu possèdes un bon relationnel et respectes des engagments
  
  

Si c’est le cas, tu es celui/celle qu’il nous faut! Alors postule vite pour nous rejoindre \=) Avantages Salariaux
  
  

10 jours de RTT par an
  
  

Allocation repas ou Titre restaurant presque intégralement pris en charge
  
  

Mutuelle Santé Famille
  
  

Compte Epargne Temps
  
  

Participation et Intéressement
  
  

Prime de cooptation de 1000 ou 1500 €
  
  

Prime de vacances
  
  

Prime Transport de 200 € net par an et 50 € brut mensuel.
  
Qui sommes\-nous
  
  

ELSYS Design est une société d’ingénierie spécialisée dans la conception de systèmes électroniques embarqués.
  
  

Nous accompagnons nos clients issus de secteurs variés (énergie, semiconducteur, défense, spatial, transport, etc.) dans 4 domaines principaux : la microélectronique ( FPGA , ASIC , SoC ), la carte , le logiciel embarqué et l’ ingénierie système .
  
  

Chez ELSYS Design, nous sommes tous ingénieurs , votre manager sera donc lui aussi issu de la technique. Il veillera à vous proposer des projets pertinents qui vous permettront de vous constituer une expérience riche, bâtie sur un socle de compétences recherchées .
  
  

Vous aimez relever des défis techniques ? Vous avez envie d’évoluer dans une ambiance humaine, bienveillante et responsabilisante ? D’intégrer une structure familiale, présentant les avantages d’un grand groupe ?
  
  

**Alors, n’hésitez plus :** postulez et rencontrons\-nous !","","https://fr.indeed.com/cmp/Elsys-Design","https://d2q79iu7y748jz.cloudfront.net/s/_squarelogo/256x256/dcec5a355eba55dac8522f91f07fad8c","https://www.elsys-design.com","Paris","501 to 1,000","$25M to $100M (USD)","","","","","","",""
"in-7f8fd5983924ff43","indeed","https://fr.indeed.com/viewjob?jk=7f8fd5983924ff43","https://emploi.elsys-design.com/offers/149601/Ingenieur-e-test-validation-hardware","Ingénieur(e) test et validation hardware","ELSYS DESIGN","Aix-en-Provence, B8, FR","2026-09-16","","","","","","",False,"","","","","Au sein de l'équipe Hardware, vous êtes responsable de la stratégie de vérification et de validation des cartes électroniques développées par notre client. Vous garantissez que les équipements répondent aux exigences fonctionnelles, de performance, de fiabilité et de conformité réglementaire tout au long du cycle de développement.
  
  

Définition de la stratégie de vérification et validation
  
  

Analyser les exigences système et hardware.
  
  

Définir la stratégie de vérification et de validation.
  
  

Élaborer les plans de tests et les matrices de traçabilité.
  
  

Identifier les moyens de test nécessaires.
  
  

Vérification des cartes électroniques
  
  

Développer les procédures de tests fonctionnels.
  
  

Assurer la mise au point des cartes
  
  

Assurer le bring\-up
  
  

Réaliser les essais de validation des prototypes.
  
  

Vérifier les performances électriques et fonctionnelles.
  
  

Réaliser les campagnes de caractérisation.
  
  

Participer aux essais environnementaux (température, vibrations, CEM, humidité, etc.).
  
  

Identifier, analyser et suivre les non\-conformités.
  
  

Validation des exigences
  
  

Vérifier la couverture des exigences.
  
  

Assurer la traçabilité entre exigences, tests et résultats.
  
  

Produire les preuves de conformité.
  
  

Participer aux revues de conception.
  
  

Documentation technique et conformité normative
  
  

Rédiger et maintenir la documentation de développement conformément aux référentiels qualité applicables
  
  

L'agence de rattachement de cette offre se situe à Aix\-En\-Provence. Profil Recherché
  
  

Formation
  
  

Diplôme d'ingénieur ou Master (Bac\+5\) en électronique, systèmes embarqués ou équivalent.
  
  

Expérience
  
  

Première expérience significative (2 ans minimum) en vérification et validation de cartes électroniques en laboratoire
  
  

Une expérience dans un environnement certifiable (aéronautique, spatial, défense, ferroviaire, médical…) est fortement appréciée
  
  

Avantages Salariaux
  
  

10 jours de RTT par an
  
  

Allocation repas ou Titre restaurant presque intégralement pris en charge
  
  

Mutuelle Santé Famille
  
  

Compte Epargne Temps
  
  

Participation et Intéressement
  
  

Prime de cooptation de 1000 ou 1500 €
  
  

Prime de vacances
  
  

Prime Transport de 200 € net par an et 50 € brut mensuel.
  
Qui sommes\-nous
  
  

ELSYS Design est une société d’ingénierie spécialisée dans la conception de systèmes électroniques embarqués.
  
  

Nous accompagnons nos clients issus de secteurs variés (énergie, semiconducteur, défense, spatial, transport, etc.) dans 4 domaines principaux : la microélectronique ( FPGA , ASIC , SoC ), la carte , le logiciel embarqué et l’ ingénierie système .
  
  

Chez ELSYS Design, nous sommes tous ingénieurs , votre manager sera donc lui aussi issu de la technique. Il veillera à vous proposer des projets pertinents qui vous permettront de vous constituer une expérience riche, bâtie sur un socle de compétences recherchées .
  
  

Vous aimez relever des défis techniques ? Vous avez envie d’évoluer dans une ambiance humaine, bienveillante et responsabilisante ? D’intégrer une structure familiale, présentant les avantages d’un grand groupe ?
  
  

**Alors, n’hésitez plus :** postulez et rencontrons\-nous !","","https://fr.indeed.com/cmp/Elsys-Design","https://d2q79iu7y748jz.cloudfront.net/s/_squarelogo/256x256/dcec5a355eba55dac8522f91f07fad8c","https://www.elsys-design.com","Paris","501 to 1,000","$25M to $100M (USD)","","","","","","",""
"in-950f3bb736abaa55","indeed","https://fr.indeed.com/viewjob?jk=950f3bb736abaa55","https://emploi.elsys-design.com/offers/149760/Stage-–-Developpement-Firmware-Station-Instrumentation-H-F","Stage – Développement Firmware Station d'Instrumentation (H/F)","ELSYS DESIGN","Grenoble, ARA, FR","2026-09-16","internship","","","","","",False,"","","","","Contexte
  
  

ELSYS Design accompagne ses clients dans la conception de systèmes embarqués et développe des solutions de mesure et de génération à hautes performances. L’objectif est de disposer d’une station d’instrumentation générique, intégrée et modulaire pour la vérification et la mise au point de cartes électroniques.
  
  

Objectifs
  
  

Concevoir le firmware embarqué d’une station basée sur un System on Module haute performance.
  
  

Définir une architecture système flexible avec les référent·es métiers et le ou la stagiaire hardware.
  
  

Développer le firmware de la carte principale, d’un premier module et son pilotage depuis un PC.
  
  

Missions principales
  
  

Spécifier l’architecture et les interfaces, puis développer les firmwares de la carte mère et d’une première carte fille.
  
  

Développer les moyens de pilotage et de test, valider les firmwares et expérimenter un usage raisonné de l’IA.
  
  

Compétences à acquérir
  
  

Développement complet d’un logiciel embarqué en C, architecture système et démarche de spécification, conception et validation.
  
  

Travail en équipe multi\-métiers, gestion de configuration et prise en compte des problématiques électroniques.
  
  

L'agence de rattachement de cette offre se situe à Grenoble. Profil Recherché
  
  

Tu es en dernière année d’école d’ingénieur ou de master, avec une spécialisation en électronique ou systèmes embarqués et des bases en logiciel embarqué.
  
  

Une expérience en OS temps réel ou bare metal sera appréciée. Autonome, rigoureux·se et curieux·se, tu aimes travailler en équipe.
  
  

Environnement technique
  
  

System on Module, i.MX8, STM32, USB 3\.1, SPI, I2C, PCIe et liaisons vidéo.
  
  

C, Python, Linux, Yocto, traitement numérique du signal et GitLab.
  
Avantages Salariaux
  
  

Titre restaurant presque intégralement pris en charge
  
  

Accès aux activités sociales et culturelles du CSE
  
  

Prime Transport de 200 € net par an.
  
Qui sommes\-nous
  
  

ELSYS Design est une société d’ingénierie spécialisée dans la conception de systèmes électroniques embarqués.
  
  

Nous accompagnons nos clients issus de secteurs variés (énergie, semiconducteur, défense, spatial, transport, etc.) dans 4 domaines principaux : la microélectronique ( FPGA , ASIC , SoC ), la carte , le logiciel embarqué et l’ ingénierie système .
  
  

Chez ELSYS Design, nous sommes tous ingénieurs , votre manager sera donc lui aussi issu de la technique. Il veillera à vous proposer des projets pertinents qui vous permettront de vous constituer une expérience riche, bâtie sur un socle de compétences recherchées .
  
  

Vous aimez relever des défis techniques ? Vous avez envie d’évoluer dans une ambiance humaine, bienveillante et responsabilisante ? D’intégrer une structure familiale, présentant les avantages d’un grand groupe ?
  
  

**Alors, n’hésitez plus :** postulez et rencontrons\-nous !","","https://fr.indeed.com/cmp/Elsys-Design","https://d2q79iu7y748jz.cloudfront.net/s/_squarelogo/256x256/dcec5a355eba55dac8522f91f07fad8c","https://www.elsys-design.com","Paris","501 to 1,000","$25M to $100M (USD)","","","","","","",""
"in-b0fa0a9db58c276f","indeed","https://fr.indeed.com/viewjob?jk=b0fa0a9db58c276f","https://www.free-work.com/fr/tech-it/job-mission/ingenieur-apres-vente/ingenieur-developpement-flutter-dart-h-f?utm_source=indeed&utm_medium=organic&utm_campaign=indeed_organic_fr_all_wo","Ingénieur développement Flutter/Dart - H/F","Viveris","Paris, A8, FR","2026-09-16","","","","","","",False,"","","","","Contexte de la mission :
  

  

Dans le cadre du développement de nos activités technologiques pour un acteur de référence et leader mondial des systèmes d'initiation pour l'industrie minière, nous recherchons un Développeur d'Applications Dart / Flutter Expérimenté (F/H). Intégré(e) au sein de l'équipe R\&D et Systèmes Embarqués/Logiciels, vous participez activement à la conception et à l'évolution des outils logiciels et IHM critiques utilisés sur le terrain par les opérateurs et les ingénieurs pour le contrôle et le déclenchement des tirs.  

  

Vos Responsabilités :  

  

  

  

  

  

* Concevoir, développer et maintenir des applications mobiles et desktop robustes et performantes en utilisant Dart et le framework Flutter ;
* Rédiger un code propre, modulaire, testable et documenté, en respectant les bonnes pratiques de l'architecture logicielle (Clean Architecture, Provider/Bloc) ;
* Assurer l'interfaçage des applications Flutter avec des équipements matériels spécifiques (systèmes de tir, périphériques de communication sans fil, protocoles industriels) ;
* Collaborer étroitement avec les équipes produits, les ingénieurs systèmes et les testeurs (QA) pour identifier les besoins et garantir la qualité des livrables ;
* Optimiser les performances des applications sur différentes cibles (Android, iOS, Windows/Linux selon les cas d'usage industriels) ;
* Participer aux phases de revue de code, de tests unitaires/d'intégration et contribuer à l'amélioration continue des processus de développement (CI/CD).

  

  

  

  

Profil candidat:  

Profil recherché :
  

  

De formation supérieure en informatique (Bac\+5 / Master / École d'Ingénieurs), vous justifiez d'une expérience significative de 5 ans minimum dans le développement d'applications logicielles, dont une expertise solide et démontrée sur Dart et Flutter.  

  

Environnement technique :  

  

  

* Maîtrise des concepts avancés de Flutter (gestion d'état, animations, gestion de la mémoire, appels API REST / WebSockets) ;
* Multiplateforme : Expérience avérée dans le développement multiplateforme (Mobile et/ou Desktop) ;
* Compétences connexes : Des connaissances en communication réseau, protocoles industriels ou interfaçage matériel (Bluetooth Low Energy, USB, séries) constituent un réel atout.

  

  

Nos avantages :  

  

  

* Rémunération attractive et évolutive ;
* Mutuelle familiale à garanties hautes ;
* Tickets restaurant pris en charge à 60 % ;
* 100 % du titre de transport urbain remboursé ;
* Primes d'intéressement, de participation et de cooptation ;
* Formation continue avec LinkedIn Learning et nos communautés techniques.","Internet And Software","https://fr.indeed.com/cmp/Viveris","https://d2q79iu7y748jz.cloudfront.net/s/_squarelogo/256x256/85421420051ec40177372eb1b6f49863","https://www.viveris.fr/","32-36 rue de Bellevue
92100 Boulogne-Billancourt","1,001 to 5,000","$25M to $100M (USD)","","","","","","",""
"in-b2ce47b61ab57c7d","indeed","https://fr.indeed.com/viewjob?jk=b2ce47b61ab57c7d","https://www.free-work.com/fr/tech-it/job-mission/ingenieur-apres-vente/ingenieur-automatisme-beckhoff-industrie-h-f?utm_source=indeed&utm_medium=organic&utm_campaign=indeed_organic_fr_all_wo","Ingénieur Automatisme Beckhoff - Industrie H/F","Viveris","Lattes, O, FR","2026-09-16","","","","","","",False,"","","","","Contexte de la mission:
  

  

Viveris accompagne ses clients industriels dans la conception et le développement de systèmes automatisés à forte valeur technologique. Dans le cadre du développement de nouvelles machines automatisées, nous recherchons un Ingénieur Automatisme Beckhoff.
  

  

Vous prenez en charge les activités d'architecture et de développement des solutions de contrôle\-commande, depuis les phases de conception jusqu'à la validation des systèmes.  

  

Intégré au sein d'une équipe pluridisciplinaire composée d'experts automatismes, mécaniques, électriques et logiciels, vous participez au développement de plateformes industrielles exigeantes en termes de fiabilité, de performance et de maintenabilité.
  

Responsabilités :  

  

* Définir l'architecture automatisme des équipements et des systèmes de contrôle\-commande.
* Concevoir et développer les programmes d'automates Beckhoff sous TwinCAT ;
* Participer à l'intégration des équipements, des actionneurs et des interfaces de communication industrielles ;
* Assurer les phases de tests, de validation et de mise en service des systèmes automatisés ;
* Collaborer avec les équipes projet afin de garantir les performances et la fiabilité des solutions développées.

  

  

  

  

Profil candidat:  

Profil recherché :  

  

* Diplômé d'une formation supérieure Bac\+5 en automatisme, informatique industrielle ou génie électrique, vous justifiez d'une expérience significative (8 ans minimum) en développement d'applications de contrôle\-commande ;
* Vous maîtrisez l'architecture et la programmation d'automates Beckhoff ainsi que les environnements industriels associés ;
* Reconnu pour votre autonomie, votre rigueur technique et votre capacité à travailler en équipe sur des projets complexes.

  

  

  

Compétences techniques :  

  

* Architecture et programmation d'automates Beckhoff ;
* Environnement TwinCAT 3 ;
* Langages IEC 61131\-3 ;
* Réseaux et bus de terrain industriels (EtherCAT, Profinet, Modbus ou équivalent).

  

  

  

Nos avantages :  

  

* Rémunération attractive et évolutive ;
* Mutuelle familiale à garantie haute ;
* Tickets restaurant pris en charge à 60% ;
* 100% titre de transport urbain remboursé ;
* Primes d'intéressement, de participation et de cooptation ;
* 2 jours de télétravail par semaine ;
* Formation continue avec LinkedIn Learning et nos communautés techniques.","Internet And Software","https://fr.indeed.com/cmp/Viveris","https://d2q79iu7y748jz.cloudfront.net/s/_squarelogo/256x256/85421420051ec40177372eb1b6f49863","https://www.viveris.fr/","32-36 rue de Bellevue
92100 Boulogne-Billancourt","1,001 to 5,000","$25M to $100M (USD)","","","","","","",""
"in-623b747623c316de","indeed","https://fr.indeed.com/viewjob?jk=623b747623c316de","https://univ-tlse3.nous-recrutons.fr/job/1azewzgz4m","Technicien en micro-électronique et technologies de fabrication en salle blanche F/H (REF 339)","Université de Toulouse","Toulouse, O, FR","2026-09-16","","","","","","",False,"","","","","### **À propos de nous**



L'Université de Toulouse est un établissement public expérimental (EPE) d’enseignement supérieur et de recherche. Elle se classe aujourd'hui parmi les premières universités françaises par son rayonnement scientifique, la diversité de ses laboratoires et les formations qu'elle propose en sciences, santé, sport, technologie et ingénierie. Dotée d'un budget de 430 M€, de 5 composantes et d’1 établissement\-composante (l’Ecole d’ingénieurs de Purpan), elle est forte de plus de 4300 personnels dont 2500 personnels d'enseignement et/ou de recherche, possède 69 structures de recherche (dont 42 unités mixtes de recherche), accueille plus de 35 000 étudiantes et étudiants. Elle est implantée dans 4 départements, 8 villes et est répartie sur 11 sites pour une superficie de 264 hectares.


L’établissement est engagé dans la construction du site toulousain à travers la future transformation en Grand Etablissement en capacité de coordonner, à l’issue de la période d’expérimentation, la stratégie de recherche et de formation du site. La construction de l’EPE implique vingt établissements associés ou partenaires de l’enseignement supérieur et organismes nationaux de recherche, deux établissements de santé et d'autres organismes. Pour atteindre cet objectif, elle s’inscrit dans une feuille de route partagée avec ses établissements associés et partenaires et également dans un plan de transition visant à intégrer d’ici le 31/12/2027 les activités et moyens actuellement portés par la Comue de Toulouse.


La personne recrutée sera affectée au sein l’Atelier Interuniversitaire de Micro\-Nano Electronique (AIME). L’AIME est une plateforme technologique mutualisée avec pour tutelles l’Université de Toulouse, l’INSA Toulouse, Toulouse INP, et le LAAS\-CNRS. Le domaine d’expertise est la micro\-nanoélectronique et les nanotechnologies. La plateforme comprend l’ensemble des outils pour (i) le design et la simulation de composants/circuits électroniques (logiciels professionnels et serveurs de calcul) et, (ii) une centrale technologique pour la fabrication et le test de composants et circuits électroniques intégrés, capteurs,... de puces microfluidiques, les technologies quantiques.
  

  

Les missions sont la formation initiale pour des étudiants au niveau technicien, ingénieur ou doctorant, la réalisation de prestations pour les laboratoires ou entreprises. L’activité principale est la réalisation de formations pour des étudiants techniciens et ingénieurs. Près de 700 étudiants et 350 collégiens sont accueillis chaque année. De nombreux doctorants / chercheurs l’utilisent régulièrement pour leurs travaux de recherche. L’offre de formation est ouverte aux étudiants à l’international, et aux personnes en activité (salarié) via la formation continue.  

  

L’AIME est intégré dans le réseau national de plateformes coordoné par le Groupement d’Intérêt Public de la Coordination Nationale pour la Formation en Micro\-électronique et nanotechnologies (GIP\-CNFM). L’AIME est le pôle de référence dans le domaine de la formation de la région sud\-ouest. Elle est intégrée dans 3 projets d’investissement d’avenir France 2030 pour la formation aux nouveaux métiers et aux technologies innovantes dans les domaines de l’électronique, du quantique, et du spatial.
  

  

La centrale technologique comprend 500m2 de plateaux techniques dont 400 m2 de salle blanche, avec l’ensemble des équipements nécessaires pour la fabrication et le test de composants intégrés en technologie Si (dépôt LPCVD, fours d’oxydation, recuit, diffusion thermique, implanteur ionique, bâti de dépôt – métallisation par évaporation ou sputtering \-, gravure humide, gravure ionique réactive, machines d’alignement de masque pour la lithographie optique, lithographie laser, lithographie électronique, montage de composants, microscope électronique à balayage, microscopes à force atomique, bancs de test électrique et optique, …. ).
  

  

L’équipe technique de ma centrale technologique est composée de 2 ingénieurs de recherche, 1 assistant ingénieur, et 3 techniciens. Elle prend en charge les taches de maintenance (infrastructure et équipements), de développement de nouveaux procédés de fabrication, et la réalisation des prestations de formation et de fabrication pour les laboratoires et entreprises.


### **Mission**


**Missions**


Intégrée dans l’équipe en charge de la centrale technologique, la personne recrutée prendra en charge la réalisation d’opérations de maintenance du parc de matériel, et des prestations de formation et de fabrication de composants électroniques, en respectant les procédures, les plannings et les règles de sécurité.  

  

La personne recrutée :

* sera intégré\-e dans l’équipe en charge de la maintenance et de la fabrication de composants électroniques de l’AIME. Elle est composée de 2 ingénieurs de recherche, et 4 techniciens,
* recevra une formation aux technologies de fabrication et aux techniques de caractérisations des propriétés électriques et optiques. Plus précisément, il s’agit de la fabrication de composants et circuits intégrés en technologie silicium, avec les équipements spécifiques de l’AIME.
* participera et contribuera activement à la mise en place de nouveaux équipements, au développement des procédés technologiques, l’innovation pédagogique, et leur exploitation pour la réalisation des prestations de formation ou de dispositif pour des laboratoires ou entreprises.

En outre, vous serez impliqué\-e dans des projets d’envergure nationale liés aux compétences et métiers d’avenir, notamment dans le cadre des initiatives France 2030 (QuantEduFrance et INFORISM), ainsi que dans le projet AIMEQu financé par la région Occitanie (FEDER).

 **Conditions générales du poste**

* Catégorie du poste : B
* Corps de recrutement : TECH
* Quotité de travail : 100%
* Date de prise de fonctions souhaitée : Au plus tôt
* Poste ouvert uniquement aux contractuels
* Type de contrat proposé et durée pour les contractuels : CDD jusqu'au 30/04/2027
* Localisation géographique : L’AIME est situé sur le campus de l’INSA de TOULOUSE (lien OpentreetMap) : 135 avenue de Rangueil – 31077 Toulouse cedex 4\.
* Groupe RIFSEEP ou cotation poste : 1
* Rémunération **brute** comprise entre 1867€ et 2362\.93€ en fonction de leur expérience sur des fonctions similaires \+ montant cotation du poste 267€.

 **Informations complémentaires et sujétions du poste**


Contraintes et difficultés :

* Travail en salle blanche : station debout permanente, ambiance lumineuse et bruit perturbants, port d’EPI, espaces confinés en surpression (légère)
* Utilisation et manipulation de produits dangereux, toxiques (acides, solvants, gaz).

### **Profil**


**Connaissances**

* Techniques de l'instrument et de la mesure (vide, cryogénie, optique, électronique) (connaissance générale)
* Sciences physiques (connaissance générale)

 **Savoir\-faire techniques**

* Piloter et régler un instrument (maîtrise)
* Définir et appliquer un protocole technique
* Établir un diagnostic
* Rédiger un rapport, une notice technique
* Appliquer les règles d'hygiène et de sécurité

 **Savoirs comportementaux**

* Autonomie / Confiance en soi
* Sens critique
* Sens de l'organisation
* Travail en équipe
* Communication

 **Diplômes et expériences**

 **Diplôme requis :** BAC \+2 (BTS)

**Durée Expérience souhaitée :** Débutant (1 à 3 ans d'expérience)

**Précisions expérience souhaitée /Intitulé diplôme :**  

* Avoir une formation générale et des techniques de laboratoire dans le domaine de l’électronique, de l’instrumentation, la mesure physique, la maintenance industrielle, ou la chimie (Niveau DUT, BTS, BUT, Bachelor ou équivalent).
* Appliquer ces connaissances et développer de nouvelles compétences dans les techniques de fabrication en salle blanche, la maintenance d’équipements, la métrologie, le contrôle qualité, au sein d’un environnement technique évolutif, complexe, en appliquant les règles d’hygiène et sécurité.
* Respect, sens du service public, et capacité à travailler au sein d’équipes pluridisciplinaires.
**Politique sociale et avantages :**

* Contributions aux frais de transport en commun
* Congés jusqu’à 55 jours/an pour les contrats \> à 10 mois
* 3 Options de temps de travail (si contrat \> à 10 mois): 39h10 \=\> 55 jours de congé, 38h15 \=\> 50 jours de congé, 37h20 \=\> 45 jours de congé
* Possibilité d’aménagement du temps de travail
* Télétravail possible en fonction du poste
* Possibilité aménagement du poste de travail pour les personnes en situation de handicap
* Formations et dispositif d'accompagnement à la prise de fonction managériale
* Contributions à la complémentaire santé – Mutuelle obligatoire à compter du 1er mai 2026
* Subvention restauration collective – Restauration sur place (UPSIDUM, Brasserie, Crous, …)
* Chèques vacances
* Service social
* Forfait mobilité durable (vélo, covoiturage)
* Activités sportives et culturelles
* Établissement engagé (QVT, handicap, parité, diversité)
* Facilité d’accès (métro, bus, périphériques, téléphérique et petits commerces)
* Événements et conférences scientifiques (Journée des personnels, Conférences…)
* Accès bibliothèques universitaires
* Déploiement 10min de sport sur temps de travail
* Parking sur place
* Crèche

*Dans le respect des valeurs du service public, l'Université de Toulouse s'engage en faveur de l'égalité des chances et de la lutte contre toutes les formes de discrimination. Toutes les candidatures sont étudiées de manière équitable, sur la seule base des compétences et qualifications requises pour le poste.*","","https://fr.indeed.com/cmp/Universit%C3%A9-De-Toulouse-5","","https://www.univ-tlse3.fr/","118 route de narbonne
31062 Toulouse cedex","","","","","","","","",""
"in-ba8c683176dea6cc","indeed","https://fr.indeed.com/viewjob?jk=ba8c683176dea6cc","https://setec.nous-recrutons.fr/poste/2fq5lypg3t","Ingénieur en hydraulique fluviale F/H","Groupe SETEC","Angers, B5, FR","2026-09-16","","","","","","",False,"","","","","### **À propos de nous**



setec est un groupe d'ingénierie français, indépendant et pluridisciplinaire, reconnu pour la réalisation de projets complexes et innovants à travers le monde. Animés par l’esprit ""Ingénieurs et Citoyens"", passionnés par la technique, nos 4 000 collaboratrices et collaborateurs mobilisent chaque jour leurs compétences qu’ils mettent au service des clients et des projets.


setec hydratec est un bureau d’études techniques spécialisé dans l’ingénierie de l’eau.


Nos clients, majoritairement publics, nous commandent des études, de l'expertise ou encore de la gestion de projet et de la maîtrise d’œuvre en matière de traitement des eaux, d'hydraulique urbaine, fluviale et maritime, d'hydrogéologie, de géothermie, d'écologie et de Sites et Sols Pollués.  

Nos techniciens et ingénieurs interviennent à toutes les étapes d'un projet : schémas directeurs, études de faisabilité, étude d'impact, suivi travaux, etc.


L’aventure commence en 1974, à Paris, quai de la Rapée, avec une poignée d'ingénieurs hydrauliciens qui étudient les crues de la Seine, imaginent les premiers modèles numériques et écrivent les fondamentaux du diagnostic de réseaux d'assainissement.


Nous sommes aujourd'hui 220, répartis sur 8 agences, animés par l'excellence technique, l'envie d'innover et le goût du service.  

C'est ce collectif, enthousiaste et solidaire, que nous vous proposons de rejoindre !


Fort de votre esprit pionnier et de la passion du métier, vous deviendrez acteur de votre carrière et du développement de l'entreprise, en France comme à l'international.


Ici, certains se passionnent pour la méthanisation des boues urbaines, d’autres pour la renaturation des cours d'eau ; certains conseillent des élus locaux, d’autres étudient l’érosion du trait de côte ; certains développent des logiciels de modélisation, d'autres mènent des projets en Angleterre ou à l'Ile\-Maurice.


Tous ont le sentiment d’effectuer un travail utile, de progresser et de transmettre, au sein d’une entreprise jouissant à la fois de l’agilité d’une PME et de la force d’un prestigieux groupe d'ingénierie français, setec, dont l'actionnariat est 100% salarié.


setec est engagée en faveur de la Diversité et de l’Inclusion. Nous recrutons et reconnaissons tous les talents.

  

### **Mission**



Pour accompagner le développement de l’activité hydraulique fluviale Setec Hydratec, nous recrutons un/une Ingénieur en ouvrages hydrauliques et hydraulique pour le compte d’une de nos agences basée à Angers.


Au sein d’une équipe polyvalente, vous prendrez part aux missions suivantes :

* Participation aux études techniques et missions de maîtrise d’œuvre (conception et suivi de travaux) relatives à des projets de restauration et renaturation des cours d’eau ainsi qu’à des ouvrages hydrauliques (ouvrages de protection contre les crues, barrages, …)
* Participation aux reconnaissances terrain
* Participation aux études hydrologiques et hydrauliques pour déterminer le fonctionnement hydraulique dans le cadre d’un diagnostic ou d’un projet d’aménagement de restauration de cours d’eau
* Réalisation de modélisations hydrauliques 1D/2D (HYDRA, TELEMAC, HEC RAS)
* Rédaction des rapports d’études
* Participation aux présentations des études
* Contribution à l’élaboration de réponses aux appels d’offres
* Etc..


### **Profil**



De formation Bac \+5 en hydraulique et ouvrages hydrauliques (Ecole d’ingénieur ou Master Universitaire) avec de solides compétences techniques. Vous disposez d’une première expérience, acquise dans le cadre d’un stage ou d’un premier poste, dans le domaine de l’hydraulique fluviale.

 **Compétences clés :**

  

Ouvrages hydrauliques (ouvrages de protection contre les inondations, ouvrages de franchissement piscicoles, barrages, aménagements de berges, …) hydrologie, hydraulique fluviale, géomorphologie fluviale, logiciels de modélisation, SIG (Q Gis),


Des connaissances en génie civil et/ou mécanique des sols seraient appréciés.


Une Bonne maitrise d’excel est attendue.


Une aisance orale et rédactionnelle (orthographe, syntaxe…) pour expliquer et présenter les études est essentielle.

**Les avantages que nous vous proposons :**

* Contrat à durée indéterminée,
* Rémunération annuelle brute selon profil du candidat,
* Une politique de partage des résultats : intéressement et participation, prime de vacances,
* Accès aux avantages Comité Social et Economique (CSE) : tickets cinéma, abonnement magazines, abonnement loisirs…,
* Une politique ""Ingénieurs et Citoyens"" : Fondation setec, Forfait Mobilité Durables,
* Mutuelle et prévoyance,
* Une entreprise engagée dans la qualité de vie au travail de ses collaborateurs : association sportive et culturelle setec, crèche d'entreprise, carte déjeuner, charte télétravail,
* RTT, Compte Epargne Temps (CET),
* Des opportunités d'évolution de carrière : politique formation individualisée, accès au Campus setec, mobilité métier et géographique, possibilité de contrats VIE (selon profil).

 **Travailler chez setec hydratec c’est :**

* Être encadré par des experts techniques,
* S’épanouir en participant à des projets stimulants et de grande envergure,
* Être acteur de votre évolution professionnelle et du développement de l’entreprise,
* Gagner en autonomie et en polyvalence.","","https://fr.indeed.com/cmp/Groupe-Setec","https://d2q79iu7y748jz.cloudfront.net/s/_squarelogo/256x256/f8811e6f1d9cb20015fa2f4e860683e2","https://www.setec.fr/","Paris","51 to 200","$25M to $100M (USD)","","","","","","",""
"in-aa5aa5666ae5d2e9","indeed","https://fr.indeed.com/viewjob?jk=aa5aa5666ae5d2e9","https://inserm.softy.pro/offre/221839?idt=3","Ingénieur-e biologiste en traitement de données (eq. sarry/brenet) - h/f","Inserm","Toulouse, O, FR","2026-09-16","","","","","","",False,"","","","","**Description entreprise :**
============================


L’Inserm est le seul organisme public français entièrement dédié à la recherche biologique, médicale et en santé des populations. Il dispose de laboratoires de recherche sur l’ensemble du territoire, regroupés en 12 Délégations Régionales. Notre institut réunit 15 000 chercheurs, ingénieurs, techniciens et personnels administratifs, avec un objectif commun : améliorer la santé de tous par le progrès des connaissances sur le vivant et sur les maladies, l’innovation dans les traitements et la recherche en santé publique.


Rejoindre l’Inserm, c’est intégrer un institut engagé pour la parité et l’égalité professionnelle, la diversité et l’accompagnement de ses agents en situation de handicap,dèsle recrutement et tout au long de la carrière. Afin de préserver le bien\-être au travail, l’Inserm mène une politique active en matière de conditions de travail,reposant notamment sur un juste équilibre entre vie personnelle et vie professionnelle.


L'Inserm a reçu en 2016 le label européen HR Excellence in Researchet s'est engagé à faire évoluer ses pratiques de recrutement et d'évaluation des chercheurs.


**Description du poste :**
==========================


Au cœur de l’Oncopole de Toulouse, le CRCT, avec tous ses partenaires (institutionnels, universitaires, cliniques, industriels, caritatifs…), stimule l’innovation en termes de recherche et d’enseignement dans la lutte contre le cancer.  

Le CRCT conduit une approche intégrée entre la recherche, les soins et l’enseignement,dans une logique transversale et multidisciplinaire. Il accueille 18 équipes de recherche très performantes et huit installations centrales regroupées au sein d'un centre technologique.


Notre équipe METAML étudie un cancer rare, les Leucémies Aiguës Myéloïdes(LAM). Malgré l’efficacité des chimiothérapies et l’arrivée de thérapies ciblées, les rechutes restent fréquentes et le pronostic vital des patients atteints, faible.


La personne recrutée aura pour mission d'analyser plusieurs jeux de données disponibles au sein de l'équipe dans un environnement dynamique et collaboratif. Elle aura l’opportunité de travailler sur des données riches et variées, en explorant notamment la transcriptomique (bulk et single\-cellRNA\-Seq) et en intégrant des données métabolomiques, lipidomiques et protéomiques. En s’appuyant sur des outils/logiciels bioinformatiques existants et en développant de nouvelles approches, si nécessaire, elle contribuera à faire avancer la compréhension des mécanismes de résistance aux traitements des leucémies aiguës myéloïdes(LAM).


**Profil recherché :**
======================


**Mission Principale** :

* Développement de codes et analyses pour la transcriptomique bulk and single cell et l'intégration à d’autres données omiques, notamment de lipidomique, protéomique et métabolomique.
* Développement de codes d'apprentissage automatique/apprentissage profond afin d’identifier des signatures métaboliques de la rechute/résistance.
* Faciliter l'interaction entre le groupe et les autres bioinformaticiens du CRCT (Pôle Technologique, Equipe V Pancaldi), autres collaborateurs externes.
* Création d'interfaces web pour les outils bioinformatiqueset les codes produits par le groupe afin de les rendre accessibles à la communauté des chercheurs.

**Connaissances** :

* Logiciels de single cell analysis
* Github et le versioning
* Science des données et statistiques
* Système d'exploitation basé sur Unix
* Expérience avec R, python, shell scripting, et capacité à apprendre d'autres langages de programmation
* Développement de logicielsetde portails web
* Visualisation et analyse de réseaux
* Expérience dans des laboratoires de bioinformatique etavec des outils bioinformatiques

**Savoir\-Faire :**

* Savoir synthétiser ses résultats de recherche sur un document PowerPoint et le présenter à ses collaborateurs
* Garantir la qualité et la pertinence des outils d’analyse et des résultats
* Excellentes aptitudes à la communication, orale et écrite, à l'organisation et à la gestionde projets


Aptitudes :

* Travailler de manière autonome tout en s’intégrant efficacement dans une équipe pluridisciplinaire
* Savoir prendre en compte les retours pour améliorer ses méthodes et ses résultats
* Soutenir les membres de l’équipe dans l’analyse et l’interprétation des données, si nécessaire
* Savoir anticiper et organiser son travail pour tenir les délais
* Rigueur
* Esprit d’initiative

**Spécificité(s) et environnement du poste :**

* L'équipe est composée de plusieurs chercheurs, post\-doctorants, étudiants en doctorat et ingénieurs ayant une formation en biologie, ainsi que d'un autre bioinformaticien

**Expérience souhaitée :**

* 6 mois minimumdans un laboratoire de recherche  

Bon niveau d'expérience en bioinformatique transcriptomique

**Rémunération** :

* A partir de 2421,65 euros brut mensuel en fonction de l'expérience professionnelle sur des postes de niveau équivalent

**Avantages :**
===============

  

* 32 jours de Congés Annuels et 13 jours de RTT
* Mutuelle santé collective obligatoire MGEN avec participation de l'employeur à hauteur de 50% pour le socle de base et à hauteur de 50% dans la limite de 5€ pour les options
* Prévoyance collective facultative avec participation de l'employeur à hauteur de 7€ pour le socle de base
* Restauration collective subventionnée sur place
* Comité d'action sociale (prestations sociales, culturelles, sportives)
* Transports publics remboursés à 75%
* Forfait mobilité durable","Organization","https://fr.indeed.com/cmp/Inserm","https://d2q79iu7y748jz.cloudfront.net/s/_squarelogo/256x256/3cc213f1e4ca009be637b4947142aca9","https://www.inserm.fr/","101 rue de Tolbiac, 75013 Paris","5,001 to 10,000","","L'Inserm est le seul organisme public de recherche français entièrement dédié à la santé humaine.","","","","","",""
"in-39a42251bb961038","indeed","https://fr.indeed.com/viewjob?jk=39a42251bb961038","https://groupelrtechnologies.teamtailor.com/jobs/8389804-ingenieur-developpement-validation-c-h-f","Ingénieur Développement / Validation C++ (H/F)","Groupe LR Technologies","Les Ulis, A8, FR","2026-09-16","","","","","","",False,"","","","","Au sein des équipes de notre client, acteur reconnu de la signalisation ferroviaire, vous interviendrez sur le développement et la validation de logiciels critiques en C\+\+. Ces logiciels embarqués et sol participent directement à la sécurité de la circulation ferroviaire et sont développés selon des processus rigoureux.

**Missions:**

* Analyse des spécifications logicielles et participation à la conception.
* Développement de fonctionnalités en C\+\+.
* Rédaction et exécution des tests unitaires et d'intégration.
* Validation des logiciels et analyse des résultats de tests.
* Correction des anomalies et évolutions sur les produits existants.
* Rédaction de la documentation technique associée.
* Respect des processus qualité et des normes ferroviaires (EN 50128\).
* Participation aux revues de code et aux échanges avec les équipes système.

**Profil recherché:**

  

Diplômé(e) d'une école d'ingénieur ou d'un Bac\+5 en informatique ou systèmes embarqués, vous justifiez d'au moins 3 ans d'expérience en développement et/ou validation logiciel C\+\+.  

Vous maîtrisez le C\+\+ et les bonnes pratiques de développement, et êtes à l'aise avec les outils de gestion de configuration et de suivi tels que Git, Jira ou équivalent. Des compétences en scripting Python seraient un plus.  

Une expérience dans un environnement normé, idéalement ferroviaire, mais aussi aéronautique, défense ou automobile, serait fortement appréciée.  

Vous êtes rigoureux(se), attentif(ve) à la qualité du code et à la traçabilité. Un bon niveau d'anglais technique est attendu.  

Enfin vous souhaitez participer au développement d'une société à taille humaine, Great Place To Work et labellisée ECOVADIS.","","https://fr.indeed.com/cmp/Groupe-Lr-Technologies","","","","","","","","","","","",""
"in-328e7b379c607e78","indeed","https://fr.indeed.com/viewjob?jk=328e7b379c607e78","https://wspfrance.teamtailor.com/jobs/8389890-responsable-d-equipe-electricite-h-f","Responsable d'équipe électricité H/F","WSP","Paris, A8, FR","2026-09-16","","","","","","",False,"","","","","***WSP est le leader mondial de l’ingénierie****, spécialisée dans les infrastructures, le transport, l’environnement, l'eau, l'industrie, l’énergie et le bâtiment.*

*WSP a une vision claire de la façon dont elle veut contribuer à améliorer le monde, en redonnant leur place aux communautés et en soutenant ce qui est vraiment important pour notre futur.*

*Imaginez un avenir meilleur pour nous tous et un avenir meilleur pour vous.*

### **Votre nouveau rôle, en quoi consiste\-t\-il ?**


Au sein de notre **branche Bâtiment** constituée d’une équipe pluridisciplinaire d’une centaine de professionnels, vous intervenez vous piloterez une équipe d’ingénieurs et projeteurs en électricité (CFO/CFA) et interviendrez sur des missions de **Maîtrise d’œuvre et d’ingénierie technique de la phase de conception à la phase de réalisation** de projets de bâtiments publics, privés de différentes typologies : bâtiments tertiaires, hospitaliers, industriels, data centers, équipements publics, etc.


Vous serez à la fois **manager de proximité**, **référent(e) technique**, et **acteur/actrice de la production**.

##### **1\. Management – Faire grandir votre équipe**

* Encadrer, animer et accompagner une équipe de 4 personnes (ingénieurs, techniciens, projeteurs).
* Faire monter en compétences les collaborateurs et maintenir l’adéquation du savoir‑faire avec les besoins du marché.
* Réaliser les entretiens annuels, organiser les charges et accompagner la structuration du pôle.
* Gérer les aspects administratifs du quotidien (congés, organisation interne, validations diverses).
* Être le/la référent(e) technique et opérationnel(le) pour l’équipe.

##### **2\. Contribuer directement aux études et aux projets**

* Réaliser les études de conception (notes de calcul, bilans de puissance, dimensionnements, CCTP).
* Superviser la production de plans, schémas et maquettes (BIM) en lien avec les projeteurs.
* Estimer les coûts travaux de vos lots.
* Analyser les offres entreprises, participer aux mises au point des marchés et assurer le visa des études d’exécution.

##### **3\. Suivi de chantier**

* Assister le chef de projet en phase travaux.
* Vérifier la conformité des installations CFO/CFA jusqu’à la réception des ouvrages.
* Être le point d’appui technique pour les sujets électriques : distribution BT, groupes électrogènes, tableaux, éclairage, SSI, sûreté, GTB, etc.

##### **4\. Technique \& Développement – Porter la vision électrique**

* Assurer la veille technique et normative (sécurité incendie, réglementation, logiciels métiers type CANECO, DIALUX…).
* Contribuer au développement de l’activité électricité au sein de la branche Bâtiment.
* Favoriser la transversalité avec les autres pôles : CVC, structure, hydraulique, BIM, environnement

### **Et si c'était vous ?**

* D’un **diplôme d’ingénieur en génie électrique** ou équivalent.
* De **10 ans d’expérience minimum** en ingénierie, maîtrise d’œuvre ou bureau d’études, sur des missions CFO/CFA (conception et suivi de travaux).
* D’une première expérience en **management** ou d’un fort potentiel managérial.
* D’excellentes qualités relationnelles, rédactionnelles et organisationnelles.
* De curiosité, d’autonomie, de rigueur et d’ouverture d’esprit.
* Bonne maîtrise de l’anglais (B2\).
* Connaissances SSI / ERP, appareils élévateurs, systèmes de sécurité.
* Maîtrise des outils CANECO, DIALUX, ou logiciels équivalents.

### **Ce que vous aimerez chez nous :**

* Un environnement de travail inspiré par la **diversité**, motivé par l'inclusion.
* Notre politique de **travail flexible** – Nous reconnaissons l’importance de l’équilibre entre nos vies professionnelles et privées et nous vous encourageons à trouver le vôtre.
* WSP, c’est choisir de **rendre meilleur** le monde qui nous entoure, entre autres, l’environnement, les infrastructures de transports, les bâtiments et l’aménagement des territoires.
* D’excellentes **perspectives** de carrière. Nous sommes en pleine croissance et, chaque jour, nous tâchons de nous surpasser. Nous sommes ouverts à vos idées et souhaitons tenter de **nouvelles** choses. Nous avons un environnement de soutien qui investit dans votre développement et dans votre formation.
* WSP, c’est adopter une culture de la **collaboration** avec des collègues, qui se distinguent par leurs **compétences**. Venez découvrir notre fantastique équipe !

**Notre processus de recrutement**

**Postulez dès maintenant et soyez l'avenir de WSP ! Avec nous c'est possible.**  

**\#WeAreWSP**


\#LI\-HA1","","https://fr.indeed.com/cmp/Wsp","https://d2q79iu7y748jz.cloudfront.net/s/_squarelogo/256x256/68f39ea6b354d645efa271001ee1f936","","","Decline to state","Decline to state","What if you could do the kind of work the world needs? With us, you can.","","","","","",""
"li-4390373302","linkedin","https://www.linkedin.com/jobs/view/4390373302","","DEVELOPPEUR FULLSTACK JAVA ANGULAR CONFIRME H/F","Inetum","Nantes, Pays de la Loire, France","2026-09-15","fulltime","","","","","",False,"not applicable","Information Technology","","","**Description De L'entreprise**
 Inetum est un leader européen des services numériques. Pour les entreprises, les acteurs publics et la société dans son ensemble, les 28 000 consultants et spécialistes du groupe visent chaque jour l'impact digital : des solutions qui contribuent à la performance, à l'innovation et au bien commun.
   

  

 Présent dans 19 pays au plus près des territoires, et avec ses grands partenaires éditeurs de logiciels, Inetum répond aux enjeux de la transformation digitale avec proximité et flexibilité.
   

  

 Porté par son ambition de croissance et d'industrialisation, Inetum a généré en 2023 un chiffre d'affaires de 2,5 milliards d'€.
   

  

 Pour répondre à un marché en croissance continue depuis plus de 30ans, Inetum a fait le choix délibéré de se recentrer sur 4 métiers afin de gagner en puissance et proposer des solutions sur mesure, adaptées aux besoins spécifiques de ses clients : le conseil (Inetum Consulting), la gestion des infrastructures et applications à façon (Inetum Technologies), l'implémentation de progiciels (Inetum Solutions) et sa propre activité d'éditeur de logiciels (Inetum Software). Inetum a conclu des partenariats stratégiques avec 4 grands éditeurs mondiaux \- Salesforce, ServiceNow, Microsoft et SAP et poursuit une stratégie d'acquisitions dédiée afin d'entrer dans le top 5 européen sur ces technologies et proposer la meilleure expertise à ses clients.
   

  

 Tous nos postes sont ouverts aux personnes en situation de handicap.
   

  

**Description Du Poste**
**Vos missions :**
 En tant que membre clé de l’équipe, vous interviendrez sur l’ensemble du cycle de vie applicatif :
   

  

**RUN \& Fiabilisation**
* Assurer le suivi de production et garantir un haut niveau de disponibilité et de performance.
* Réaliser les mises à jour d’infrastructure, actions de sécurisation et fiabilisation continues.
* Proposer des améliorations basées sur votre analyse de l’existant pour améliorer les SLA.


**Développement \& Projets**
* Concevoir et développer les fonctionnalités du sprint backlog.
* Participer aux choix techniques en lien avec les architectes (prise d’initiative attendue).
* Réaliser les tests unitaires et d’intégration.
* Préparer et effectuer les mises en qualification et en production.
* Contribuer aux cadrages IT \& métiers avec les expertises internes (sécurité, data, architecture…).


**Documentation \& Qualité**
* Mettre à jour les dossiers d’exploitation, d’installation, spécifications techniques, supports Confluence \& Jira.
* Garantir le respect des bonnes pratiques de développement et d’architecture.


**Stack technique**
 Vous évoluerez dans un environnement technologique riche et stimulant :
   

  

* Progiciel : DOCUBASE
* Langages \& Frameworks : Java (17, 21, 25\), Spring, Spring Boot, Spring Data, Spring Batch
* Architecture : Microservices, Architecture Hexagonale, Cloud
* CI/CD \& DevOps : Jenkins, Maven, Git, Sonar, Docker, Kubernetes
* Méthodes : TDD, BDD
* Bases de données : PostgreSQL, Oracle
* Messaging \& transferts : MQ, CFT


**Qualifications**
* Vous avez une solide expérience de plus de 4 ans en développement Java et une bonne compréhension des environnements run et build.
* Vous aimez améliorer, optimiser et apporter des solutions concrètes.
* Vous êtes force de proposition et appréciez travailler en lien direct avec les architectes et experts métiers.
* Vous êtes rigoureux, autonome et sensible à la qualité technique et à la performance.


**Informations supplémentaires**
**Pourquoi nous rejoindre ?**
 Vous aurez l'opportunité de travailler sur des projets stratégiques au sein d'une institution bancaire de premier plan, en contribuant directement à l'amélioration de la qualité des services offerts aux utilisateurs et clients.
   

  

 Si vous êtes passionné par le développement et souhaitez relever ce défi, nous vous invitons à postuler dès maintenant.
   

  

 Nous sommes impatients de découvrir votre candidature.
   

  

 ✔︎ 10 RTT en plus des 27 jours de congés payés
   

  

 ✔︎ Des avantages groupes : 9€/jour sur votre carte Swile, une bonne mutuelle, prise en charge de 70% de votre abonnement de transports, des indemnités kilométriques vélo…
   

  

 ✔︎ Un CSE : subvention sport et loisir, chèques vacances, chèques cadeaux…
   

  

 ✔︎ De la flexibilité avec 2 jours de télétravail/semaine en moyenne","IT Services and IT Consulting","https://fr.linkedin.com/company/inetum","https://media.licdn.com/dms/image/v2/D4E0BAQGXCWtYPQqNWA/company-logo_100_100/B4EZwJQyCRGsAU-/0/1769681920574/inetum_logo?e=2147483647&v=beta&t=5sG2DyVRwIHFdtPDZGz9rUCFubhAoUF7mcR9e9W3ei8","","","","","","","","","","",""
"li-4431116529","linkedin","https://www.linkedin.com/jobs/view/4431116529","","Senior Backend Engineer (Golang) - Castle Busters","Voodoo","Paris, Île-de-France, France","2026-09-14","fulltime","","","","","",True,"mid-senior level","Engineering and Information Technology","","","**About Voodoo**
 Founded in 2013, Voodoo is a tech company that creates mobile games and apps with a mission to entertain the world. Gathering 800 employees, 7 billion downloads, and over 200 million active users, Voodoo is the \#3 mobile publisher worldwide in terms of downloads after Google and Meta. Our portfolio includes chart\-topping games like Mob Control and Block Jam, alongside popular apps such as BeReal and Wizz.
   

  

 This position can be Paris\-based or remote.
   

  

 Team
   

  

 For this position, you will be an integral part of a newly established internal studio, a dynamic and focused team dedicated to one of our most promising prototype in scale. This studio is specifically chartered to improve this high\-potential game up to the successful and market\-ready title it is meant to become.
   

  

 You will be part of the team building Castle Busters, a turn\-based multiplayer game, working alongside its client engineers and game designers as a full member of the game team. You will be part of a small group owning the backend that this game needs as its requirements become more specific and demanding.
   

  

 You’ll also be plugged into Voodoo's shared gaming backend platform \- the same architecture and patterns that power titles like Mob Control and Block Jam 3D \- building on it and contributing back, in close collaboration with the wider backend team. You get the focus and ownership of a dedicated game engineer with the leverage and support of a battle\-tested platform behind you.
   

  

 This is a pivotal hire: Castle Busters is moving towards competitive multiplayer, which means moving game logic from the client to the server. You will be central to that transition.
   

  

 Role
   

  

 You will design and build the server\-side foundation that takes Castle Busters from a client\-authoritative game to a competitive, server\-validated one. The current game computes everything on the device \- progression, economy, and match outcomes alike, which won't hold up for competitive PvP. Your job is to change that.
   

  

 Working closely with client developers and game designers from feature design through delivery, validation and iteration, you will:
   

  

* Build server\-side validation for the metagame \- currency, card upgrades, chest opens, and progression \- staged by risk, replicating economy and reward logic on the server.
* Move toward server authority for competitive features, where game state lives in one place and can be trusted.
* Design APIs and player\-state management that the Unity client integrates against, and help shape how client and server split responsibilities.


 The responsibilities are cross\-functional, ranging from infrastructure, API design \& coding all the way to client\-side integration (we are using Golang).
   

  

 To succeed in this role, you will need to have passion for everything you do. You love to write code that scales to millions of users, are skilled at requirements gathering, champion new tech initiatives \& leverage existing solutions.
   

  

 Profile
   

  

* 7\+ years of backend development experience
* Strong knowledge of computer science fundamentals
* Extreme fluency in Golang (At least 1 year in a professional environment)
* Mastery of SQL and NoSQL
* Background in high\-scale systems
* Understanding of Unix\-like environments
* Experience working in cross\-functional agile teams
* Strong analytical skills with a track record of solving complex problems related to scalability, performance, and integration in high\-stakes environments.
* Excellent interpersonal and communication skills, capable of influencing teams and interfacing effectively with various stakeholders.
* Ability to be self sufficient and work autonomously.
* A deep interest in game development is a plus.


**Benefits**
* Best\-in\-class compensation
* Other benefits according to the country you reside","Entertainment Providers","https://fr.linkedin.com/company/voodoo.io","https://media.licdn.com/dms/image/v2/D4E0BAQFoMhQ5tM4TLA/company-logo_100_100/company-logo_100_100/0/1693903701647/voodooio_logo?e=2147483647&v=beta&t=_yGIEBC7G3OZfAo7u-bhNCh2keS4Age7ijpkISHz8qs","","","","","","","","","","",""
"li-4349509800","linkedin","https://www.linkedin.com/jobs/view/4349509800","","Software Engineer - Backend","Helsing","Paris, Île-de-France, France","2026-09-14","fulltime","","","","","",False,"entry level","Engineering and Information Technology","","","**Who We Are**
 Helsing is a defence AI company. Our mission is to protect our democracies. We aim to achieve technological leadership, so that open societies can continue to make sovereign decisions and control their ethical standards.
   

  

 As democracies, we believe we have a special responsibility to be thoughtful about the development and deployment of powerful technologies like AI. We take this responsibility seriously.
   

  

 We are an ambitious and committed team of engineers, AI specialists and customer\-facing programme managers. We are looking for mission\-driven people to join our European teams – and apply their skills to solve the most complex and impactful problems. We embrace an open and transparent culture that welcomes healthy debates on the use of technology in defence, its benefits, and its ethical implications.
   

  

**The role**
 At Helsing we develop and deliver AI\-based capabilities and the enabling infrastructure that allow semi\-autonomous platforms to localise, navigate, and perceive the world in real time. We build software that is subject to significant and unorthodox technical constraints, must operate in a wide variety of constantly\-changing environments, and has to support an ever\-growing list of challenging use\-cases. What we build ultimately ends up in the hands of real people in high\-risk, high\-stress situations, so
 **must** 
 be both reliable and frictionless. Taken together, this brings a whole host of interesting engineering challenges across a wide variety of fields that you’ll help us solve. To give some examples:
   

  

* Distributed systems (e.g., intermittent connectivity and byzantine actors)
* Embedded computing (e.g., resource\-constrained compute and reverse\-engineering)
* Robotics (e.g., control systems and tasking)
* Networking (e.g., long\-range low\-bandwidth radios and cross\-medium routing)
* Deployment infrastructure (e.g., air\-gapped devices and heterogenous fleets)
* Security (e.g., data sharing in low\-trust, no\-TLS networks and actually\-secret data handling)
* Machine learning (e.g., systems for model development, storage, and dissemination)


 In several of these areas, we are working near the state\-of\-the\-art; we actively read (and sometimes implement) research papers, and often need to push even further to make theory work in practice. In others, we are applying well\-known techniques to real\-world situations (with real\-world limitations) that have never been used in before, which requires skill, diligence, and honing a deep understanding of the underlying technologies.
   

  

**The day\-to\-day**
* Review code contributions, proposals, and RFCs from colleagues. At Helsing we strongly believe that unblocking others takes precedence over spending more time on your own work.
* Propose and implement new features, capabilities, algorithms, infrastructure, or even full products across our stack. We encourage our engineers to look beyond their immediate team for missed opportunities, and to speak up when they identify one.
* Become a mentor, find a mentee, and help support and develop our interviewing pipeline. The people make or break the company, and we want as many engineers as possible to be part of fostering and growing the organisation.
* Share your experience and technical know\-how with other Helsingers. We host tech talks, get together for smaller “let’s learn together” groups, run topical office hours (e.g., on Rust), etc. to help each other get better with time.
* Maintain our existing software stack, including working with internal and external customers to identify issues, improving operational reliability and performance, and fending off technical debt. The stack is a mix of Rust and Python, with Python mainly living in the ML\-heavy sections.
* Further develop our tests and benchmarks, both at the micro and macro level. We operate in a domain where robustness is of the utmost importance, and an extensive and ever\-improving test suite is key to achieving that. And without thorough benchmarks, we would be flying blind.
* Present your work at our weekly demo sessions. We want engineers to come together around what they are working on and to feel like they are not endlessly squirrelling away at something that doesn’t matter. To that end, we host (and actively work towards) demo sessions that allow early feedback, celebration of progress, and a better shared understanding of everything that goes on at Helsing.


**You should apply if you**
* Can write legible, maintainable, and performant code.
* Communicate well in English, both verbally and in writing.
* Enjoy collaborating with others, including reviewing code and pair programming.
* Are comfortable working asynchronously (writing PRs and RFCs, having discussions by email).
* Have backend development experience, ideally with a language like Rust, Java, Go, or C\+\+.
* Are familiar with backend interface tools like REST, GraphQL, gRPC/Protocol Buffers, and Arrow.
* Strive to improve yourself, your peers, and the culture you work in over time.
* Feel like ethical considerations are an inherent part of engineering.


*Note: We operate at an intersection where women, as well as other minority groups, are systematically* 
*under\-represented. We encourage you to apply even if you don’t meet all the listed qualifications; ability and impact cannot be summarised in a few bullet points.*
**Nice to have**
* Rust and Python specifically.
* Container\-based and cloud\-native application architectures (e.g., Docker, Azure, AWS).
* Metrics tooling (e.g., Prometheus, Grafana, ELK).
* SQL and streaming database systems.
* Routing protocols (e.g., IGP, BGP).
* Cryptographic protocols (e.g., Signal, WireGuard).
* Hardware interfaces (e.g., Arduino).
* Robotics (e.g., control systems).
* Production ML systems.


**Join Helsing and work with world\-leading experts in their fields**
* Helsing’s work is important. You’ll be directly contributing to the protection of democratic countries while balancing both ethical and geopolitical concerns.
* The work is unique. We operate in a domain that has highly unusual technical requirements and constraints, and where robustness, safety, and ethical considerations are vital. You will face unique Engineering and AI challenges that make a meaningful impact in the world.
* Our work frequently takes us right up to the state of the art in technical innovation, be it reinforcement learning, distributed systems, generative AI, or deployment infrastructure. The defence industry is entering the most exciting phase of the technological development curve. Advances in our field of world are not incremental: Helsing is part of, and often leading, historic leaps forward.
* In our domain, success is a matter of order\-of\-magnitude improvements and novel capabilities. This means we take bets, aim high, and focus on big opportunities. Despite being a relatively young company, Helsing has already been selected for multiple significant government contracts.
* We actively encourage healthy, proactive, and diverse debate internally about what we do and how we choose to do it. Teams and individual engineers are trusted (and encouraged) to practise responsible autonomy and critical thinking, and to focus on outcomes, not conformity. At Helsing you will have a say in how we (and you!) work, the opportunity to engage on what does and doesn’t work, and to take ownership of aspects of our culture that you care deeply about.


**What We Offer**
* A focus on outcomes, not time\-tracking
* Competitive compensation and VSOP options
* Relocation support
* Social and education allowances
* Regular company events and all\-hands to bring together employees as one team across Europe
* A hands\-on onboarding program (affectionately labelled “Infraduction”), in which you will be building tooling and applications to be used across the company. This is your opportunity to learn our tech stack, explore the company, and learn how we get things done \- all whilst working with other engineering teams from day one


*Helsing is an equal opportunities employer. We are committed to equal employment opportunity regardless of race, religion, sexual orientation, age, marital status, disability or gender identity. Please do not submit personal data revealing racial or ethnic origin, political opinions, religious or philosophical beliefs, trade union membership, data concerning your health, or data concerning your sexual orientation.*
 Helsing's Candidate Privacy and Confidentiality Regime can be found here.","Software Development","https://de.linkedin.com/company/helsing","https://media.licdn.com/dms/image/v2/C560BAQEX83NfqmYtfg/company-logo_100_100/company-logo_100_100/0/1636375353632/helsing_logo?e=2147483647&v=beta&t=8NuJEhpu5hxgflRNnHX2bqRgn7jcWm5JvIgMUrsjrsU","","","","","","","","","","",""
"li-4467284414","linkedin","https://www.linkedin.com/jobs/view/4467284414","","Ingénieur développeur C# - Banque - H/F","Viveris","Montpellier, Occitanie, France","2026-09-14","fulltime","","","","","",False,"associate","Information Technology","","","Viveris est un groupe de conseil et d'ingénierie spécialisé dans la conduite et la réalisation de projets dans les domaines de l'informatique et de l'électronique.
   

  

 S'engager avec Viveris, c'est l'assurance de relever des défis techniques et humains tout en travaillant sur des projets innovants dans un environnement collaboratif et solidaire.
   

  

 Contexte de la mission :
   

  

 Viveris accompagne ses clients dans leur transformation numérique en modernisant leurs systèmes d'information.
   

  

 Dans ce cadre, nous recherchons un développeur C\# afin d'accompagner notre client, dans le domaine bancaire, dans le développement d'une application en lien avec la gestion de la relation client.
   

  

 Vous êtes intégré au sein d'une équipe composée d'une dizaine de personnes.
   

  

 Responsabilités :
   

  

 \- Participer à la traduction des spécifications fonctionnelles en spécifications techniques ;
   

 \- Développer les fonctionnalités ;
   

 \- Garantir la qualité du code.
   

  

 Profil recherché :
   

  

 \- Diplômé d'une formation supérieure en informatique, vous avez au moins 3 ans d'expérience en développement backend avec C\# ;
   

 \- Vous avez une première expérience dans le domaine bancaire.
   

  

 Compétences techniques :
   

  

 \- Maitrise du langage C\# ;
   

 \- Maitrise de SQL Server.
   

  

 Nos avantages :
   

  

 \- Rémunération attractive et évolutive ;
   

 \- Mutuelle familiale à garantie haute ;
   

 \- Tickets restaurant pris en charge à 60% ;
   

 \- 100% titre de transport urbain remboursé ;
   

 \- Primes d'intéressement, de participation et de cooptation ;
   

 \- 2 jours de télétravail par semaine ;
   

 \- Formation continue avec LinkedIn Learning et nos communautés techniques.
   

 Ref : 30900078","Software Development","https://fr.linkedin.com/company/viveris","https://media.licdn.com/dms/image/v2/D560BAQHOljMcvBERDg/company-logo_100_100/B56Z.taRNkHIAI-/0/1785320773760/viveris_logo?e=2147483647&v=beta&t=GWzJmNe2lJwtdhJvPWK0lF8p9s3-ya_xsBdjAUZB1Os","","","","","","","","","","",""
"li-4467216244","linkedin","https://www.linkedin.com/jobs/view/4467216244","","Senior Backend Engineer — Interaction banques (Finspot) - H/F","Pretto","Paris, Île-de-France, France","2026-09-14","fulltime","","","","","",True,"not applicable","Engineering and Information Technology","","","**Qui sommes\-nous chez Pretto ?** 
 💚
   

  

 Acheter un bien immobilier, c'est toute une aventure : jargon complexe, délais interminables, stress d’obtenir son crédit… pas facile de s'y retrouver.
   

  

 Pretto, c'est la scale\-up fintech qui dépoussière ce parcours. On a repensé de A à Z la recherche de crédit immo \- de la première estimation de sa capacité d'emprunt jusqu'à la signature chez le notaire. Concrètement : chaque client a un expert crédit dédié qui l'accompagne de bout en bout, lui explique tout et le déleste de la charge mentale et admin que ça implique. Et tout ça avec des outils tech qui révolutionnent le métier de courtier !
   

  

 Depuis 2017, Pretto c'est :
   

  

  

* 150 000\+ clients accompagnés
* 2 milliards d'euros financés chaque année
* 4,9/5 sur Trustpilot
* Une série C de 40M\+€
* 200 personnes à Paris, Nantes et en full remote


 Notre engagement : offrir à tous nos clients une expérience unique qui simplifie l'accès à la propriété.
   

  

 Ce qui t’attend ici :
   

  

  

* Un impact concret sur le quotidien des gens dès ton premier jour
* Une culture du feedback où chacun peut apprendre et évoluer
* Une vraie école de formation aux métiers du courtage et de la vente


 Et pour aller plus loin, on vous présente sur notre site Inside Pretto !
   

  

 Le poste
   

  

**Le contexte** 
 :
   

  

 Pretto accompagne des milliers d'emprunteurs dans leur projet immobilier via sa plateforme Finspot. Au bout de la chaîne, il y a un moment décisif : celui où le dossier part en banque, et celui où la banque répond.
   

  

 Concrètement, un dossier ne « part » pas en un clic. Chaque banque a ses process, ses formats, ses canaux et ses exigences de pièces : différents canaux existent aujourd’hui avec leur contraintes et leur spécificités. De l’envoi de mail automatisé avec des fusions de documents à l’envoi par API au format voulu par les partenaires en passant par les ressaisies manuelles par leurs plateformes, pilotés par une machine à états d'une dizaine d'étapes rejouables. Dans l'autre sens, les réponses des banques nous reviennent par email et doivent être comprises, historisées et rattachées au bon dossier.
   

  

 2026 est l'année du passage à l'API : nous avons déjà branché plusieurs banques et l'objectif est d'étendre ce modèle banque après banque. Chaque intégration gagnée, c'est du temps rendu à nos courtiers et un délai de réponse raccourci pour nos clients.
   

  

 A terme nous voulons équiper les banques et les autres courtiers de ces outils et devenir le point de passage obligé du plus grand nombre de crédits immobiliers possible.
   

  

**Ton rôle** 
 :
   

  

 Pretto cherche un développeur backend senior pour être
 **responsable** 
 de l'aller\-retour avec les banques, de l'envoi du dossier jusqu'au traitement de la réponse.
   

  

 Tu seras responsable du
 **périmètre fonctionnel** 
 (maintien et design de nouvelles features), de la
 **qualité** 
 du code, de l'
 **architecture** 
 et de la
 **fiabilité** 
 de ces flux, ce sont des flux critiques : un envoi perdu, c'est un client qui attend.
   

  

 Tu seras aussi le
 **référent tech de la relation banque** 
 : l'interlocuteur du Pôle Banques côté produit\-tech, et celui qui parle aux équipes techniques des banques quand on ouvre une intégration.
   

  

**Ton but** 
 :
   

  

**Faire que chaque dossier arrive en banque vite, complet et bien présenté** 
 , et que chaque réponse revienne exploitée — pour que nos experts crédit passent leur temps à conseiller plutôt qu'à faire circuler des pièces.
   

  

**Tes missions seront** 
 :
   

  

  

* Ouvrir et industrialiser les intégrations bancaires : concevoir les connecteurs API banque par banque, en faire un socle réutilisable plutôt qu'une série de cas particuliers
* Fiabiliser l'entrant : le traitement des réponses banque et des emails banquiers, leur rattachement au dossier et leur historisation, y compris ce que nous en extrayons via LLM
* Travailler main dans la main avec le Pôle Banques : comprendre les process d'octroi et les attentes de chaque partenaire, et les traduire en produit
* Instrumentaliser les flux : délais d'envoi, taux d'échec par canal, qualité des dossiers transmis et t'appuyer sur ces mesures pour arbitrer
* Être un pilier de la connaissance métier dans l'équipe tech et la partager avec le produit et les équipes opérationnelles


**Ton équipe** 
 :
   

  

 Tu rejoindras une équipe produit multidisciplinaire (développeurs back \& front, product manager, designer, data scientist), sur le scope Finspot : la plateforme de nos courtiers.
   

  

 Tu seras en interaction directe avec les équipes métiers : Pôle Banques, courtiers, et les équipes techniques de nos partenaires bancaires.
   

  

 Profil recherché
   

  

  

* Expérience en tant que software engineer d'au moins 5 ans
* Tu as envie de comprendre le métier : le crédit immobilier, les critères d'octroi, ce qu'une banque attend d'un dossier. C'est ce qui fait la différence sur ce poste
* Tu n'as pas peur de discuter avec des équipes métier et des partenaires externes
* Tu as déjà travaillé sur des intégrations avec des systèmes tiers que tu ne maîtrises pas : contrats d'API mouvants, erreurs à rejouer, états à réconcilier
* Tu es ancré dans le produit : tu veux comprendre le pourquoi avant le comment, et tu travailles naturellement avec les PM et les designers
* Tu es créatif et force de proposition, tu n’auras pas de tickets précis à traduire de specs en code
* Tu es autonome, rigoureux et curieux


 Ce qu'on offre
   

  

  

* Un périmètre dont tu es pleinement owner
* Une rémunération entre 65/70K€ selon le profil
* Une équipe tech et produit exigeante et bienveillante, où on progresse vite
* Un terrain de jeu idéal pour l'IA appliquée : une boîte qui se réinvente avec les LLM
* Des bureaux au 42 rue de Paradis (Paris 10e), avec une politique de télétravail partielle
* Carte Swile (prise en charge à 50 %) et Gymlib
* Des événements réguliers : afterworks, déjeuners d'équipe, soirées mensuelles, sport…


**Notre process de recrutement**
* Un premier échange avec un membre de l'équipe recrutement, pour te permettre de découvrir la boîte et s'assurer que tout est bon pour avancer !
* Un échange avec François S, CTO
* Un test technique à réaliser chez toi
* Le débrief du test \+ échange avec ton futur manager et une personne de l'équipe
* Une prise de référence


**Nous nous engageons pour l'égalité d'accès à l'emploi, l'inclusion et la diversité au sein des équipes.**","Business Consulting and Services, IT Services and IT Consulting, and Professional Training and Coaching","https://fr.linkedin.com/company/pretto.fr","https://media.licdn.com/dms/image/v2/D4E0BAQHJsRtIUz-bkA/company-logo_100_100/company-logo_100_100/0/1728485352373/prettofr_logo?e=2147483647&v=beta&t=Gm9rqhkqALu5AS1XmNlE1Vo3HuWTVku0F5oeyFghA4s","","","","","","","","","","",""
"li-4467902706","linkedin","https://www.linkedin.com/jobs/view/4467902706","","Ingénieur Développement JAVA - Back-end (F/H)","Dassault Systèmes","Vélizy-Villacoublay, Île-de-France, France","","fulltime","","","","","",False,"associate","Engineering and Information Technology","","","Dassault Systèmes, « The 3DEXPERIENCE Company », offre aux entreprises et aux particuliers les univers virtuels nécessaires à la conception d’innovations durables, capables d’harmoniser le produit, la nature et la vie.
   

  

 Chez Dassault Systèmes, nous encourageons les personnes à changer et à façonner le monde dans lequel nous vivons.
   

  

**Poste d'ingénieur\-e développement JAVA, basé à Vélizy (78\), en CDI**
 NETVIBES (EXALEAD) développe depuis plusieurs années des technologies de moteurs de recherche parmi les plus avancées et les plus performantes du marché. Aujourd'hui nous passons à l'étape suivante en travaillant sur une évolution majeure de nos technologies qui apportera des capacités de jointure, de traversée de graph, de recherche géographique et 3D, ainsi que des nouvelles capacités d'analytics faisant ainsi de notre produit l'un des plus puissants outils d'accès rapide à l'information qui existe. Pour franchir cette étape nous avons besoin de vous pour renforcer l'équipe en charge du développement de ces technologies.
   

  

 Vous avez des rêves plein la tête ? Vous aimez le challenge ? Vous avez la passion d'innover, Dassault Systèmes vous aide à changer le monde ! Grâce aux univers virtuels 3DEXPERIENCE, ouvrons ensemble nos horizons.
   

  

 \#JAVA \#performance \#bigdata \#cloud
   

  

**Vos missions**
* Vous avez déjà utilisé des bases NoSQL et vous voulez maintenant comprendre ce qu'il se passe sous le capot ?
* Mieux encore vous avez déjà participé au développement d'un produit de ce type ? Ou bien vous avez simplement un goût pour les problématiques de performances, et les structures de données?


 Venez participez à l'un des projets les plus ambitieux du secteur en rejoignant l'équipe en charge du projet au sein de la R\&D EXALEAD dans une organisation d’une vingtaine de personnes. Nous avons une équipe qui a un véritable goût pour le développement logiciel, avec une grande diversité de compétences, c'est l’environnement idéal pour apprendre et se confronter aux problématiques ""Big Data"". Notre solution est déployée en tant que service sur le cloud, vous serez face aux problématiques d’élasticité, de passage à l’échelle, et d’observabilité dans ce type de déploiement.
   

  

**Vos Qualifications**
* De formation BAC \+ 5 (Universitaire ou Ingénieur)
* Vous justifiez idéalement d'une première expérience (y compris stage ou apprentissage) en développement Java, que vous maîtrisez
* Vous avez un goût pour les problématiques de performances (dont algorithmique et structure de données), gestion de grands volumes de données et architecture distribuée
* Vous serez partie prenante des choix d’architecture, de la définition technique et fonctionnelle et nous valoriserons vos qualités dans ces domaines
* Vous avez un intérêt fort pour les problématiques de déploiement cloud
* Votre goût pour le développement, votre motivation et votre envie d’apprendre seront les éléments les plus importants à nos yeux
* Vous maîtrisez l'anglais à l’écrit comme à l’oral


**Nous rejoindre c'est aussi :**
 Intégrer une entreprise scientifique au cœur de l’innovation technologique, portée par une forte croissance depuis plus de 40 ans
   

  

**Principaux avantages et bénéfices :**
* Environnement multiculturel ;
* Cadre de travail convivial axé sur le bien\-être et la santé ;
* Engagement en faveur de la diversité et de l’inclusion ;
* Politique dynamique de développement de carrière : plan de formation, mobilités internes, etc ;


 Inclusion statement
   

  

 As a game\-changer in sustainable technology and innovation, Dassault Systèmes is striving to build more inclusive and diverse teams across the globe. We believe that our people are our number one asset and we want all employees to feel empowered to bring their whole selves to work every day. It is our goal that our people feel a sense of pride and a passion for belonging. As a company leading change, it’s our responsibility to foster opportunities for all people to participate in a harmonized Workforce of the Future.","Software Development, IT Services and IT Consulting, and Research Services","https://fr.linkedin.com/company/dassaultsystemes","https://media.licdn.com/dms/image/v2/C560BAQHroRzeNTva6Q/company-logo_100_100/company-logo_100_100/0/1631330934922?e=2147483647&v=beta&t=Y_LaLgUh3t_AY4PloiAtAbGGfEr2fGl7C4_RBhQ7Vok","","","","","","","","","","",""
"li-4466869151","linkedin","https://www.linkedin.com/jobs/view/4466869151","","Senior Backend Engineer","CarCutter","Paris, Île-de-France, France","","contract","","","","","",True,"mid-senior level","","","","**About CarCutter** 




 At CarCutter, we are redefining automotive sales with AI\-powered image technology that helps dealerships and marketplaces sell more vehicles, faster.
 



 Our platform transforms the vehicle photography workflow with hyper\-realistic 3D backgrounds, interactive 360° spins, precise cut\-outs, grounded shadows, and consistent branding. By integrating advanced AI models into every stage of the process, we help businesses produce high\-quality vehicle imagery at scale while improving efficiency, engagement, and conversion.
 



 CarCutter is a cutting\-edge SaaS solution trusted by leading players in the automotive industry.
 



**🌐 Visit CarCutter** 




**Location:** 
 Paris, Place de Clichy, 75008
 



**Work model:** 
 Hybrid, with two remote days per week
 



  





**About the team and platform** 




 Team is responsible for supporting and evolving the core CarCutter platform.
 



 Building and releasing new features, improve customer satisfaction, and ensure that the platform remains scalable, reliable, and easy to operate as the business grows.
 



 Over the past two years, we have been modernizing our technology stack and architecture. This includes progressively moving from a monolithic backend to a service\-oriented architecture, with dedicated storage and clearer ownership across services. This transformation is still ongoing, and some legacy components remain to be decomposed or replaced.
 



 You will help shape how we build and operate software in the cloud, make better use of AWS services, and improve the speed, reliability, and scalability of our systems.
 



 You will work with Flavio, our Engineering Manager, Joffrey and Sebastien, Senior Backend Engineers closely with François and the wider Product, Design, and Engineering organization.
 



  





**The role** 




 As a
 **Senior Backend Engineer** 
 , you will work on the core systems behind CarCutter’s image processing platform.
 



 Our Python backend integrates with multiple APIs that trigger image\-processing workflows and connect to our computer vision services. We use SQL databases and message queues to manage images and deliver results directly to customer systems.
 



 You will help ensure the smooth flow of images across our platform, operate reliable containerized Linux services, and monitor and improve our AWS infrastructure. You will also contribute to our engineering practices, including source code management, automated testing, documentation, and CI/CD.
 



 This role also offers the opportunity to help define the next generation of software development at CarCutter. We are introducing AI coding agents and agentic workflows across the software development lifecycle, from requirements analysis and technical specifications to implementation, testing, code review, documentation, incident investigation, and operational improvements.
 



 We are looking for someone who is curious about these new ways of working, while applying strong technical judgment and taking full ownership of the resulting software.
 



  





**What you’ll do** 



* Design, develop, and maintain backend services in Python.
* Build flexible and reliable solutions that meet customer and product requirements.
* Improve and operate our AWS cloud infrastructure.
* Support the transition from our legacy monolith to a more modular and scalable architecture.
* Improve automated testing, including unit and end\-to\-end testing.
* Develop and maintain APIs, database integrations, message queues, and image\-processing workflows.
* Apply DevOps practices to make computer vision capabilities reliably available to all customers.
* Monitor systems, investigate incidents, and continuously improve platform reliability and performance.
* Contribute to architecture, security, documentation, CI/CD, and engineering standards.
* Collaborate with application, frontend, cloud, data, and AI teams across the organization.
* Use AI coding agents and agentic workflows where they improve engineering outcomes, including implementation, refactoring, test creation, research, documentation, and incident response.
* Help define how agent\-assisted work should be reviewed, tested, secured, monitored, and deployed safely.
* Evaluate new agentic practices and turn successful approaches into repeatable workflows.
* Share knowledge and contribute to a collaborative, high\-quality engineering culture.



  





**What we’re looking for** 



* At least five years of experience in backend software development.
* Strong expertise in Python.
* Hands\-on experience with Linux, including system administration and networking fundamentals.
* Experience working with SQL databases and queue\-based processing.
* A solid understanding of software architecture, APIs and protocols, containers, security, and distributed systems.
* Experience with software development best practices, including TDD, BDD, automated testing, documentation, and CI/CD.
* Experience developing, operating, and monitoring cloud\-based solutions, preferably on AWS.
* Strong source code management practices, preferably with Git.
* A proactive and pragmatic approach to problem\-solving.
* A strong sense of ownership and attention to quality.
* The ability to work effectively in a collaborative, cross\-functional team.
* Professional working proficiency in English.



**AI\-assisted development** 



* Experience using AI\-assisted development tools or coding agents in real engineering work, or a strong interest in adopting them thoughtfully.
* The ability to critically assess AI\-generated code and recommendations, including their correctness, maintainability, security, performance, and operational impact.
* An interest in improving not only software, but also the workflows used to specify, develop, review, and operate it.



**Nice to have** 



* Experience with Terraform.
* Experience with AWS services such as API Gateway, Lambda, ECS and RDS.
* Experience operating image\-processing or data\-intensive systems.



  





**Why join CarCutter?** 



* **Work on the core of the platform**



 You will work on the systems that power the entire CarCutter product. Backend services are central to every customer workflow and every major product initiative.
 


* **Collaborate with every engineering team**



 The backend team works closely with application, frontend, cloud, data, and AI teams. You will contribute to a wide range of projects and solve problems across multiple areas of the platform.
 


* **Have a direct impact on customers**



 Your work will directly influence platform reliability, product capabilities, and the customer experience. The backend team is on the critical path for delivering the company’s vision and meeting customer needs.
 


* **Help modernize the architecture**



 You will contribute to an ongoing transformation from a monolithic backend to a more modular, scalable, and cloud\-native architecture.
 


* **Join an ambitious and collaborative team**



 You will work in a dynamic startup environment with a strong focus on collaboration, technical quality, experimentation, and continuous improvement.
 



  





**Dev @ CarCutter** 



* We are ambitious and set challenging objectives for ourselves.
* We continuously improve our products, technology, and ways of working.
* We are a team of passionate people who value collaboration.
* We use AI and automation to expand what engineers can accomplish, not to replace judgment, collaboration, or accountability.
* We encourage experimentation while maintaining high standards for reliability, security, and maintainability.
* We turn successful tools and workflows into shared practices across the engineering organization.



  





**Hiring process** 



1. **Introductory call:** 
 A video call with Talent Acquisition
2. **Hiring manager interview:** 
 A conversation to get to know each other and discuss the role in more detail.
3. **Technical assessment:** 
 An assessment reflecting the real work at CarCutter, including practical agentic coding scenarios and a discussion of your technical decisions and problem\-solving approach.
4. **Final interview:** 
 A conversation with our CTO.



 Even if you do not meet every qualification, we would still be happy to hear from you if you have relevant experience and a strong interest in the role.","Software Development","https://at.linkedin.com/company/carcutter","https://media.licdn.com/dms/image/v2/D4D0BAQF6tSnq4_g55Q/company-logo_100_100/B4DZh__94SH8AU-/0/1754494132382/carcutter_logo?e=2147483647&v=beta&t=M8TeSKxU7NAmj-TI6DZYB2oKB6eW2oy74y_SRITZL8Q","","","","","","","","","","",""
"li-4458780862","linkedin","https://www.linkedin.com/jobs/view/4458780862","","Senior Software Engineer - Delivery Experience","Back Market","Bordeaux, Nouvelle-Aquitaine, France","","fulltime","","","","","",True,"mid-senior level","Engineering and Information Technology","","","Hi, we’re Back Market.
   

  

 We’re here to help
 **make tech reliable, affordable, and better than new** 
 . We're a global marketplace for refurbished devices, helping lower our collective environmental impact by providing trustworthy, affordable tech with 92% less carbon emissions than new.
   

  

 Yep, you read that right. Turns out refurbished tech is way better for the planet than new. In fact, With every device purchased on Back Market, our positive impact on the planet grows. From our Customer Care representatives to our software engineer, every individual at Back Market cuts the planet — and consumers — a break.
 **Our mission is simple: to do more with what we already have.**
 Are you ready to join us?
   

  

**About The Team**
 The Delivery Experience squad’s mission is to provide a seamless and transparent delivery journey for our Customers, while empowering our Agents and operational partners with the right tools to manage delivery\-related questions and issues efficiently.
   

  

 To achieve this, we work closely with our Business and Operations partners to identify opportunities to improve every stage of the delivery experience, from order tracking and carrier coordination to delays, incidents, and delivery exceptions. We also collaborate with other Care squads to build consistent and connected experiences across the customer journey.
   

  

**What You Will Do In This Role**
 We’re looking for
 **versatile** 
 engineers who show strong ownership and are motivated to take on new challenges across the technical stack while helping us move our technology forward.
   

  

 You will be working in an agile
 **""build it and run it""** 
 environment where engineering teams build, launch, monitor and support the product that they own.
   

  

 Driven by the desire to craft outstanding products, you understand how to deliver seamless user experiences at scale.
   

  

 We are looking for
 **passion** 
 in creating systems by producing clean, consistent and well\-organised code.
   

  

 As well as a good team player supporting colleagues and creating a learning and sharing environment!
   

  

**English** 
**must be a no\-brainer** 
 as you will join an international team dispatched in different locations around the world (US/FR/ES/JP).
   

  

**Our technical environment
   

  

 Backend stack:** 
 Python \- FastAPI , SQLAlchemy, Celery, Golang, Django (being phased out)
   

  

**Frontend stack:** 
 VueJS, Typescript, Nuxt, Revolve ( our design system)
   

  

**Data:** 
 PostgreSQL, Redis, Kafka, RabbitMQ, BigQuery
   

  

**Infrastructure:** 
 GCP, Kubernetes, Docker, Datadog, ArgoCD, CircleCI, Github
   

  

**Main technical challenges**
 Traditionally based on a monolith, Back Market's technical stack has been undergoing a radical transformation in recent years into a distributed and service\-oriented architecture. This transition provides an opportunity to modernize the platform, raising engineering standards.
   

  

 Building a set of efficient and loosely coupled services is one of the main challenges to face for the years to come. But teams are excited to independently control their release schedules, manage their data, SLAs, tools, and – ultimately – be responsible for their own service\-offering. Meanwhile, Platform teams are working to provide a scalable, consistent and secure platform, one that makes engineering teams more productive.
   

  

**As a SENIOR I Engineer: Produce, Innovate \& Share**
* Facilitates meaningful discussions around complex issues.
* Suggests or makes improvements for existing designs and architecture for quarter\-bounded projects or mission\-critical areas in their squad.
* Explores technologies with sizable potential impact for the team.
* Is able to contribute actively to high impact chaos mitigation.
* Identifies and advocate for prioritization of tasks that can optimize delivery


**Backend Focus (senior)**
* 5\+ years backend development experience
* Strong system design skills
* Experience with microservices, distributed systems
* Deep understanding of data architecture and APIs
* Experience with performance optimization and scalability


**Frontend Capabilities (experienced)**
* Solid experience with modern JavaScript frameworks
* Can independently build frontend features
* Understanding of state management, routing, API integration
* Considers performance, accessibility, and UX in implementations


**Fullstack mindset**
* End\-to\-end product thinking
* Curiosity about the full stack
* Strong collaboration and communication skills
* Ability to navigate ambiguity across technical domains


**Recruitment process**
* TA screening \- (45 min)
* Coding \& Testing module \- Backend (60 min)
* System design feature (60 min)
* Data module (45 min)
* Tech leadership \+ Meet your manager ( 75 min)
* BM Values (45 min)


 Hybrid policy \- Bordeaux office
   

  

 3 days / week at the office \- Monday is mandatory
   

  

**WHY SHOULD YOU JOIN US ? ✌🏼**
 At Back Market, we’re committed to hiring and supporting diverse teams of people from all backgrounds, experiences, and perspectives — it’s one of the reasons we’re such a high\-scoring certified B Corp company (93\.2\).
   

  

**Benefits**
 No matter your role and seniority level, you’ll enjoy impact\-driven work with hands\-on career development in an innovative, driven, and fast\-paced environment — with benefits to match, like:
   

  

* A mission driven work environment where your day to day makes an impact on the planet. Seriously.
* Hybrid work environment, with 2 remote days a week and 1 remote work week per quarter, plus 3 flex days.
* Employee Resource Groups, including mentorship programs, comprehensive accessibility policies, and cultural competency training.


 At Back Market, we strive to create a workplace that embodies the world we’re trying to change. We’ve embedded our diversity, equity, and inclusion principles into our DNA — from dedicated staff to employee resource groups to our company values.
   

  

 We know that the perfect background for a role doesn’t mean the perfect fit — we encourage you to apply for a role even if you think you may not have all the qualifications.
   

  

 If reasonable accommodations are needed for the interview process, please do not hesitate to discuss this with the Talent Acquisition Team.","Internet Marketplace Platforms","https://fr.linkedin.com/company/back-market","https://media.licdn.com/dms/image/v2/D4E0BAQHRv6UClt5D2g/company-logo_100_100/B4EZnoUG3tKgAQ-/0/1760539209613/back_market_logo?e=2147483647&v=beta&t=xgfKyuOZBy8jM1aUZw2iET21tGh6KjYW9NWm1xPPr5g","","","","","","","","","","",""
"li-4465973007","linkedin","https://www.linkedin.com/jobs/view/4465973007","","Software Engineer - Developer","Scaleway","Paris, Île-de-France, France","","fulltime","","","","","",True,"not applicable","Engineering and Information Technology","","","**OUR STORY:**
 🇪🇺 Join Scaleway and shape the sovereign cloud of tomorrow !
   

  

 Since 1999, we have been designing secure, sustainable infrastructures aimed at supporting the most ambitious companies.
   

  

 Historically known for our dedicated servers (Dedibox), we made a strategic shift to cloud computing in 2015\. Staying true to our principles of simplicity, flexibility, and technical excellence, we have become one of the leading players in Europe in the sector.
   

  

 With the rise of artificial intelligence, we have strengthened our commitment, supported by the Iliad Group, which is investing €3 billion to develop a serious, sovereign AI alternative to American and Asian giants.
   

  

 Every day, thanks to our fast\-growing portfolio of cloud and AI products (bare metal, containerization, serverless, AI, etc.), Scaleway proudly serves thousands of customer across the private and public sector, from corporations like France Télévisions or Hachette Livre, to fast\-growing startups like Photoroom and Biolevate, to institutions like the City of Copenhagen.
   

  

 📍 Our offices are located in
 **Paris, Lille, Toulouse, Rennes, Rouen, Bordeaux and Lyon.**
**WHY WE NEED YOU?**
 Our growth is driving us to strengthen our Cloud Product Engineering team to accelerate the development of robust and scalable infrastructure products.
   

  

 Your mission will be to design and build core IaaS and PaaS components in order to support the delivery of reliable and sovereign cloud services at scale.
   

  

**YOUR FUTURE TEAM**
 We work in a collaborative and international environment where the diversity of Scalers, combined with a spirit of sharing, helps bring new projects to life every day, advancing our ambitions together.
   

  

 You will be part of a team of engineers passionate about cloud infrastructure and system resilience. The team is focused on building and evolving foundational cloud services and works in close collaboration with Product, Design, Front\-end, and Documentation teams.
   

  

**YOUR DAILY ROUTINE**
* Design and develop new IaaS/PaaS products from scratch (API, backend, worker services)
* Add new features to existing cloud products
* Improve the testing coverage and resilience of the codebase
* Write technical documentation (product usage, APIs)
* Ensure maintainability and scalability of the code
* Participate in the operational “Run” rotations and handle customer\-facing incident resolution
* Collaborate with cross\-functional teams including Product, Design, and Documentation
* Proactively propose new solutions and contribute to architecture discussions
* Participate in regular team rituals, including peer reviews and pair programming


**About You**
 SOFTSKILLS:
   

  

  

* Curious and methodical, with a strong interest in cloud infrastructure
* Initiative\-driven and eager to propose and defend technical solutions
* Strong team player with a collaborative mindset
* Comfortable working in English, especially in writing technical documentation
* Willing to continuously share knowledge and improve as a team


 💻 HARDSKILLS :
   

  

  

* Proficient in at least one programming language (preferably Golang, Rust, or Python)
* Solid understanding of Linux and server administration
* Good knowledge of Kubernetes or similar orchestration systems
* Experience with git\-based workflows (Gitlab, Github)
* Familiarity with API design, microservices architecture, and CI/CD tools


**WHAT YOU WILL FIND AT SCALEWAY \+\+\+\+**
* Hybrid work: We offer up to 3 days of remote work per week
* Offices: Our offices are spacious, dynamic workspaces with bold design, conveniently located near public transport. Most of our offices feature outdoor spaces (terraces) and bike parking facilities
* Dining: Our chef provides a healthy meal service at the headquarters, and breakfast is available across all our sites year\-round. Scalers working from regional sites enjoy a Swile card for lunches
* Well\-being commitments: Whether it’s access to a gym, daycare places, or discounted services for caring services, Scaleway is committed to supporting Scalers in maintaining a balanced life


 International environment: With dozens of nationalities, Scaleway offers a stimulating environment where English is as widely spoken as French.
   

  

  

* Career \& Mobility: Our managers value internal mobility, and opportunities to transition to other entities within the Iliad Group are accessible to all Scalers


 🚀
 **Why join the Scaleway adventure ?**
 ✔
 **A rich and diverse product offering:** 
 Scaleway offers over 100 public cloud products in IaaS, PaaS, and AI.
   

  

 ✔
 **A cutting\-edge technical environment:** 
 Scaleway provides modern infrastructures, including high\-performance bare metal servers, to tackle exciting technical challenges.
   

  

 ✔
 **Commitment to responsible cloud:** 
 Scaleway is dedicated to a more responsible cloud, with data centers powered solely by renewable energy since 2017, minimizing our ecological footprint and holding top\-level certification.
   

  

**🔜 THE NEXT STEPS …**
* Discovery call with a recruiter (30 min)
* Interview with the manager to understand your technical skills and approach to the role (45 min)
* Technical interview to validate your expertise (1h)
* Interview with the Head of the Tribe to deepen your discussions and assess your fit with the team (45 min)
* HR interview to tour our offices and meet your future colleagues


 Version française disponible ici
   

  

*Scaleway is a company certified under SecNumCloud. A background check is mandatory in order to join the company.*
*At Scaleway, we are committed to building an inclusive and respectful workplace where everyone has a fair opportunity to thrive.*
*All applications are considered with care, regardless of age, gender, sexual orientation, ethnic or social background, religion, disability, or any other characteristic.*
*We believe great ideas come from everywhere, and everyone which is why you should definitely apply.*","Software Development","https://fr.linkedin.com/company/scaleway","https://media.licdn.com/dms/image/v2/D4E0BAQFdznH8JPqzIg/company-logo_100_100/company-logo_100_100/0/1700211902246/scaleway_logo?e=2147483647&v=beta&t=KkbCOj9VlTmX54N4DQxKyKBefngTItFIiZlyhCDOFng","","","","","","","","","","",""
"li-4468222706","linkedin","https://www.linkedin.com/jobs/view/4468222706","","Développeur(euse) confirmé(e) - Fullstack Java - Services Financiers – Niort","Sopra Steria","Bessines, Nouvelle-Aquitaine, France","","fulltime","","","","","",False,"not applicable","Engineering","","","**Description De L'entreprise**
**Sopra Steria** 
 , acteur majeur de la Tech en Europe, avec 51 000 collaborateurs dans près de 30 pays, est reconnu pour ses activités de conseil, de services et solutions numériques. Il aide ses clients à mener leur transformation digitale et à obtenir des bénéfices concrets et durables. Le Groupe apporte une réponse globale aux enjeux de compétitivité des grandes entreprises et organisations, en combinant une connaissance approfondie des secteurs d’activité et des technologies à une approche collaborative. Sopra Steria place l’humain au cœur de son action et s’engage auprès de ses clients à tirer le meilleur parti du numérique pour construire un avenir positif. En 2024, le Groupe a réalisé un chiffre d’affaires de 5,8 milliards d’euros.
   

  

***The world is how we shape it\****
**Description Du Poste**
 Vous rejoignez l'agence de Niort, implanté depuis 20 ans, à taille humaine et refaite à neuf en 2024\. Vous intégrerez des équipes travaillant sur des domaines fonctionnels variés tels que l’assurance et la protection sociale ainsi que les services.
   

  

 Vous êtes coaché(e) par un référent(e) technique/architecte pour accélérer le développement de vos compétences techniques et méthodologiques.
   

  

 Les référents fonctionnels du projet vous accompagnent pour appréhender les enjeux « métier » de ce projet stratégique.
   

  

**Votre rôle et vos missions :**
 Vous êtes formé(e) à nos process qualité et méthodes. Vous avez accès aux Communautés, à tous types de certifications et à nos plateformes de formation (e\-learning, présentiel).
   

  

 Dans le cadre de votre rôle de
 **Développeur/se Full Stack** 
 , voici les tâches qui vous seront confiées :
   

  

* Participer aux réflexions d'architecture et de choix techniques
* Participer à la conception technique du projet
* Réaliser le développement du projet
* Effectuer les tests techniques et fonctionnels


 Vous pourrez être amené à travailler sur des projets innovants comme l’Intelligence Artificielle.
   

  

**Qualifications**
**Votre profil :**
 De formation type Bac \+ 5 (Ecole d'Ingénieurs ou Université ou formation équivalent), vous justifiez d'une expérience technique de 3 ans minimum en conception et programmation front end et back end (JAVA, ReactJS et/ou Angular) et vous présentez d'excellentes aptitudes au travail en équipe agile. Avoir des notions de DevSecOps est un plus
   

  

 Vous faites preuve d’adaptabilité, vous possédez un excellent relationnel et appréciez le travail en équipe.
   

  

 Vous faites preuve de fortes capacités d'adaptation, possédez un excellent relationnel et appréciez le travail en équipe.
   

  

**Informations supplémentaires**
**Les avantages à nous rejoindre :**
* Un accord télétravail pour télétravailler jusqu'à 2 jours par semaine selon vos missions.
* Un package avantages intéressants : une mutuelle, un CSE, des titres restaurants, un accord d'intéressement, des primes vacances et cooptation.
* Des opportunités de carrières multiples : plus de 50 métiers, des secteurs d’activités très hétérogènes autant de passerelles à imaginer ensemble.
* La possibilité de s'engager auprès de notre fondation et / ou de notre partenaire « Vendredi »
* L'opportunité de rejoindre le collectif Tech'Me UP / Tech Women Up, communauté technique du groupe pour s’enrichir de formations, conférences, actions de veille, et bien plus encore...
* Plusieurs centaines de formations accessibles en toute autonomie avec la Sopra Steria Academy


 Employeur inclusif et engagé, notre société œuvre chaque jour pour lutter contre toute forme de discrimination et favoriser un environnement de travail respectueux. C’est pourquoi, attachés à la mixité et à la diversité, nous encourageons toutes les candidatures et tous les profils.
   

  

 https://www.soprasteria.fr/nous\-connaitre/nos\-engagements","Software Development, IT Services and IT Consulting, and Business Consulting and Services","https://fr.linkedin.com/company/soprasteria","https://media.licdn.com/dms/image/v2/D4E0BAQF_0JqR2CRpJw/company-logo_100_100/company-logo_100_100/0/1688571543420/soprasteria_logo?e=2147483647&v=beta&t=-Z1iFS5Flfpz13u7tuuVv3PINIKOucA30K1D8j8kyX4","","","","","","","","","","",""
"li-4465967080","linkedin","https://www.linkedin.com/jobs/view/4465967080","","Software Engineer - Compute Marketplace","Scaleway","Paris, Île-de-France, France","","fulltime","","","","","",True,"not applicable","Engineering and Information Technology","","","**OUR STORY:**
 🇪🇺 Join Scaleway and shape the sovereign cloud of tomorrow !
   

  

 Since 1999, we have been designing secure, sustainable infrastructures aimed at supporting the most ambitious companies.
   

  

 Historically known for our dedicated servers (Dedibox), we made a strategic shift to cloud computing in 2015\. Staying true to our principles of simplicity, flexibility, and technical excellence, we have become one of the leading players in Europe in the sector.
   

  

 With the rise of artificial intelligence, we have strengthened our commitment, supported by the Iliad Group, which is investing €3 billion to develop a serious, sovereign AI alternative to American and Asian giants.
   

  

 Every day, thanks to our fast\-growing portfolio of cloud and AI products (bare metal, containerization, serverless, AI, etc.), Scaleway proudly serves thousands of customer across the private and public sector, from corporations like France Télévisions or Hachette Livre, to fast\-growing startups like Photoroom and Biolevate, to institutions like the City of Copenhagen.
   

  

 📍 Our offices are located in
 **Paris, Lille, Toulouse, Rennes, Rouen, Bordeaux and Lyon.**
**WHY WE NEED YOU?**
 Our growth is driving us to strengthen our
 **Compute** 
 team to build and launch our new
 **Marketplace** 
 project.
   

  

 Your mission will be to act as a key contributor to the Marketplace project on the Compute side in order to provide our users and publishers with a robust ecosystem of OS images and packaged applications.
   

  

**YOUR FUTURE TEAM**
 We work in a collaborative and international environment where the diversity of Scalers, combined with a spirit of sharing, helps bring new projects to life every day, advancing our ambitions together.
   

  

 You will be part of a team currently being structured to bootstrap this ambitious project. You will work in a highly transverse environment, collaborating closely with Product Management (Marie Debard) and Core Engineering teams to turn this vision into a reality.
   

  

 Manager information:
 **Nicolas Limage**
**YOUR DAILY ROUTINE**
 Tasks
   

  

  

* Design and develop new features for the Marketplace platform
* Maintain and optimize APIs to ensure a seamless user experience
* Build and maintain tooling for OS image creation and system packaging
* Create and manage artifacts (applications packaged within images)
* Automate the manufacturing process for OS images and containers
* Support and guide external publishers in the creation of their own artifacts
* Ensure the security and integrity of all Marketplace artifacts (CI/CD, scanning)
* Participate in the architectural structuring of new, high\-growth technical subjects
* Collaborate with cross\-functional teams to align engineering efforts with product goals
* Take ownership of ""uncharted"" technical territories to drive innovation


**About You**
 HARDSKILLS:
   

  

  

* 5 to 10 years of experience in software engineering or system administration
* Strong proficiency in Go or Python for API development
* Hands\-on experience with Packer and OS image maintenance
* Advanced knowledge of Linux system administration
* Experience with Containers (Docker, Kubernetes) and PostgreSQL
* Mastery of CI/CD pipelines and artifact security
* Familiarity with Protobuf and microservices architecture


 SOFT SKILLS:
   

  

  

* Versatility: Capable of switching between system, dev, and automation tasks
* Autonomy: High degree of initiative in a ""to\-be\-built"" environment
* Problem\-solving: Eager to explore and structure new, complex technical topics
* Collaborative: Ability to work effectively in a transverse, multi\-team project
* Adaptability: Open to learning and evolving with the project's needs


**WHAT YOU WILL FIND AT SCALEWAY \+\+\+\+**
* Hybrid work: We offer up to 3 days of remote work per week.
* Offices: Our offices are spacious, dynamic workspaces with bold design, conveniently located near public transport. Most of our offices feature outdoor spaces (terraces) and bike parking facilities.
* Dining: Our chef provides a healthy meal service at the headquarters, and breakfast is available across all our sites year\-round. Scalers working from regional sites enjoy a Swile card for lunches.
* Well\-being commitments: Whether it’s access to a gym, daycare places, or discounted services for caring services, Scaleway is committed to supporting Scalers in maintaining a balanced life.
* International environment: With dozens of nationalities, Scaleway offers a stimulating environment where English is as widely spoken as French.
* Career \& Mobility: Our managers value internal mobility, and opportunities to transition to other entities within the Iliad Group are accessible to all Scalers


 🚀
 **Why join the Scaleway adventure?**
 ✔
 **A rich and diverse product offering:** 
 Scaleway offers over 100 public cloud products in IaaS, PaaS, and AI.
   

  

 ✔
 **A cutting\-edge technical environment:** 
 Scaleway provides modern infrastructures, including high\-performance bare metal servers, to tackle exciting technical challenges.
   

  

 ✔
 **Commitment to responsible cloud:** 
 Scaleway is dedicated to a more responsible cloud, with data centers powered solely by renewable energy since 2017, minimizing our ecological footprint and holding top\-level certification.
   

  

**🔜 THE NEXT STEPS …**
* Discovery call with a recruiter (30 min)
* Technical Test / Use Case to understand your technical skills and approach to the role (45 min)
* Technical interview with a team expert ( Louis Bouchard) to validate your expertise (1h)
* Manager interview with Nicolas Limage to deepen discussions and assess your fit with the team (45 min)
* Final HR interview to tour our offices and meet your future colleagues


 Version française : ici
   

  

*Scaleway is a company certified under SecNumCloud. A background check is mandatory in order to join the company.*
*At Scaleway, we are committed to building an inclusive and respectful workplace where everyone has a fair opportunity to thrive.*
*All applications are considered with care, regardless of age, gender, sexual orientation, ethnic or social background, religion, disability, or any other characteristic.*
*We believe great ideas come from everywhere, and everyone which is why you should definitely apply.*","Software Development","https://fr.linkedin.com/company/scaleway","https://media.licdn.com/dms/image/v2/D4E0BAQFdznH8JPqzIg/company-logo_100_100/company-logo_100_100/0/1700211902246/scaleway_logo?e=2147483647&v=beta&t=KkbCOj9VlTmX54N4DQxKyKBefngTItFIiZlyhCDOFng","","","","","","","","","","",""
"in-014e1286bb4bf72c","indeed","https://fr.indeed.com/viewjob?jk=014e1286bb4bf72c","https://groupelrtechnologies.teamtailor.com/jobs/8390129-developpeur-linux-reseaux-telecoms-h-f","Développeur Linux Réseaux & Télécoms (H/F)","Groupe LR Technologies","Vélizy-Villacoublay, A8, FR","2026-09-16","","","","","","",False,"","","","","Au sein des équipes de notre client, acteur majeur du ferroviaire et des systèmes de transport, vous interviendrez sur le développement de briques logicielles réseau et télécoms sous Linux. Ces composants assurent les communications entre les équipements des systèmes ferroviaires.

**Missions:**

* Développement de logiciels réseau et télécoms en environnement Linux.
* Configuration et intégration de protocoles réseau (TCP/IP, routage, VLAN…).
* Développement de scripts d'automatisation et d'outils internes.
* Participation à l'intégration des équipements et au diagnostic des incidents.
* Réalisation des tests unitaires et d'intégration.
* Rédaction de la documentation technique.
* Contribution à l'amélioration des outils et des pratiques de développement.
* Participation aux rituels Agile/Scrum.

**Profil recherché:**

  

Diplômé(e) d'une école d'ingénieur ou d'un Bac\+5 en informatique, réseaux ou télécoms, vous justifiez d'au moins 3 ans d'expérience en développement sous Linux.  

Vous maîtrisez le C/C\+\+ et/ou Python, ainsi que le scripting Shell. Vous disposez de solides connaissances des protocoles réseau et de l'administration système Linux. Vous êtes à l'aise avec Git et les outils d'analyse réseau comme Wireshark.  

Une expérience dans le ferroviaire, les télécoms ou la défense serait fortement appréciée. Des connaissances en virtualisation ou conteneurisation constituent un atout.  

Autonome et doté(e) d'un bon esprit d'analyse, vous aimez résoudre des problèmes techniques complexes. Un bon niveau d'anglais technique est attendu.  

Enfin vous souhaitez participer au développement d'une société à taille humaine, Great Place To Work et labellisée ECOVADIS.","","https://fr.indeed.com/cmp/Groupe-Lr-Technologies","","","","","","","","","","","",""
"in-e5bb2eb3b2f0ccd9","indeed","https://fr.indeed.com/viewjob?jk=e5bb2eb3b2f0ccd9","http://fr.indeed.com/job/d%C3%A9veloppeur-d%C3%A9veloppeuse-soft-embarqu%C3%A9-hf-e5bb2eb3b2f0ccd9","Développeur / développeuse soft embarqué H/F","Xdigit","Meyreuil, B8, FR","2026-09-16","fulltime","","","","","",False,"","","","","**Contexte de la mission**

Dans le cadre de son développement et d’une forte croissance, Xdigit renforce son équipe technique.

Vous intégrerez notre bureau d’études basé à Meyreuil, au sein d’une équipe projet pluridisciplinaire.

Vous serez amené(e) à travailler pour des projets clients en interne (Inhouse Design), ou sur des missions d’assistance technique directement chez les clients.

Vous reportez directement au CTO.

Rejoignez l’aventure Xdigit et venez mettre votre talent au service de la croissance de l’entreprise.

* **Localisation : Meyreuil (13\)**
* **Contrat : CDI temps plein 36\.5 heures**
* **Statut cadre**
* **Poste à pourvoir dès que possible**

**Vos missions**

Au sein de l’équipe R\&D, et sous la responsabilité de l’architecte logiciel, vous participerez à la conception, au développement et à la validation des logiciels embarqués pour des systèmes à forte valeur technologique.

· Participer à la conception logicielle à partir des spécifications fonctionnelles et techniques.

· Développer des logiciels embarqués en C/C\+\+ sur microcontrôleurs ou processeurs (ARM, RISC V, SoC…).

· Intégrer et configurer les systèmes d’exploitation temps réel (RTOS) ou Linux embarqué.

· Implémenter les drivers bas niveau et les protocoles de communication (CAN, SPI, I2C, UART, Ethernet…).

· Réaliser les tests unitaires, d’intégration et de validation sur cible.

· Contribuer à la documentation technique et au suivi de la qualité logicielle.

· Participer à la veille technologique et proposer des améliorations continues.

**Ce que nous offrons**

* Salaire entre 40k et 60k selon profil et expérience.
* Convention collective Syntec IDCC 1486
* 10 jours de RTT par an.
* Mutuelle d’entreprise \& tickets restaurants.
* Un environnement de travail motivant et innovant.

**A propos de Vous :**

· Diplôme d’ingénieur(e) ou Master 2 en Informatique Industrielle, Électronique, Systèmes Embarqués ou équivalent.

· 5 ans d’expérience en développement logiciel embarqué (ou plus pour un profil confirmé).

· Doté(e) d’un bon esprit d’équipe, vous faites preuve de rigueur, de curiosité et d’autonomie, avec un réel goût pour les défis techniques et l’innovation.

· Une première expérience dans le développement sur systèmes temps réel ou contraints en ressources serait un atout majeur.

· Maitrise du français et de l’anglais

· Salaire entre 40k et 60k selon profil et expérience.

**Compétences techniques requises** 

· Maîtrise du langage C, bonne connaissance de C\+\+.

· Connaissance des environnements RTOS (FreeRTOS, Zephyr, etc.) ou Linux embarqué.

· Bonne compréhension des architectures microcontrôleurs (ARM Cortex, STM32, RISC V, Microchip…).

· Maîtrise des interfaces et bus de communication : SPI, I2C, UART, CAN, Ethernet.

· Utilisation d’outils de débogage et d’analyse (JTAG, oscilloscope, analyseurs logiques).

· Connaissance des outils de gestion de configuration (Git, SVN)

· Notions en cryptographie, sécurité logicielle, optimisation mémoire/temps d’exécution et documentation technique.

· La connaissance des langages de script (Python, Bash) est nécessaire.

**À propos de nous**

XDIGIT est une start\-up française spécialisée dans la conception de circuits intégrés et de systèmes électroniques embarqués sur mesure. Nous opérons sur divers marchés (IoT, médical, spatial, automobile, smart city, etc.) et proposons une expertise unique en conception analogique, numérique et mixte.

Nous développons également le circuit MASSAR, un convertisseur analogique\-numérique breveté pour des capteurs d’image haute performance, commercialisé sous forme d’IP.

**Pourquoi nous rejoindre ?** 

* Intégrez un environnement dynamique et innovant.
* Contribuez à l’expansion de trois entreprises en pleine croissance.
* Exercez un rôle clé avec une grande autonomie.
* Travaillez avec une équipe passionnée, orientée résultats.

En tant que petite entreprise, nous offrons à chacun de nos collaborateurs l’opportunité d’avoir un impact direct et de contribuer activement au développement de nos projets.

* Notre petite structure de type startup encourage un fort esprit entrepreneurial, où chaque talent est valorisé et les idées sont encouragées. Ici, vous pourrez évoluer dans un environnement agile et prendre part à des projets stimulants.

Type d'emploi : Temps plein, CDI

Rémunération : 40 000,00€ à 60 000,00€ par an

Lieu du poste : En présentiel","","https://fr.indeed.com/cmp/Xdigit-1","","","","","","","","","","","",""
"in-7cac9eb6593c3c2e","indeed","https://fr.indeed.com/viewjob?jk=7cac9eb6593c3c2e","https://www.3ds.com/careers/jobs/ingenieur-logiciel-outils-de-developpement-infrastructure-ci-cd-f-h-549413","Ingénieur Logiciel – Outils de Développement & Infrastructure CI/CD (F/H)","Dassault Systèmes","Vélizy-Villacoublay, A8, FR","2026-09-15","","","","","","",False,"","","","","Au sein de Dassault Systèmes, des milliers d’ingénieurs développent chaque jour des logiciels de pointe dans les domaines de la 3D et de la simulation.  

Vous rejoindrez l’équipe Developer Tools \& Infrastructure, au cœur de cet écosystème. L’équipe conçoit, développe et maintient les systèmes de build, les pipelines CI/CD, les environnements de test ainsi que les chaînes de packaging utilisés quotidiennement par les équipes de développement.  

Dans un environnement logiciel à grande échelle, votre rôle sera de contribuer à faire évoluer, moderniser et industrialiser les outils et infrastructures de développement, tout en améliorant l’expérience des développeurs et la fiabilité des processus de livraison.  

  

**Vos missions**


Sur le rôle d’Ingénieur Logiciel, vous interviendrez sur l’ensemble de la chaîne permettant aux équipes de développer, tester, construire et livrer efficacement leurs logiciels.


Vous aurez notamment pour missions de :  

Concevoir, développer et maintenir des systèmes de build et des toolchains internes, utilisés sur de larges bases de code C\+\+ sous Windows et Linux.  

Concevoir et faire évoluer les pipelines CI/CD afin de permettre une livraison rapide et fiable de centaines de composants logiciels.  

Contribuer au développement et à l’amélioration de l’environnement de tests et de validation des outils.  

Concevoir et maintenir des solutions permettant de packager et distribuer les environnements de développement et les toolchains natives (compilateurs, linkers, analyseurs statiques, runtimes) de manière reproductible et versionnée.  

Développer des scripts et outils d’automatisation en Python ainsi qu’en PowerShell et/ou Shell afin de simplifier et d’optimiser les workflows des développeurs.  

Conteneuriser les environnements de build et de test avec Docker afin de garantir leur reproductibilité sur différentes plateformes.  

Collaborer avec les équipes de développement produit afin de diagnostiquer les problèmes liés aux builds et aux environnements et de mettre en place des améliorations durables.  

Documenter les solutions techniques, rédiger des guides et documentations et contribuer au partage des connaissances au sein de l’équipe.

**Vos qualifications**


Vous justifiez de 6 à 10 ans d’expérience professionnelle en développement logiciel.  

Vous avez une solide expérience en Python, Java et Shell, notamment pour le scripting, le développement d’outils ou l’automatisation.  

Vous êtes à l’aise dans des environnements Linux et Windows.  

Vous maîtrisez le shell scripting, notamment Bash et/ou PowerShell.  

Vous avez une bonne compréhension des concepts CI/CD/DevSecOps : création de pipelines, gestion des artefacts, build caching, etc.  

Vous disposez d’une bonne compréhension des processus de build logiciel : compilation, édition de liens (linking), résolution des dépendances, etc.  

Vous possédez de solides capacités de debugging et êtes capable de prendre en main rapidement des bases de code importantes et complexes.  

Compétences appréciées  

Une expérience avec Docker et les environnements de build conteneurisés.  

Une bonne connaissance des composants des toolchains natives : analyseurs statiques, scanners de vulnérabilités, etc.  

Une expérience dans la maintenance d’outils de développement à grande échelle, utilisés par plusieurs centaines de développeurs ou sur de nombreux projets.  

Une connaissance des systèmes de gestion de packages et d’artefacts.
  

  

**Nous rejoindre c'est aussi**


Intégrer une entreprise scientifique au cœur de l’innovation technologique, portée par une forte croissance depuis plus de 40 ans


Principaux avantages et bénéfices :  

Environnement multiculturel ;  

Cadre de travail convivial axé sur le bien\-être et la santé ;  

Engagement en faveur de la diversité et de l’inclusion ;  

Politique dynamique de développement de carrière : plan de formation, mobilités internes, etc ;


**Inclusion statement**
-----------------------


As a game\-changer in sustainable technology and innovation, Dassault Systèmes is striving to build more inclusive and diverse teams across the globe. We believe that our people are our number one asset and we want all employees to feel empowered to bring their whole selves to work every day. It is our goal that our people feel a sense of pride and a passion for belonging. As a company leading change, it’s our responsibility to foster opportunities for all people to participate in a harmonized Workforce of the Future.","","https://fr.indeed.com/cmp/Dassault-Syst%C3%A8mes-1","https://d2q79iu7y748jz.cloudfront.net/s/_squarelogo/256x256/b24c13c79c41a8ab31b15e01fa6bef5f","https://www.3ds.com/careers","Vélizy-Villacoublay","10,000+","$1B to $5B (USD)","Dassault Systèmes is a sustainable innovation leader. Serving over 370,000 customers, we provide business and people with collaborative virtual environments to imagine sustainable innovations.","","","","","",""
"in-ec1019a36cd14cbe","indeed","https://fr.indeed.com/viewjob?jk=ec1019a36cd14cbe","http://fr.indeed.com/job/d%C3%A9veloppeur-c-confirm%C3%A9-ec1019a36cd14cbe","Développeur C++ Confirmé","INOVELYA","Valbonne, B8, FR","2026-09-15","fulltime","","","","","",False,"","","","","Poste centré sur l’optimisation, la stabilité et la maintenance d’applications C\+\+ en environnement de production.

Ce poste s’adresse à un **Développeur C\+\+ disposant d’une première expérience significative**, souhaitant approfondir ses compétences sur des problématiques de **performance, de robustesse et de fiabilité logicielle**.

Il ne correspond pas à un profil orienté développement de nouvelles fonctionnalités ou innovation produit.

Vous intervenez sur un socle applicatif existant, avec des enjeux forts de qualité, de précision et d’optimisation, dans un **contexte international nécessitant un anglais professionnel avancé (niveau C1\)**.

Dans ce cadre, **Inovelya recrute un Développeur C\+\+ Confirmé**, pour une mission longue durée.

.

**Informations clés**

* **Localisation** : Sophia Antipolis
* **Contrat** : CDI
* **Organisation** : 3 jours sur site, 2 jours en télétravail

**.**

**Contexte du projet**

Vous intervenez sur des applications critiques liées à des processus métiers complexes, nécessitant un haut niveau de fiabilité et de précision.

Le périmètre est centré sur un système existant, avec des enjeux principaux de :

* Stabilité des traitements,
* Optimisation des performances,
* Amélioration de la robustesse,
* Correction et prévention des anomalies.

L’environnement est structuré, avec des standards techniques établis et une collaboration étroite entre développeurs, équipes fonctionnelles et équipes techniques, dans un **cadre international où les échanges se font en anglais au quotidien**.

**Vos missions**

En tant que **Développeur C\+\+ Confirmé**, vous intervenez sur un périmètre orienté maintenance et optimisation.

À ce titre, vous serez notamment amené à :

* Analyser le fonctionnement d’un code existant et comprendre ses contraintes,
* Identifier et corriger des anomalies en production,
* Optimiser les performances et améliorer l’efficacité des traitements,
* Renforcer la stabilité et la robustesse des applications,
* Intervenir sur des problématiques de qualité logicielle et de fiabilité,
* Collaborer avec les équipes techniques et fonctionnelles, en anglais, à l’écrit comme à l’oral,
* Contribuer à l’amélioration continue du socle applicatif.

**Environnement technique**

* **Langage** : C\+\+
* **Contexte** : applications critiques en production
* **Enjeux** : performance, stabilité, optimisation
* **Méthodes** : environnement structuré, collaboration avec équipes techniques et fonctionnelles
* **Contexte** : international (anglais quotidien)

.

Profil recherché

* **Diplôme Bac\+5 en école d’ingénieur ou formation équivalente à dominante informatique**
* **Minimum 2 ans d’expérience professionnelle en développement C\+\+, en entreprise (hors stage et hors alternance)**

**Important : les expériences de stage et d’alternance ne sont pas comptabilisées dans l’expérience attendue pour ce poste. Nous vous remercions de candidater uniquement si ce critère est respecté.**

* Bonne maîtrise du **C\+\+ en environnement de production**
* Capacité à travailler sur du code existant (lecture, compréhension, amélioration)
* Intérêt marqué pour les problématiques de **performance et d’optimisation**
* Rigueur et précision dans l’analyse et la correction d’anomalies
* Capacité à travailler sur des systèmes complexes
* **Anglais professionnel avancé (niveau C1\) indispensable** : réunions, documentation, échanges quotidiens
* Curiosité technique et volonté de comprendre en profondeur les mécanismes existants
* Goût pour les environnements exigeants et structurés
* Esprit d’analyse et sens du détail
* Capacité à travailler dans la durée sur un même périmètre

Rémunération : à partir de 38 000,00€ par an

Avantages :

* RTT

Lieu du poste : En présentiel","","https://fr.indeed.com/cmp/Inovelya","https://d2q79iu7y748jz.cloudfront.net/s/_squarelogo/256x256/35e7fedaa775aecc79695520bf736937","https://www.linkedin.com/company/inovelya/","","","","","","","","","",""
"in-5ba3af0695582dc8","indeed","https://fr.indeed.com/viewjob?jk=5ba3af0695582dc8","https://www.randstaddigital.fr/fr/carrieres/toutes-nos-offres/developpeur-clinux-fh_paris_47443670/","développeur c++/linux (f/h)","Randstad","Paris, A8, FR","2026-09-15","","","","","","",False,"","","","nicolas.deflube@randstaddigital.com","détails de l'offre
Randstad Digital est un partenaire technologique de premier plan, accompagnant la transformation numérique des entreprises en mettant à leur disposition des talents, des capacités de production et des solutions packagées adaptées à leurs besoins.


Intégrer notre équipe Randstad Digital c'est :


* Développer son expertise et en apprendre de nouvelles : projection de carrière, formation, etc.
* Être accompagné au quotidien par des interlocuteurs Talent manager, solution Sales et Tech.
* Limiter notre empreinte environnementale : écoconception !
* Anciennement AUSY, nous possédons 35 ans d'expérience dans nos domaines d'expertises.

En savoir plus : https://www.randstaddigital.fr/


Nos 2500 collaborateurs sont présents sur tous les domaines d'expertise du Groupe : technologies de l'information, infrastructure et informatique industrielle.


...
Randstad Digital est un partenaire technologique de premier plan, accompagnant la transformation numérique des entreprises en mettant à leur disposition des talents, des capacités de production et des solutions packagées adaptées à leurs besoins.


Intégrer notre équipe Randstad Digital c'est :


* Développer son expertise et en apprendre de nouvelles : projection de carrière, formation, etc.
* Être accompagné au quotidien par des interlocuteurs Talent manager, solution Sales et Tech.
* Limiter notre empreinte environnementale : écoconception !
* Anciennement AUSY, nous possédons 35 ans d'expérience dans nos domaines d'expertises.

En savoir plus : https://www.randstaddigital.fr/


Nos 2500 collaborateurs sont présents sur tous les domaines d'expertise du Groupe : technologies de l'information, infrastructure et informatique industrielle.


* ### **votre fonction**

  

Randstad Digital recrute un/une Développeur C\+\+/Linux pour intervenir au sein d'un acteur du secteur du ferroviaire. Vous rejoindrez un environnement technique où vous interviendrez au sein du pôle de développement des systèmes embarqués.


Au sein de l'équipe, vos objectifs et livrables seront les suivants :



	+ Concevoir et développer de nouvelles fonctionnalités pour le sous\-système embarqué.
	+ Réaliser les tests unitaires et assurer l'intégration de vos développements avec les autres sous\-systèmes.
	+ Apporter un support technique actif aux équipes d'intégration et de validation.
	+ Diagnostiquer et corriger les anomalies détectées.
	+ Participer aux réunions d'avancement du projet et assurer un reporting régulier de votre activité.
	+ Rédiger et mettre à jour la documentation technique.
* ### **votre profil**

  

Profil recherché :



	+ Vous êtes titulaire d'un diplôme d'Ingénieur et vous justifiez d'au minimum 2 ans d'expérience dans le développement de systèmes embarqués ou temps réel.
	+ Votre expérience a été idéalement acquise dans un secteur industriel tel que les transports, le ferroviaire, l'aéronautique ou l'automobile.
	+ Vous maîtrisez l'anglais technique (lu et écrit).Compétences avancées exigées :



	+ Développement en C\+\+
	+ Environnements OS : UNIX / LINUX.
	+ Réseaux et protocoles : TCP/UDP/IP, FTP.
	+ Programmation PythonCompétences souhaitables :



	+ Connaissance des Liaisons Séries et des Design Patterns.
	+ Développement web / mobile : HTML/HTML5, Javascript, Kotlin / Android Kotlin.
	+ Utilisation de MANTIS (suivi d'anomalies).Soft Skills



	+ Vous possédez une excellente aptitude à travailler en équipe tout en sachant faire preuve d'une grande autonomie dans vos tâches.
	+ Vous êtes reconnu(e) pour vos capacités de communication, de reporting et votre aisance rédactionnelle.  

A compétences égales le poste est ouvert aux personnes en situation d’handicap.
* ### **avantages**



	+ Communauté d’experts pour t'accompagner dans ta montée en compétence
	+ Licence Udemy Business pour tous les collaborateurs
	+ Possibilité de télétravailler plusieurs jours par semaine
	+ Évènements techniques et festifs!
	+ Tickets restaurant/ mutuelle
	+ Prime de parrainage
	+ Avantage cse

  
résumé


* *randstad digital france*
* *CDI*
* domaine
it development
* sous\-secteur
it development
* PJFrance3366042634

  
**contact.**
------------


pour toutes questions, veuillez nous contacter.


ND
### **nicolas deflube**


* nicolas.deflube@randstaddigital.com","","https://fr.indeed.com/cmp/Randstad","https://d2q79iu7y748jz.cloudfront.net/s/_squarelogo/256x256/1783ecf337b79ba4e6c666c3d50de6d0","https://www.randstad.com/","Diemen","501 to 1,000","more than $10B (USD)","As the world's number one recruitment company, we help jobseekers just like you find fulfilling and prosperous careers.","","","","","",""
"in-425ed047621fa88e","indeed","https://fr.indeed.com/viewjob?jk=425ed047621fa88e","https://www.free-work.com/fr/tech-it/job-mission/autre/ingenieur-developpeur-full-stack-c-c-industrie-nantes?utm_source=indeed&utm_medium=organic&utm_campaign=indeed_organic_fr_all_fl","Ingénieur Développeur Full Stack C# / C++ (Industrie) / Nantes (IT) / Freelance","Groupe Ayli","Nantes, B5, FR","2026-09-15","","","","","","",False,"","","","","? Contexte et missionsLe consultant interviendra sur plusieurs environnements de développement afin de :
  
  

Concevoir et développer des évolutions applicatives.
  
  

Assurer la maintenance corrective et évolutive des applications.
  
  

Participer aux projets de transformation et de pérennisation.
  
  

Reprendre et fiabiliser des applications existantes.
  
  

Rédiger la documentation technique et assurer les formations nécessaires.
  
  

**Participer à l?astreinte informatique de process :** disponibilité la nuit et le week\-end, environ 1 semaine sur 5, afin de garantir la continuité des lignes de production.
  
  

**Profil candidat:****?? Environnement techniqueCompétences indispensables :**  

.NET Framework 4\.x et .NET Core
  
  

C\#
  
  

WPF / MVVM
  
  

Angular
  
  

SQL Server
  
  

Visual Studio 2017/2022 et Visual Studio Code
  
  

TFS / Azure DevOps
  
  

Expérience en développement industriel ou dans un environnement de production.
  
  

**Environnements historiques à connaître ou à apprendre :**  

Calculateur Alpha
  
  

C
  
  

Sybase
  
  

Une formation et un accompagnement internes sont prévus sur ces technologies.
  
  

**Compétences appréciées :**  

C\+\+
  
  

SignalR
  
  

RabbitMQ
  
  

Architectures client lourd et client léger
  
  

Reprise et maintenance d?applications existantes.
  
  

Capacité à échanger avec la MOA.
  
  

Autonomie et esprit d?équipe.","","https://fr.indeed.com/cmp/Groupe-Ayli","","","","","","","","","","","",""
"in-a30c3e3142c45065","indeed","https://fr.indeed.com/viewjob?jk=a30c3e3142c45065","https://emploi.elsys-design.com/offers/59851/Ingenieur-developpement-embarque-Yocto-H-F","Ingénieur développement embarqué / Yocto - H/F","ELSYS DESIGN","Valbonne, B8, FR","2026-09-14","","","","","","",False,"","","","","Tu souhaites intégrer une entreprise dynamique et reconnue pour son savoir faire dans les systèmes embarqués ?
  
  

Dans le cadre du renforcement de notre équipe logiciel embarqué, Elsys Design Sophia recherche un ingénieur spécialisé en développement embarqué ayant une première expérience en utilisation de Yocto.
  
  

**Vos missions :**  

* Intégrer nos équipes d'ingénieurs logiciel et développer des briques logicielles génériques en C sur OS Linux
* Implémenter de nouvelles fonctions logiciels
* Générer des distributions Linux embarqué avec Yocto
* Test et intégration sur produit fini


Plusieurs postes sont ouverts, nous sommes à la recherche de débutants tout comme de développeurs expérimentés.
  
  

**Environnement technique :**  

* Langage C et/ou C\+\+, en baremetal ou avec OS
* Scripting Python
* Gestion de projet : Git ou SVN
* Certains de nos projets intègrent une base en Linux (Yocto / buildroot)


L'agence de rattachement de cette offre se situe à Nice\-sophia\-antipolis.
  
  

L'agence de rattachement de cette offre se situe à Nice Sophia\-Antipolis. Profil Recherché
  
  

C bas niveau,
  
  

programmation microcontroleur / microprocesseur
  
  

programmation de noyau Linux
  
  

La rigeur du code est un plus fortement appréciée
  
  

**Profil recherché :**  

De formation type ingénieur BAC\+5 avec une spécialisation embarqué, tu as une première expérience dans le développement de logiciels embarqués . Avantages Salariaux
  
  

10 jours de RTT par an
  
Allocation repas ou Titre restaurant presque intégralement pris en charge
  
  

Mutuelle Santé Famille
  
  

Compte Epargne Temps
  
  

Participation et Intéressement
  
  

Prime de cooptation de 1000 ou 1500 €
  
  

Prime de vacances
  
Prime Transport de 200 € net par an et 50 € brut mensuel. Qui sommes\-nous
  
  

ELSYS Design est une société d’ingénierie spécialisée dans la conception de systèmes électroniques embarqués.
  
Nous accompagnons nos clients issus de secteurs variés (énergie, semiconducteur, défense, spatial, transport, etc.) dans 4 domaines principaux : la microélectronique ( FPGA , ASIC , SoC ), la carte , le logiciel embarqué et l’ ingénierie système .
  
Chez ELSYS Design, nous sommes tous ingénieurs , votre manager sera donc lui aussi issu de la technique. Il veillera à vous proposer des projets pertinents qui vous permettront de vous constituer une expérience riche, bâtie sur un socle de compétences recherchées .
  
Vous aimez relever des défis techniques ? Vous avez envie d’évoluer dans une ambiance humaine, bienveillante et responsabilisante ? D’intégrer une structure familiale, présentant les avantages d’un grand groupe ?
  
**Alors, n’hésitez plus :** postulez et rencontrons\-nous !","","https://fr.indeed.com/cmp/Elsys-Design","https://d2q79iu7y748jz.cloudfront.net/s/_squarelogo/256x256/dcec5a355eba55dac8522f91f07fad8c","https://www.elsys-design.com","Paris","501 to 1,000","$25M to $100M (USD)","","","","","","",""
"in-3d43b5f5314f61ff","indeed","https://fr.indeed.com/viewjob?jk=3d43b5f5314f61ff","https://www.careers-page.com/digway-2/job/X983868Y?utm_medium=free_job_board&utm_source=indeed","Développeur C++","Digway","Valbonne, B8, FR","2026-09-14","","","","","","",False,"","","","","**À propos du poste**


Au cœur de la technopole de Sophia Antipolis, rejoignez notre équipe d'ingénierie pour participer au développement et à l'optimisation de nos solutions logicielles sous environnement Windows. Dans un contexte international et stimulant, vous intégrerez un environnement agile où la qualité du code et la performance sont au centre des priorités.

**Vos missions principales**

* **Conception et développement :** Développer de nouvelles fonctionnalités et modules en C\+\+ moderne sous environnement Windows (Visual Studio, Win32 API / MFC / Qt selon le projet).
* **Optimisation :** Analyser, refactoriser et optimiser les performances logicielles (gestion mémoire, multithreading, temps de calcul).
* **Maintenance et fiabilité :** Identifier et corriger les bugs, rédiger les tests unitaires et d'intégration pour garantir la robustesse du code.
* **Collaboration internationale :** Échanger quotidiennement avec des équipes pluridisciplinaires et internationales (réductions de spécifications, revues de code, documentation).

**Profil recherché**

* **Formation :** Diplôme d'Ingénieur ou Master (BAC\+5\) en Informatique / Génie Logiciel.
* **Expérience :** Une première expérience réussie (ou plusieurs années d'expérience) en développement C\+\+ sous environnement Windows.
* **Compétences techniques clés :**
	+ Maîtrise solide du langage C\+\+ (C\+\+11/14/17/20\).
	+ Connaissance approfondie de l'écosystème Windows (Visual Studio, outils de profilage et de debugging Windows).
	+ Pratique des outils de gestion de version (Git) et des pipelines CI/CD.
* **Langues :** **Anglais courant (C1\)** indispensable, à l'écrit comme à l'oral, pour évoluer au quotidien dans un contexte multiculturel.
* **Qualités personnelles :** Rigueur, esprit d'analyse, autonomie et goût prononcé pour le travail en équipe.

**Ce que nous offrons**

* Un cadre de travail exceptionnel au sein de la première technopole européenne.
* Des projets techniques complexes et de grande envergure.
* Une politique de télétravail flexible (modalités hybrides).
* Une rémunération attractive selon profil et expérience, assortie d'avantages sociaux.","","https://fr.indeed.com/cmp/Digway","","","","","","","","","","","",""
"in-f02f604fadae656f","indeed","https://fr.indeed.com/viewjob?jk=f02f604fadae656f","https://emploi.elsys-design.com/offers/149700/Ingenieur-Firmware-Embarque-C-C","Ingénieur Firmware Embarqué C/C++","ELSYS DESIGN","Valence, ARA, FR","2026-09-14","","","","","","",False,"","","","","Dans le cadre du développement de ses activités, ELSYS Design recherche un·e Développeur Firmware Embarqué pour participer à la conception et à l'évolution de systèmes embarqués industriels à fortes contraintes de performance et de temps réel.
  
  

Au sein d'une équipe d'experts, vous contribuerez au développement de logiciels embarqués critiques assurant le pilotage et la coordination de différents sous\-systèmes matériels. Vous interviendrez sur des problématiques de communication bas niveau, de traitement de données temps réel et d'optimisation des performances au sein d'environnements industriels exigeants.
  
  

Vous évoluerez sur des projets innovants mêlant électronique, logiciel embarqué et architectures temps réel, au cœur de systèmes où robustesse, fiabilité et efficacité sont essentielles.
  
  

**Vos missions :**  

Développer et maintenir les fonctionnalités firmware en C et C\+\+,
  
  

* ️ Concevoir et implémenter des traitements temps réel sous FreeRTOS,


Développer les mécanismes de communication entre différents composants matériels et logiciels,
  
  

Participer à la définition et à l'intégration de protocoles de communication embarqués,
  
  

Réaliser les phases de test, validation, intégration et débogage,
  
  

Collaborer avec les équipes électronique, FPGA et système pour assurer la cohérence globale de la solution,
  
  

Contribuer à l'amélioration continue de l'architecture logicielle et des pratiques de développement.
  
  

**Environnement :**  

* Langages : C, C\+\+
* RTOS : FreeRTOS
* Architecture ARM Cortex\-M / NXP i.MX RT
* Développement firmware embarqué temps réel
* Communications inter\-processeurs et protocoles propriétaires
* Intégration matériel / logiciel
* FPGA et électronique numérique
* Git, intégration et validation logicielle


L'agence de rattachement de cette offre se situe à Valence. Profil Recherché
  
  

**Profil recherché :**  

Formation Bac\+5 en informatique, systèmes embarqués ou équivalent,
  
  

Expérience significative en développement logiciel embarqué ( \>5ans),
  
  

Excellente maîtrise du développement C/C\+\+,
  
  

Maîtrise impérative de FreeRTOS et des problématiques associées aux systèmes temps réel,
  
  

Bonne compréhension des architectures matérielles embarquées et des mécanismes de communication bas niveau,
  
  

Expérience sur microcontrôleurs de type NXP i.MX RT appréciée,
  
  

Connaissances des environnements FPGA et des contraintes temps réel critiques appréciées,
  
  

Rigueur, autonomie et capacité à intervenir sur des systèmes industriels complexes.
  
  

L'agence de rattachement de cette offre se situe à Valence. Avantages Salariaux
  
  

10 jours de RTT par an
  
  

Allocation repas ou Titre restaurant presque intégralement pris en charge
  
  

Mutuelle Santé Famille
  
  

Compte Epargne Temps
  
  

Participation et Intéressement
  
  

Prime de cooptation de 1000 ou 1500 €
  
  

Prime de vacances
  
  

Prime Transport de 200 € net par an et 50 € brut mensuel.
  
Qui sommes\-nous
  
  

ELSYS Design est une société d’ingénierie spécialisée dans la conception de systèmes électroniques embarqués.
  
  

Nous accompagnons nos clients issus de secteurs variés (énergie, semiconducteur, défense, spatial, transport, etc.) dans 4 domaines principaux : la microélectronique ( FPGA , ASIC , SoC ), la carte , le logiciel embarqué et l’ ingénierie système .
  
  

Chez ELSYS Design, nous sommes tous ingénieurs , votre manager sera donc lui aussi issu de la technique. Il veillera à vous proposer des projets pertinents qui vous permettront de vous constituer une expérience riche, bâtie sur un socle de compétences recherchées .
  
  

Vous aimez relever des défis techniques ? Vous avez envie d’évoluer dans une ambiance humaine, bienveillante et responsabilisante ? D’intégrer une structure familiale, présentant les avantages d’un grand groupe ?
  
  

**Alors, n’hésitez plus :** postulez et rencontrons\-nous !","","https://fr.indeed.com/cmp/Elsys-Design","https://d2q79iu7y748jz.cloudfront.net/s/_squarelogo/256x256/dcec5a355eba55dac8522f91f07fad8c","https://www.elsys-design.com","Paris","501 to 1,000","$25M to $100M (USD)","","","","","","",""
"in-a160c29c406248cb","indeed","https://fr.indeed.com/viewjob?jk=a160c29c406248cb","https://arianegroup.wd3.myworkdayjobs.com/en-US/EXTERNALALL/job/Les-Mureaux/CDI---Concepteur---Dveloppeur-simulateur-temps-rel---F-H-_JR-0019297","CDI – Concepteur / Développeur simulateur temps-réel (F/H)","ArianeGroup","Les Mureaux, A8, FR","2026-09-14","","","","","","",False,"","","","","**Rejoignez une aventure technologique où la simulation rencontre la réalité !**

**Venez façonner l'avenir des systèmes complexes en tant que Concepteur, Développeur simulateur temps\-réel chez ArianeGroup !**

**Votre environnement de travail**  

Vous intégrez une équipe dédiée au développement de simulateurs temps\-réel pour des systèmes lanceurs et missiles. Ces simulateurs servent aussi bien à valider les procédures de contrôles des étages en usine, qu’à qualifier le fonctionnement en vol, voire à entraîner les opérateurs. Vous évoluerez dans un environnement technique exigeant, où la compréhension globale du système est tout aussi essentielle que le respect strict du temps réel à l’exécution de la simulation.

**Vos missions**

* **Compréhension des systèmes** : Analyser le fonctionnement des équipements et systèmes à simuler.
* **Spécifications** : Participer à la définition et à la rédaction des spécifications techniques.
* **Conception et prototypage** : Concevoir et prototyper des solutions innovantes.
* **Développement** : Développer principalement en C\+\+ sous Linux.
* **Intégration** : Intégrer les différents composants du simulateur.
* **Tests et validation** : Réaliser les tests et participer à leur validation.
* **Documentation** : Documenter les solutions pour garantir leur maintien sur le long terme.
* **Collaboration** : Échanger directement avec les utilisateurs des simulateurs pour comprendre leurs besoins.

**Profil recherché**

* **Formation** : Diplôme d'ingénieur ou master informatique, systèmes embarqués, simulation, électrotechnique ou domaine équivalent.
* **Expérience** : Jeune diplômé(e) ou première expérience dans les domaines mentionnés.
* **Compétences techniques** :
	+ **C\+\+** : Bon niveau en C\+\+.
	+ **Linux** : Maîtrise de Linux.
	+ **Curiosité** : Envie de comprendre le fonctionnement des systèmes complexes.

**Qualités personnelles**

* **Curiosité** : Envie de comprendre comment fonctionnent les systèmes.
* **Rigueur** : Attention aux détails et souci de la qualité.
* **Collaboration** : Aptitude à travailler en équipe et à communiquer efficacement.
* **Autonomie** : Capacité à gérer des projets de manière autonome et à prendre des initiatives.
* **Adaptabilité** : Flexibilité pour s'adapter à des environnements techniques variés.
* **Patience** : Capacité à travailler sur des projets complexes de plusieurs années.

**ℹ Informations pratiques**

* **Type de contrat** : CDI
* **Déplacements** : Déplacements occasionnels possibles
* **Lieu** : Site ArianeGroup des Mureaux (78\)
* **Confidentialité** : Activité soumise à des contraintes particulières de confidentialité et de sécurité.

**Vous êtes prêt(e) à relever le défi et à mettre votre talent au service de nos ambitions technologiques ?**

**Postulez dès maintenant et venez construire l’avenir avec nous ! Ensemble, améliorons continuellement nos processus pour atteindre l’excellence dans le domaine de la simulation temps\-réel !**

**Quelques mots sur le site de :** ***Les Mureaux***


Idéalement situé en bord de Seine pour permettre le départ par bateau des éléments d'Ariane 6, le site des Mureaux est le siège social d’ArianeGroup et d’Arianespace.


Il regroupe plus de 2 000 salariés travaillant sur des installations de pointe au service de nos activités défenses et civiles. Le site dispose d'un restaurant d'entreprise, d'installations sportives et d'un CSE dynamique avec de nombreuses sections associatives et avantages associés.


Un train relie la Gare Saint\-Lazare aux Mureaux puis un bus relie la gare au site. 2027 verra l’arrivée d’EOLE (prolongation du RER E), marquant un nouvel arrêt à La Défense.


Dans le cadre des activités relatives à l’emploi proposé, vous serez amené(e) à accéder à un (ou des) site(s) relevant de la responsabilité d’ArianeGroup. A cette fin et dans le respect des articles R1332\-22\-1 et suivants du Code de la Défense, nous vous informons qu’une enquête administrative sera réalisée à notre demande par l’autorité administrative, afin de vérifier qu’aucun fait vous concernant n’est incompatible avec l’accès envisagé.

***ArianeGroup strongly believes in diversity as a key factor to strengthen innovation and collaboration.***

***We welcome all applications and are committed to creating an inclusive working environment.***

***Our selection criteria are based on competencies and professional skills alone.***","Aerospace And Defense","https://fr.indeed.com/cmp/Arianegroup","https://d2q79iu7y748jz.cloudfront.net/s/_squarelogo/256x256/e92ff1f8e0a7d2638eaef2bdb27f5443","http://www.ariane.group","Paris","5,001 to 10,000","","","","","","","",""
"in-0d67a0cddb41d3a3","indeed","https://fr.indeed.com/viewjob?jk=0d67a0cddb41d3a3","https://www.safran-group.com/jobs/france/ulis/ingenieur-e-developpement-c-fh-186344","Ingénieur-e développement C++ F-H","Safran","Les Ulis, A8, FR","2026-09-14","fulltime","","","","","",False,"","","","","Published 09\.14\.2026
 Company : Safran Data Systems Job field : Software Location : Les Ulis , Ile de France , France Contract type : Permanent Contract duration : Full\-time Required degree : Master Degree Required experience : More than 3 years Professional status : Professional, Engineer \& Manager Spoken language(s) : French Bilingual English Fluent  


Published 09\.14\.2026
**Job Description**
-------------------


La surveillance de l'Espace, et notamment des orbites satellites, se révèle être un enjeu majeur face au déploiement, sans cesse croissant, d'objets en orbite terrestre : lancement de méga\-constellations de satellites (StarLink, OneWeb, Kuiper), boom du NewSpace et des nano/smallsats, démultiplication incontrôlée des débris en orbite. Les risques de collisions, d'interférences ou d'agressions, qu'elles soient involontaires ou délibérées, mettent en péril tous les services de notre quotidien (navigation GPS, observation de la Terre, prévisions météorologiques, diffusion de la télévision, transfert de données, etc).  

L'activité Satellite Communication and Situational Awareness (SCSA) de la société Safran Data Systems offre aux acteurs du secteur spatial (opérateurs satellite, régulateurs de fréquence, agences gouvernementales) les moyens de détecter, caractériser, localiser et comprendre ces menaces.  

Safran Data Systems développe l'intégralité de ses solutions : antennes de réception, plateformes matérielles d'acquisition et de traitement, logiciels d'analyse en temps\-réel, interfaces utilisateurs.  

  

Au sein de la ligne de produit SCSA, nous recherchons un\-e développeur\-se motivé\-e pour rejoindre notre équipe dynamique et contribuer au développement des produits TiTan, solutions innovantes dans le domaine des communications par satellites.  

Missions principales :  

* Développer, améliorer et maintenir des applications en C\+\+ sous environnement Linux (Debian), principalement sur les produits TiTan.
* Participer à la conception technique, à la rédaction et à la mise à jour de documents de conception.
* Collaborer à la gestion du code source avec l'outil Mercurial et/ou Gitlab.
* Contribuer au développement d'outils complémentaires en Python selon les besoins projets.
* Participer à l'intégration continue et à l'automatisation des tests.
* Utiliser et être à l'aise avec les outils de ticketing.
* Participer activement aux rituels de développement et points hebdomadaires
* Participer à des déplacements occasionnels à l'international, dans le cadre de projets ou de collaborations avec des clients et partenaires.

**Job Requirements**
--------------------


Diplômé\-e d'une école d'ingénieurs ou équivalent, vous disposez d'expérience professionnelle en développement logiciel et vous vous reconnaissez dans les points suivants:  

* Maîtrise confirmée du développement en C\+\+ sous Linux (Debian).
* Habitué du développement assisté par IA
* Expérience de l'utilisation de Mercurial pour la gestion du code source.
* Compétences solides en développement Python.
* Expérience de l'utilisation de Git pour la gestion du code source.
* Expérience avec les outils d'intégration continue, idéalement TeamCity.
* Pratique des outils de ticketing (Redmine, Gitlab…).
* Capacité à rédiger des documents techniques et de conception clairs et structurés.
* Intérêt ou première expérience en communications par satellite et en techniques de géolocalisation.
* Esprit d'équipe, rigueur et autonomie.
* Maîtrise de l'anglais indispensable (lu, écrit, parlé).
* Disponibilité pour effectuer des déplacements à l'international.

**But what else? (advantages, specific features, etc.)**
--------------------------------------------------------


Dans le cadre de notre développement, nous rejoindrons de nouveaux locaux au 1er semestre 2027 à Massy, situés à 5 minutes à pied de la gare RER/TGV de Massy\-Palaiseau, pour offrir un environnement de travail moderne et facilement accessible.  

Soucieux de la flexibilité au travail, Safran Data Systems a signé un accord télétravail vous permettant d'aménager votre organisation personnelle et professionnelle.


**Company Information**
-----------------------


Safran is an international high\-technology group, operating in the aviation (propulsion, equipment and interiors), defense and space markets. Its core purpose is to contribute to a safer, more sustainable world, where air transport is more environmentally friendly, comfortable and accessible. Safran has a global presence, with 100,000 employees and sales of 27\.3 billion euros in 2024, and holds, alone or in partnership, world or regional leadership positions in its core markets.  

Safran is in the 2nd place in the aerospace and defense industry in TIME magazine's ""World's best companies 2024"" ranking.
  

  

Safran Electronics \& Defense offers its customers onboard intelligence solutions allowing them to understand the environment, reduce mental load and guarantee a trajectory, even in critical situations, in all environments: on land, at sea, in the sky or space. The company harnesses the expertise of its 13,000 employees towards these three functions: observe, decide and guide, for the civil and military markets.  

  

Because we are convinced that each talent counts, we value and encourage applications from people with disabilities for our job opportunities.


### **Locate your future workplace**


5 Avenue des Andes 91940


Les Ulis


Ile de France France","","https://fr.indeed.com/cmp/Safran","https://d2q79iu7y748jz.cloudfront.net/s/_squarelogo/256x256/c8cc5ca75a155b48dc43ceff63c75995","https://www.safran-group.com/","Paris","10,000+","more than $10B (USD)","Safran is hiring.","","","","","",""
"in-2d9ae99b0a83b27e","indeed","https://fr.indeed.com/viewjob?jk=2d9ae99b0a83b27e","https://www.randstaddigital.fr/fr/carrieres/toutes-nos-offres/developpeur-logiciel-ada-hf_issy-les-moulineaux_47435075/","développeur logiciel ada h/f","Randstad","Issy-les-Moulineaux, A8, FR","2026-09-14","","","","","","",False,"","","","haimavatigodavari.cadeby@randstaddigital.com","détails de l'offre
Randstad Digital est un partenaire technologique de premier plan, accompagnant la transformation numérique des entreprises en mettant à leur disposition des talents, des capacités de production et des solutions packagées adaptées à leurs besoins.


...


Nos métiers chez Randstad Digital s’articulent autour de plusieurs domaines clés :
* Infrastructures \& Cloud : ingénierie système et réseau, migration et gestion du cloud, DevOps, cybersécurité, gestion de projet Infra et Data.
* Services applicatifs : développement et intégration web, mobile, gestion du cycle de vie des applications en mode agile, tests et automatisation.
* Électronique \& embarqué : conception, spécification, développement et validation logicielle.

Intégrer notre équipe Randstad Digital c’est :


* Développer son expertise et en apprendre de nouvelles : projection de carrière, formation, etc.
* Être accompagné au quotidien par des interlocuteurs Talent manager, Sales et Tech solution.
* Être agile jusqu’au bout des ongles : on fait des rétrospectives, pas des comités de direction.
* Limiter notre empreinte environnementale : écoconception !
* Anciennement AUSY, nous possédons 35 ans d'expérience dans nos domaines d'expertises.

En savoir plus : https://www.randstaddigital.fr/


voir moinsvoir plus
Randstad Digital est un partenaire technologique de premier plan, accompagnant la transformation numérique des entreprises en mettant à leur disposition des talents, des capacités de production et des solutions packagées adaptées à leurs besoins.

  

  

Nos métiers chez Randstad Digital s’articulent autour de plusieurs domaines clés :


* Infrastructures \& Cloud : ingénierie système et réseau, migration et gestion du cloud, DevOps, cybersécurité, gestion de projet Infra et Data.
* Services applicatifs : développement et intégration web, mobile, gestion du cycle de vie des applications en mode agile, tests et automatisation.
* Électronique \& embarqué : conception, spécification, développement et validation logicielle.

Intégrer notre équipe Randstad Digital c’est :


* Développer son expertise et en apprendre de nouvelles : projection de carrière, formation, etc.
* Être accompagné au quotidien par des interlocuteurs Talent manager, Sales et Tech solution.
* Être agile jusqu’au bout des ongles : on fait des rétrospectives, pas des comités de direction.
* Limiter notre empreinte environnementale : écoconception !
* Anciennement AUSY, nous possédons 35 ans d'expérience dans nos domaines d'expertises.

En savoir plus : https://www.randstaddigital.fr/


* ### **votre fonction**

  

Dans le cadre du renforcement de nos équipes d'ingénierie,, nous recherchons un(e) Ingénieur(e) Développement Logiciel expérimenté(e) en langage ADA pour renforcer nos équipes d’ingénierie logicielle sur des produits critiques en environnement contraint.


Vos missions :

	+ Conception et Codage : Analyser les spécifications système, concevoir et développer des composants logiciels temps réel en ADA sur des cibles embarquées.
	+ Tests et Validation : Réaliser les tests unitaires, d'intégration et de non\-régression. Assurer la vérification et la validation de la conformité aux exigences strictes de sûreté (ex : DO\-178 ou normes militaires spécifiques).
	+ Architecture et Maintenance : Contribuer à la définition des architectures logicielles et garantir la maintenabilité à long terme du code, essentiel pour la pérennité de nos systèmes.
	+ Optimisation : Assurer l'optimisation des performances dans des environnements contraints (mémoire, temps de réponse).
	+ Collaboration : Échanger étroitement avec les équipes d'architectes, d'ingénieurs systèmes et matériels.
* ### **votre profil**



	+ Diplôme d'Ingénieur ou Master 2 en Informatique Industrielle, Systèmes Embarqués ou domaine équivalent.
	+ Vous justifiez d’une première expérience (ou plus) en développement embarqué dans un contexte critique (défense, aéronautique, spatial...) ;
	+ Maîtrise du langage C/C\+\+ dans un environnement contraint ;
	+ Connaissances appréciées en protocoles de communication bas niveau, systèmes temps réel, sûreté de fonctionnement ou cybersécurité embarquée ;
	+ Autonomie, rigueur, esprit d’équipe et sens de la confidentialité sont essentiels.
* ### **avantages**



	+ CE, RTT, CET, ticket restaurant et accord télétravail
	+ Un vrai processus de montée en compétences : service de formation interne pour le passage de certification sur une plateforme d'autoformation à votre disposition toute l'année ainsi que des experts sur tous le territoire et sur votre pôle pour vous conseiller.
	+ La possibilité d'intégrer une communauté nationale d'experts
	+ Une carrière évolutive avec des missions variées
	+ Environnement de travail dynamique avec des projets innovants à fort impact technologique.
	+ Rejoindre la team Randstad Digital, c'est rejoindre une communauté composée de 120 personnalités.
	+ Ensemble, nous cultivons notre approche humaine et jouons sur un terrain mondial, tout en continuant à valoriser l'entrepreneuriat, la confiance et l'esprit d'équipe.A compétences égales, ce poste est ouvert aux personnes en situation de handicap.

  
résumé


* *randstad digital france*
* *CDI*
* domaine
it development
* sous\-secteur
it development
* PJFrance3171520213

  
**contact.**
------------


pour toutes questions, veuillez nous contacter.


CH
### **cadeby haimavati**


* haimavatigodavari.cadeby@randstaddigital.com","","https://fr.indeed.com/cmp/Randstad","https://d2q79iu7y748jz.cloudfront.net/s/_squarelogo/256x256/1783ecf337b79ba4e6c666c3d50de6d0","https://www.randstad.com/","Diemen","501 to 1,000","more than $10B (USD)","As the world's number one recruitment company, we help jobseekers just like you find fulfilling and prosperous careers.","","","","","",""
"in-371572cc0da9ad38","indeed","https://fr.indeed.com/viewjob?jk=371572cc0da9ad38","https://www.randstaddigital.fr/fr/carrieres/toutes-nos-offres/developpeur-logiciel-cc-embarque-fh_issy-les-moulineaux_47435072/","développeur logiciel c/c++ embarqué f/h","Randstad","Issy-les-Moulineaux, A8, FR","2026-09-14","","","","","","",False,"","","","haimavatigodavari.cadeby@randstaddigital.com","détails de l'offre
Randstad Digital est un partenaire technologique de premier plan, accompagnant la transformation numérique des entreprises en mettant à leur disposition des talents, des capacités de production et des solutions packagées adaptées à leurs besoins. ...


Nos métiers chez Randstad Digital s’articulent autour de plusieurs domaines clés :
* Infrastructures \& Cloud : ingénierie système et réseau, migration et gestion du cloud, DevOps, cybersécurité, gestion de projet Infra et Data.
* Services applicatifs : développement et intégration web, mobile, gestion du cycle de vie des applications en mode agile, tests et automatisation.
* Électronique \& embarqué : conception, spécification, développement et validation logicielle.
voir moinsvoir plus
Randstad Digital est un partenaire technologique de premier plan, accompagnant la transformation numérique des entreprises en mettant à leur disposition des talents, des capacités de production et des solutions packagées adaptées à leurs besoins.
  

Nos métiers chez Randstad Digital s’articulent autour de plusieurs domaines clés :


* Infrastructures \& Cloud : ingénierie système et réseau, migration et gestion du cloud, DevOps, cybersécurité, gestion de projet Infra et Data.
* Services applicatifs : développement et intégration web, mobile, gestion du cycle de vie des applications en mode agile, tests et automatisation.
* Électronique \& embarqué : conception, spécification, développement et validation logicielle.
* ### **votre fonction**

  

Vous souhaitez contribuer à des projets technologiques critiques pour la souveraineté et la sécurité ? Rejoignez une équipe engagée dans le développement de systèmes embarqués stratégiques au sein de programmes confidentiels à haute valeur ajoutée.


Dans le cadre d'un projet industriel majeur, nous recherchons un Développeur C/C\+\+ Embarqué pour renforcer nos équipes d'ingénierie logicielle sur des produits critiques en environnement contraint.


Vos missions :



	+ Développement Basse Couche : Concevoir, coder et optimiser des logiciels en C (pour les contraintes mémoire) et C\+\+ moderne (pour l'architecture) destinés aux microcontrôleurs et microprocesseurs.
	+ Gestion du Temps Réel : Implémenter et valider les contraintes temps réel strictes sous un OS RTOS (comme FreeRTOS, VxWorks ou QNX) ou en bare\-metal .
	+ Drivers et Interfaces : Développer les drivers pour les interfaces matérielles (SPI, I2C, CAN, Ethernet, etc.) et les couches d'abstraction matérielle (HAL).
	+ Qualité et Tests : Assurer la robustesse du code par des revues de code, des tests unitaires (Google Test, Catch2\) et des simulations.
* ### **votre profil**



	+ Diplôme d'Ingénieur ou Master 2 en Informatique, Électronique ou Systèmes Embarqués.
	+ Vous justifiez d’une première expérience (ou plus) en développement embarqué dans un contexte critique (défense, aéronautique, spatial...) ;
	+ Maîtrise du langage C/C\+\+ dans un environnement contraint ;
	+ Connaissances appréciées en protocoles de communication bas niveau, systèmes temps réel, sûreté de fonctionnement ou cybersécurité embarquée ;
	+ Autonomie, rigueur, esprit d’équipe et sens de la confidentialité sont essentiels.
* ### **avantages**

  

Intégrer notre équipe Randstad Digital c'est :



	+ Développer son expertise et en apprendre de nouvelles : projection de carrière, formation, etc.
	+ Être accompagné au quotidien par des interlocuteurs Talent manager, solution Sales et Tech.
	+ Être agile jusqu'au bout des ongles : on fait des rétrospectives, pas des comités de direction.
	+ Limiter notre empreinte environnementale : écoconception !
	+ Anciennement AUSY, nous possédons 35 ans d'expérience dans nos domaines d'expertises.
	+ CE, RTT, CET, ticket restaurant et accord télétravai
	+ Ensemble, nous cultivons notre approche humaine et jouons sur un terrain mondial, tout en continuant à valoriser l'entrepreneuriat, la confiance et l'esprit d'équipe.En savoir plus : https://www.randstaddigital.fr/

  
résumé


* *randstad digital france*
* *CDI*
* domaine
it development
* sous\-secteur
it development
* PJFrance3295702394

  
**contact.**
------------


pour toutes questions, veuillez nous contacter.


CH
### **cadeby haimavati**


* haimavatigodavari.cadeby@randstaddigital.com","","https://fr.indeed.com/cmp/Randstad","https://d2q79iu7y748jz.cloudfront.net/s/_squarelogo/256x256/1783ecf337b79ba4e6c666c3d50de6d0","https://www.randstad.com/","Diemen","501 to 1,000","more than $10B (USD)","As the world's number one recruitment company, we help jobseekers just like you find fulfilling and prosperous careers.","","","","","",""
"in-91fcbe7403752cd2","indeed","https://fr.indeed.com/viewjob?jk=91fcbe7403752cd2","https://emploi.elsys-design.com/offers/146701/Developpeur-C-experimente-H-F","Développeur C++ expérimenté (H/F)","ELSYS DESIGN","Valence, ARA, FR","2026-09-14","","","","","","",False,"","","","","Rejoignez une équipe d'experts au sein de notre site de Valence et prenez part à des projets industriels d’envergure où la performance logicielle, la fiabilité et la robustesse sont au cœur des enjeux. Vous interviendrez sur des solutions critiques utilisées par des acteurs industriels majeurs, et jouerez un rôle central dans la conception, le développement et l’optimisation d’architectures logicielles complexes.
  
  

Vos missions
  
  

Concevoir, développer et maintenir des composants logiciels C\+\+ à haute performance destinés à des environnements industriels exigeants.
  
  

Participer à la définition de l’architecture logicielle et garantir la cohérence technique des modules.
  
  

Être partie prenante dans le respect des enjeux coûts/qualité/délais sur les projets confiés.
  
  

Analyser les besoins fonctionnels et techniques pour proposer des solutions robustes, maintenables et évolutives.
  
  

Contribuer au développement de briques logicielles au sein de systèmes industriels complexes.
  
  

Participer à des projets d’envergure nécessitant une forte coordination technique et une maîtrise rigoureuse des processus industriels.
  
  

L'agence de rattachement de cette offre se situe à Valence.
  
  

L'agence de rattachement de cette offre se situe à Valence. Profil Recherché
  
  

Vous êtes un(e) développeur(se) confirmé(e) en C\+\+ avec une expérience significative dans des environnements industriels. Vous aimez travailler sur des systèmes complexes, avez le sens des responsabilités et êtes capable de tenir un rôle structurant au sein d’un projet.
  
  

Compétences attendues
  
  

Au moins 5 ans d’expérience professionnelle en développement C\+\+.
  
  

Très forte maîtrise du C\+\+ moderne (C\+\+14/17/20\) et des concepts avancés de conception logicielle (patterns, architecture, optimisation).
  
  

Expérience reconnue sur des projets industriels d’envergure, nécessitant rigueur et robustesse.
  
  

Capacité à intégrer les enjeux coûts/qualité/délais sur des tâches ou sous\-projets.
  
  

Bonne maîtrise des outils de développement (CMake, Git, analyse statique).
  
  

Compréhension des contraintes propres aux systèmes industriels et embarqués.
  
  

Qualités personnelles
  
  

Sens des responsabilités et capacité à tenir un rôle de référent technique.
  
  

Grand niveau d’autonomie et forte capacité d’analyse.
  
  

Rigueur, précision et exigence dans l’exécution.
  
  

Excellente communication avec les équipes techniques et non techniques.
  
  

Esprit de synthèse et goût pour la résolution de problèmes complexes.
  
  

Ce poste vous correspond ?
  
  

Cliquez sur le bouton jaune ""Postuler"" en haut à droite et suivez le process.
  
  

On analyse votre profil et un/une manager réalise le premier contact par téléphone (10mn)
  
  

Premier entretien avec le/la manager que vous avez eu au téléphone pour vous présenter l'entreprise et les projets. Idéalement dans nos locaux ou alors en visio\-conférence (1h)
  
  

Entretien technique avec le/la Tech lead du pôle. N'oubliez pas de vous préparer pour quelques exercices techniques (1h)
  
  

Dernier entretien avec le Responsable d’agence. C'est l'occasion de se projeter sur le long terme et d'évoquer tout ce que vous pourriez trouver chez nous (1h)
  
  

Notre recrutement c'est 5 étapes, 3h étalées sur un maximum de 2 semaines. Avantages Salariaux
  
  

10 jours de RTT par an
  
Allocation repas ou Titre restaurant presque intégralement pris en charge
  
  

Mutuelle Santé Famille
  
  

Compte Epargne Temps
  
  

Participation et Intéressement
  
  

Prime de cooptation de 1000 ou 1500 €
  
  

Prime de vacances
  
Prime Transport de 200 € net par an et 50 € brut mensuel. Qui sommes\-nous
  
  

ELSYS Design est une société d’ingénierie spécialisée dans la conception de systèmes électroniques embarqués.
  
Nous accompagnons nos clients issus de secteurs variés (énergie, semiconducteur, défense, spatial, transport, etc.) dans 4 domaines principaux : la microélectronique ( FPGA , ASIC , SoC ), la carte , le logiciel embarqué et l’ ingénierie système .
  
Chez ELSYS Design, nous sommes tous ingénieurs , votre manager sera donc lui aussi issu de la technique. Il veillera à vous proposer des projets pertinents qui vous permettront de vous constituer une expérience riche, bâtie sur un socle de compétences recherchées .
  
Vous aimez relever des défis techniques ? Vous avez envie d’évoluer dans une ambiance humaine, bienveillante et responsabilisante ? D’intégrer une structure familiale, présentant les avantages d’un grand groupe ?
  
**Alors, n’hésitez plus :** postulez et rencontrons\-nous !","","https://fr.indeed.com/cmp/Elsys-Design","https://d2q79iu7y748jz.cloudfront.net/s/_squarelogo/256x256/dcec5a355eba55dac8522f91f07fad8c","https://www.elsys-design.com","Paris","501 to 1,000","$25M to $100M (USD)","","","","","","",""
"in-e4785a2346805333","indeed","https://fr.indeed.com/viewjob?jk=e4785a2346805333","https://www.free-work.com/fr/tech-it/job-mission/consultant-microsoft-sharepoint-365/104052-developpeur-microsoft-entra-id-et-microsoft-graph?utm_source=indeed&utm_medium=organic&utm_campaign=indeed_organic_fr_all_fl","104052/Developpeur Microsoft Entra ID et Microsoft Graph (IT) / Freelance","Worldwide People","Les Clayes-sous-Bois, A8, FR","2026-09-14","","","","","","",False,"","","","","Developpeur Microsoft Entra ID et Microsoft Graph. Développement d?un connecteur Microsoft Entra ID, en C\+\+ en environnement Windows, en collaboration étroite avec notre équipe technique.  

  

Contexte :  

Éditeur d?une solution logicielle de contrôle d?accès déployée on\-premises en environnement Windows, nous souhaitons faire évoluer notre produit afin de permettre son intégration avec Microsoft Entra ID.  

  

La solution dispose actuellement de mécanismes d?intégration avec des environnements Active Directory / ADLDS. Une étude de faisabilité technique concernant l?intégration avec Entra ID a déjà été réalisée en interne. Les principaux choix d?architecture et d?intégration sont donc établis.  

  

Les travaux de la prestation porteront notamment sur :  

* l?implémentation des mécanismes d?accès à Entra ID et des API Microsoft nécessaires
* la gestion des mécanismes d?authentification et d?autorisation
* la récupération et l?exploitation des utilisateurs, groupes et attributs nécessaires au fonctionnement de la solution
* l?intégration avec les mécanismes d?annuaire existants
* la gestion des erreurs, de la journalisation et des situations d?indisponibilité
* la réalisation des tests nécessaires
* la documentation technique et de configuration
* l?intégration et la livraison du développement


  

Laprestation sera accompagnée, coachée et supervisée par un expert technique interne, qui assurera notamment le transfert de connaissance sur le produit, les choix techniques déjà réalisés et la validation des développements.  

  

Une expérience concrète est demandée dans l?intégration de services d?identité, notamment :  

* Microsoft Entra ID et Microsoft Graph
* OAuth 2\.0 / OpenID Connect
* Active Directory / LDAP
* Développement d?applications ou de services on\-premises intégrant des services cloud.


  

Au\-delà de l?expertise Entra ID, une autonome est demandée dans le développement ainsi que la capacité de travailler sous la supervision d?un référent technique.  

  

Livrables :  

* Connecteur opérationnel et intégré à la solution
* Code source C\+\+ compilé sous Visual Studio
* Tests
* Documentation technique et de configuration
* Eléments nécessaires à la maintenance et à l?évolution du connecteur

  

  

  

Profil candidat:  

Une expérience concrète est demandée dans l?intégration de services d?identité, notamment :  

* Microsoft Entra ID et Microsoft Graph
* OAuth 2\.0 / OpenID Connect
* Active Directory / LDAP
* Développement d?applications ou de services on\-premises intégrant des services cloud.","","https://fr.indeed.com/cmp/Worldwide-People","","","","","","","","","","","",""
"li-4465598430","linkedin","https://www.linkedin.com/jobs/view/4465598430","","C++ Developer (Valbonne)","Gruppo FOS","Valbonne, Provence-Alpes-Côte d'Azur, France","2026-09-15","fulltime","","","","","",False,"mid-senior level","Information Technology","","giorgio.antonelli@inrebus.it","InRebus Technologies nasce come software house e consulting company.
   

  

 Oggi è un'azienda versatile fatta di persone con profonda esperienza nei settori IT, formazione e multimedia: progettiamo soluzioni digitali avanzate in grado di fornire ai nostri clienti la migliore esperienza possibile.
   

  

 Posizione:
   

  

 InRebus Technologies (Gruppo FOS) ricerca per azienda cliente un\*
 **C\+\+ Developer (Valbonne)**
**Responsabilità principali:**
* Analizzare le specifiche funzionali e tradurle in soluzioni tecniche efficaci.
* Sviluppare software seguendo gli standard del cliente.
* Partecipare a studi di fattibilità e progettazione tecnica.
* Eseguire unit e performance testing, validazioni end\-to\-end e manutenzione/debugging in collaborazione con i team di prodotto.
* Produrre documentazione tecnica completa.


 Requisiti:
   

  

* Laurea triennale e/o magistrale in ingegneria informatica
* C\+\+ e sviluppo back end.
* Almeno 2 anni di esperienza nel ruolo
* Conoscenza del linguaggio Java
* Capacità di seguire l’intero ciclo di sviluppo: analisi, progettazione, sviluppo, testing, validazione e reportistica.
* Necessaria conoscenza della lingua inglese


 Altre informazioni:
   

  

**Sede:** 
 Valbonne, Provenza\-Alpi\-Costa Azzurra in presenza
   

  

**Range RAL:** 
 39\-42K
   

  

**Mail:** 
 giorgio.antonelli@inrebus.it","Information Technology & Services","https://it.linkedin.com/company/fos-spa","https://media.licdn.com/dms/image/v2/D4D0BAQHkcCAZN5gcpQ/company-logo_100_100/company-logo_100_100/0/1696321540226/fos_spa_logo?e=2147483647&v=beta&t=uqXtILdt8I9sV3S5abj1u8pNR18qlo_O69_GABZzdjQ","","","","","","","","","","",""
"li-4446313089","linkedin","https://www.linkedin.com/jobs/view/4446313089","","Développeur Senior Front Office C++/Python (H/F) 🏦","XRAYS TRADING","Paris, Île-de-France, France","2026-09-15","fulltime","","","","","",False,"not applicable","Engineering, Production, and Information Technology","","","**🚀 XRAYS TRADING** 
 est depuis 22 ans la structure la plus
 ***atypique***
 du monde de la bourse !
 



  





 Nous faisons en sorte que ton quotidien soit bourré d'
 **adrénalin
 *e***
 et de
 **moments inoubliables** 
 , le tout en t’aidant à construire ta
 ***carrière***
 au sein d'un groupe de travail sans équivalent 👩🏼 💻
 



  





 Pour résumer : Tu vas intégrer une boite d’
 ***ingénieurs***
 totalement barrés qui savent s’éclater pendant et après le boulot ! 😉
 



  





**NOTRE BESOIN :**




  





 Nous recherchons un(e) Développeur(se) C\+\+ confirmé(e) pour intervenir en environnement Front Office sur le développement d’un module OMS haute performance.
 



 On parle de systèmes complexes, critiques, exposés aux marchés.
 



  





 Ton rôle ne se limite pas à coder.
 



  





 Tu seras notamment amené(e) à :
 


* Concevoir et développer un module performant qui gérera le cycle complet des ordres
* Optimiser les performances (latence, mémoire etc…)
* Mettre en place une architecture modulaire et évolutive
* Contribuer aux tests de performance, profiling et optimisation continue



  





 Stack : C\+\+ 17 / C\+\+ 20 / Protocole FIX / Python
 



  





**TOI :**




  





 Tu es diplômé(e) d'une école d'ingénieurs !
 



 Tu as au moins 5 ans d'expérience en développement C\+\+
 



 Tu aimes te surpasser et gérer des problématiques de basse latence
 



 Tu as un fort intérêt pour la finance de marché, tu es donc quelqu'un de curieux qui cherche à comprendre comment fonctionne notre écosystème
 



 Tu as envie d’apprendre et de bien faire les choses
 



 Tu es éveillé(e) et tu communiques sans difficulté tant en Français qu'en Anglais.
 



 Tu recherches une portée internationale dans tes attributions🌍
 



  





**NOTRE OFFRE :**




  





 Tu rejoins un environnement où ton expertise est visible, où la proximité métier est réelle et où la performance n’est pas une option mais une exigence quotidienne.
 


* Exposition directe aux desks
* Rôle stratégique au cœur du Front Office
* Impact immédiat en production
* Sujets techniques complexes
* Environnement international



  





 Si tu veux rester dans une tour d’ivoire technique sans exposition métier, ce n’est pas ici.
 



 Si tu veux développer des systèmes utilisés en temps réel par des traders, on peut se parler.
 



  





 Rémunération à partir de 3800€ nets avant impôts
 



  





 Passe nous faire un check sur www.xrays.fr ! 🚀","Financial Services","https://fr.linkedin.com/company/xrays-engineering","https://media.licdn.com/dms/image/v2/C4E0BAQEcDx9csB8ebQ/company-logo_100_100/company-logo_100_100/0/1649239731937/xrays_engineering_logo?e=2147483647&v=beta&t=lo2qqVtughIqYIK6cHjjugxlGh1pRNVMCvZ73GiJeQk","","","","","","","","","","",""
"li-3959024457","linkedin","https://www.linkedin.com/jobs/view/3959024457","","Développeur C++ (H/F)","Davidson consulting","Strasbourg, Grand Est, France","2026-09-15","fulltime","","","","","",False,"entry level","Engineering and Information Technology","","","Rejoindre Davidson, ce n’est pas seulement intégrer un groupe de 3000 consultants dans 6 pays et 2 continents, c’est intégrer LA société qui a été élue par ses salariés Great Place To Work France et Europe pendant 4 ans mais aussi une des plus grandes B Corp de France, nommée Best of the World dans la catégorie “collaborateurs” en 2022 ! (Les “B Corp” formant une communauté de sociétés qui ont décidé d’être non pas les meilleures du monde mais les meilleures POUR le monde).
   

  

 Parce que notre développement repose sur des principes forts :
   

  

* Un profond respect de l’ensemble de nos parties prenantes : consultant(e)s, clients et fournisseurs. Car si le travail “ne fait pas le bonheur”, il peut cependant “faire le malheur”. Nous nous engageons donc à écouter et agir avec honnêteté.
* Une égalité des chances dans le traitement de nos candidatures et dans la gestion de carrière de nos salarié(e)s. Nous croyons en un milieu de travail où équité F/H, inclusion et diversité sont la norme.
* Une empreinte environnementale minimale, et sociétale maximale. C’est pourquoi, au\-delà des missions que vous réaliserez, vous pourrez également contribuer à des projets que Davidson soutient : missions de solidarité internationale (avec Planète Urgence), bénévolat auprès d’associations (chaque Davidsonien(ne) dispose de 3 jours par an pour intervenir à leurs côtés), accompagnement d’étudiant(e)s issus de milieux peu favorisés (avec Article 1\), investissement dans des startups développant des solutions innovantes, actions collectives et individuelles pour la réduction de notre impact carbone…
* Un Management adhocratique basé sur la mise en œuvre des principes de “l’entreprise horizontale” et du “management tribal”. Sur ce dernier point une précision d’importance : le bien\-être au travail est un luxe qu’il faut pouvoir s’offrir en étant une entreprise “solide”. Ceci induit pour les Davidsonien(ne)s d’allier prises d’initiative, engagement et professionnalisme. Car “sans travail, le talent n’est qu’une sale manie”. Et cela nous incite à chercher à recruter des personnes… meilleures que nous…


 Nous encourageons les candidatures de personnes en situation de handicap, et nous nous engageons à répondre au mieux à leurs besoins spécifiques.
   

  

**Profil / Mission**
 Au sein de nos équipes tech, tes activités porteront sur :
   

  

* L’analyse de l’architecture pour l’évaluation des améliorations
* La conception et le développement d’applications C\+\+ avec des complexités algorithmiques fortes (multithreading/temps réel)
* L’automatisation des tests (Ansible, Puppet …)
* La gestion des versions (Git)
* L’intégration continue (Maven, Jenkins …)
* Ceci dans le respect des bonnes pratiques de qualité logicielle (TDD, BDD, Clean Code …)


**Compétences requises ou à acquérir**
* Diplômé(e) d’un Bac \+5
* Familier(ère) avec les problématiques liées au contexte multi\-threads et aux environnements à forte charge
* Expertise objet


**Aptitudes / Savoir\-être**
* Teamplayer
* Curiosité
* Envie de progresser


**Description du pôle** 
**Métiers des infrastructures, de la virtualisation et du cloud**
 Parmi les changements les plus significatifs dans le monde du numérique au cours des 10 dernières années, il y a évidemment la transformation radicale des infrastructures. Aux serveurs bare\-metal et applications hébergées localement ont succédé des VM, hyperviseurs, containers, SaaS déployés dans des architectures de clouds privés externes/internes, publics ou hybrides. Induisant une évolution profonde de la manière de penser les projets et ressources IT au sein des entreprises.
   

  

**Davidson Accompagne L’ensemble De Ses Clients Sur**
* Des expertises technologiques (VMware, Docker, OpenStack, Kubernetes, Azure, AWS, GCP, etc.)
* Des projets de migration vers le cloud (applications et données)","Business Consulting and Services","https://fr.linkedin.com/company/davidson-consulting","https://media.licdn.com/dms/image/v2/C4E0BAQFdSPFzWWPyEA/company-logo_100_100/company-logo_100_100/0/1630594613647/davidson_consulting_logo?e=2147483647&v=beta&t=6ay6tLMxEn--prfNR1jySIXZiJM5lQpG3zRUfVul8hc","","","","","","","","","","",""
"li-4467086539","linkedin","https://www.linkedin.com/jobs/view/4467086539","","ingénieur développement logiciel C++/QT - énergie H/F","Viveris","Puteaux, Île-de-France, France","2026-09-14","fulltime","","","","","",False,"associate","Information Technology","","","Viveris est un groupe de conseil et d'ingénierie spécialisé dans la conduite et la réalisation de projets dans les domaines de l'informatique et de l'électronique.
   

  

 S'engager avec Viveris, c'est l'assurance de relever des défis techniques et humains tout en travaillant sur des projets innovants dans un environnement collaboratif et solidaire.
   

  

 Contexte:
   

  

 Dans le cadre de projets industriels à fortes exigences de qualité, de fiabilité et de traçabilité, vous intervenez sur le développement d'applications logicielles intégrant des interfaces homme\-machine destinées à des environnements techniques exigeants. Au sein d'une équipe projet, vous participez à la conception, au développement et à la maintenance d'interfaces graphiques sous Qt, en veillant à la qualité, à l'ergonomie et à la robustesse des solutions développées. Les activités sont réalisées dans un environnement structuré reposant sur des processus de gestion de configuration, de suivi des anomalies et de traçabilité des exigences. 
   

  

  

 Missions:
   

  

  

  

 \- Vous aurez la charge de développer de nouvelles fonctionnalités et de faire évoluer les interfaces graphiques existantes sous Qt.
   

  

  

  

 \- Vous serez amené à analyser les besoins fonctionnels et à proposer des solutions techniques adaptées aux exigences du projet.
   

  

  

  

 \- Vous aurez la responsabilité de réaliser les développements logiciels dans le respect des standards de qualité et des bonnes pratiques de codage.
   

  

  

  

 \- Vous serez amené à effectuer les tests unitaires et à contribuer aux activités d'intégration et de validation logicielle.
   

  

  

  

 \- Vous aurez en charge la maintenance corrective et évolutive des applications afin d'en garantir la performance et la fiabilité.  
   

  

  

  

 \- Vous participerez aux revues de code et aux actions d'amélioration continue des développements.
   

  

  

  

 \- Vous serez responsable de l'utilisation et du suivi des outils de gestion de configuration et de gestion des anomalies.
   

  

  

  

 \- Vous veillerez à assurer la traçabilité des développements réalisés au regard des exigences du projet.
   

  

  

  

 \- Vous contribuerez à la production de la documentation technique associée aux développements.
   

  

  

  

 Compétences:
   

  

  

  

 \- Vous maîtrisez le développement logiciel en C\+\+.  
   

  

  

  

 \- Vous justifiez d'une expérience significative dans le développement d'interfaces graphiques avec Qt.
   

  

  

  

 \- Vous évoluez aisément dans des environnements Linux.
   

  

  

  

 \- Vous utilisez quotidiennement les outils de gestion de versions tels que Git.
   

  

  

  

 \- Vous êtes à l'aise avec les outils de suivi d'activités et d'anomalies tels que Jira.
   

  

  

  

 \- Vous possédez une bonne compréhension des principes de traçabilité des exigences.
   

  

  

  

 \- Vous appliquez les bonnes pratiques de développement, de test et d'intégration logicielle.
   

  

  

 Profil recherché :
   

  

  

  

 \- Vous êtes diplômé d'une formation supérieure en informatique, génie logiciel ou équivalent (Bac\+5 ou école d'ingénieur).
   

  

  

  

 \- Vous justifiez d'au moins 4 années d'expérience en développement Qt/C\+\+.
   

  

  

  

 \- Vous êtes reconnu pour votre rigueur et votre sens de la qualité.
   

  

  

  

 \- Vous êtes capable d'évoluer dans un environnement industriel exigeant et structuré.
   

  

 Nos avantages:
   

  

  

  

 \- Rémunération attractive et évolutive,
   

 \- Mutuelle familiale à garanties hautes ,
   

 \- Tickets restaurant pris en charge à 60 %,
   

 \- 100 % titre de transport urbain remboursé,
   

 \- Primes d'intéressement, de participation et de cooptation,
   

 \- Formation continue avec LinkedIn Learning et nos communautés techniques.
   

  

  

  

 Ref : 30887171","Software Development","https://fr.linkedin.com/company/viveris","https://media.licdn.com/dms/image/v2/D560BAQHOljMcvBERDg/company-logo_100_100/B56Z.taRNkHIAI-/0/1785320773760/viveris_logo?e=2147483647&v=beta&t=GWzJmNe2lJwtdhJvPWK0lF8p9s3-ya_xsBdjAUZB1Os","","","","","","","","","","",""
"li-4458204369","linkedin","https://www.linkedin.com/jobs/view/4458204369","","Ingenieur Développement C++ - Applications Bâtiment (F/H)","Dassault Systèmes","Aix-en-Provence, Provence-Alpes-Côte d'Azur, France","2026-09-14","fulltime","","","","","",False,"entry level","Engineering and Information Technology","","","Rejoignez l'équipe CATIA R\&D Construction, en tant qu'Ingénieur développement. Nous sommes en charge du développement des solutions du futur pour l’industrie du bâtiment.
   

  

 Pour en savoir plus sur nos activités dans le domaine de la Construction : https://www.3ds.com/fr/industries/architecture\-engineering\-construction
   

  

 Vous serez au cœur de la transformation de l’industrie du bâtiment en participant à la réalisation des applications 3DEXPERIENCE CATIA à destination de tous les intervenants d’un projet de bâtiment. L’objectif est de diminuer les temps de conception et de construction tout en améliorant la qualité et d’adopter une approche modulaire.
   

  

**Poste en CDI, basé à Aix\-en\-Provence (13\)**
**Vos missions :**
 Pour cela vous serez amené.e à :
   

  

* Travailler principalement dans les applications wintop de CATIA au sein de la plateforme 3DEXPERIENCE en C\+\+
* Etre à l’écoute des clients, synthétiser et formaliser leur processus et leurs demandes
* Trouver des solutions innovantes pour résoudre les problèmes auxquels vous êtes confrontés


 Le développement de ces applications se fait principalement en C\+\+. Ce poste vous permettra de vous épanouir dans un métier doublement passionnant mêlant la construction et l’ingénierie logicielle.
   

  

**Vos qualifications :**
 Titulaire d'un Diplôme d'ingénieur ou master universitaire, avec une spécialisation en Informatique / Développement.
   

  

 Vous souhaitez valoriser une
 **première expérience professionnelle dans un contexte similaire, stage ou apprentissage inclus.**
 Compétences en développement C\+\+
   

  

 Niveau d'anglais courant écrit comme oral.
   

  

**Nous rejoindre c'est aussi**
 Intégrer une entreprise scientifique au cœur de l’innovation technologique, portée par une forte croissance depuis plus de 40 ans
   

  

**Principaux avantages et bénéfices :**
 Environnement multiculturel
   

  

 Cadre de travail convivial axé sur le bien\-être et la santé
   

  

 Engagement en faveur de la diversité et de l’inclusion
   

  

 Politique dynamique de développement de carrière : plan de formation, mobilités internes, etc.
   

  

 Inclusion statement
   

  

 As a game\-changer in sustainable technology and innovation, Dassault Systèmes is striving to build more inclusive and diverse teams across the globe. We believe that our people are our number one asset and we want all employees to feel empowered to bring their whole selves to work every day. It is our goal that our people feel a sense of pride and a passion for belonging. As a company leading change, it’s our responsibility to foster opportunities for all people to participate in a harmonized Workforce of the Future.","Software Development, IT Services and IT Consulting, and Research Services","https://fr.linkedin.com/company/dassaultsystemes","https://media.licdn.com/dms/image/v2/C560BAQHroRzeNTva6Q/company-logo_100_100/company-logo_100_100/0/1631330934922?e=2147483647&v=beta&t=Y_LaLgUh3t_AY4PloiAtAbGGfEr2fGl7C4_RBhQ7Vok","","","","","","","","","","",""
"li-4343853801","linkedin","https://www.linkedin.com/jobs/view/4343853801","","Développeur back-end C++ (F/H)","Novencia Group","Paris, Île-de-France, France","2026-09-14","fulltime","","","","","",False,"mid-senior level","Consulting and Research","","","Novencia accompagne ses clients dans leurs projets de transformation digitale, technologique et data.
 



 Développeur Back\-end C\+\+ (F/H) depuis au moins 6 ans, tu es à la recherche de nouveaux défis. Boucle ta ceinture, la suite est pour toi !
 



 Nos 35 référencements auprès de Grands Comptes et bien d autres à venir offrent un large champ de possibles : Banque, Assurance, Retail, Luxe !
 



  





**Descriptif du poste** 
 :
 



  





 Nos nombreux référencements offrent un large champ des possibles ! Évidemment, nous privilégions les environnements innovants et donc organisés autour de méthodologie Agile et philosophie DevOps.
 



 Exemples de contexte mission :
 



 Contexte 1 : Participation au développement, à la maintenance et à l’amélioration d’une application de Deal Capture. Cette application centrale du Trade Processing permet la saisie des IRD (Dérivés taux intérêt), des futures et des bonds. Elle compte plus de 2000 utilisateurs réguliers à travers 42 pays. Au sein d’une équipe constituée d’une vingtaine de développeurs et d’une quinzaine de business analyst, le développement de cette application est réalisé à l’échelle internationale.
 



 Environnement technique : C\+\+14, Visual Studio 2015\-2022, C\# .NET 4\.8, environnement Windows, CPPUnit, Python et Robot, Oracle 19, PL/SQL, procedures stockées
 



  





 Contexte 2 : Au sein d’une banque d’investissement, problématiques d’architecture, de performance et de temps réel pour un outil de trading permettant aux traders la visualisation de l’état du marché, le calcul des risques et la gestion des ordres.
 



 Environnement technique : C\+\+14, Python, Visual Studio 2015\-2022
 



  





  





**Descriptif du profil** 
 :
 



  





 DE LA TECHNIQUE ET DE LA PERSONNALITÉ
 



 Tu possèdes des compétences en C\+\+ et Python
 



 Fort intérêt pour la culture du Software Craftsmanship
 



 Tu interviens dans des contextes techniques et métiers exigeants
 



 Tu as une appétence pour l’univers de la finance
 



 S’engager en faveur du handicap c’est garantir l’égalité des chances dès le recrutement. Nos postes sont ouverts aux personnes en situation de handicap.","Information Technology & Services","https://fr.linkedin.com/company/novencia","https://media.licdn.com/dms/image/v2/D4E0BAQHJf8EhQ8WPTA/company-logo_100_100/B4EZ7e4KB9JgAI-/0/1781855723974/novencia_logo?e=2147483647&v=beta&t=xu9o1M7-4hkM1fR2ABOIrWnKiFcO6PuFD2o8kSyu46o","","","","","","","","","","",""
"li-4465225497","linkedin","https://www.linkedin.com/jobs/view/4465225497","","Développeur C++ (H/F)","MERITIS","Sophia Antipolis, Provence-Alpes-Côte d'Azur, France","2026-09-14","fulltime","","","","","",False,"mid-senior level","Consulting","","","Meritis est un cabinet de conseil, pilotage et développement IT fondé en 2007 présent à Paris, Sophia\-Antipolis, Aix\-en\-Provence, Montpellier, Toulouse, Nantes... Et bientôt sur de nouveaux territoires ! Notre mission ? Connecter les meilleurs talents aux entreprises pour leur donner un temps d’avance.
   

  

 Nous accompagnons nos clients dans l’intégralité de leurs besoins en transformation numérique à travers de nombreux domaines d’expertises : Software Engineering, Finance, Pilotage de projets, Devops, Data, Cloud, Cybersécurité ou encore Agilité.
   

  

 Intervenant aussi bien dans les secteurs de la Banque, de l'Assurance, des Télécommunications que de l'Industrie ou des Transports, aujourd'hui 40% des entreprises du CAC40 sont clientes Meritis.
   

  

 Fort de nos valeurs d’exigence, d’humilité, de bienveillance et de proximité, nous comptons aujourd’hui plus de 900 collaborateurs.
   

  

 Nous mettons un point d’honneur à être proche de nos collaborateurs et à les accompagner de manière individualisée quelles que soient leurs fonctions dans l’entreprise. Certifiée Great Place To Work depuis 2013, notre conception du bien\-être au travail va bien au\-delà d'un simple label, ce sont nos collaborateurs qui en parlent le mieux : https://www.glassdoor.fr/Avis/Meritis\-Avis\-E1163008\.htm.
   

  

**Description Du Poste**
 Dans le cadre du développement et de l’évolution d’une plateforme critique à forte volumétrie, nous recherchons un
 **Développeur C\+\+ (H/F)** 
 pour rejoindre une équipe internationale travaillant sur des systèmes distribués à haute performance, la mission consiste à :
   

  

* Concevoir et développer des fonctionnalités en C\+\+ dans un environnement complexe et distribué
* Participer à l’analyse technique et aux choix d’architecture
* Optimiser les performances et la consommation mémoire des applications
* Rédiger un code propre, maintenable et documenté
* Participer aux revues de code et aux bonnes pratiques de développement
* Contribuer à l’amélioration continue et à l’automatisation des tests
* Participer à des tâches DevOps


**Qualifications**
* Diplôme d'ingénieur ou Bac\+5 en informatique
* 1 à 3 ans d'expérience
* Maitrise de C\+\+
* Des compétences en DevOps (Kubernetes, docker, jenkins) et en Cloud public sont un plus
* Des appétences pour le Golang sont un plus
* L'anglais est mandatory (écrit et oral)


**Informations supplémentaires**
* Des parcours professionnels sur mesure (évolution de carrière, formations adaptées, mentoring…) ;
* Avoir le choix de sa mission et un accompagnement personnalisé tout au long de votre carrière ;
* Evoluer dans un environnement où l’apprentissage est favorisé : formations certifiantes, e\-learning, meetUp, concours de code, parcours d’évolutions etc ;
* Faire partie de communautés d’experts qui partagent leurs savoirs et expériences au sein de nos centres de compétences ;
* Un environnement convivial avec de nombreux événements festifs (soirée annuelle, séminaires \& teambuiding, déjeuners et afterworks…) ;


*""Meritis est engagée dans la Responsabilité Sociétale des Entreprises. Nous valorisons notre impact positif sur la société et l'environnement. Notre démarche RSE guide chacune de nos actions pour promouvoir l'équité, la durabilité et le bien\-être de nos collaborateurs. Rejoignez\-nous pour être partie prenante de cette démarche responsable, où chacun de nos talents contribue à construire un avenir meilleur.*
*Nos différences sont nos atouts. C’est pourquoi Meritis s'implique en faveur de la diversité et de la non\-discrimination. Tous nos métiers sont accessibles aux personnes en situation de handicap.""*","Software Development and IT Services and IT Consulting","https://fr.linkedin.com/company/meritis-b-corp%E2%84%A2","https://media.licdn.com/dms/image/v2/D4E0BAQET4dYEHMJNUw/company-logo_100_100/B4EZkEUjrwGwAQ-/0/1756714122749/meritis_b_corp_logo?e=2147483647&v=beta&t=hycpPWi_4Qs6MJEG7vudcOC7n6HAcuAruCZGB-m9Yk8","","","","","","","","","","",""
"li-4467081562","linkedin","https://www.linkedin.com/jobs/view/4467081562","","Ingénieur développement logiciel applicatif C++/Linux H/F","Viveris","Héry, Bourgogne-Franche-Comté, France","2026-09-14","fulltime","","","","","",False,"associate","Information Technology","","","Viveris est un groupe de conseil et d'ingénierie spécialisé dans la conduite et la réalisation de projets dans les domaines de l'informatique et de l'électronique.
   

  

 S'engager avec Viveris, c'est l'assurance de relever des défis techniques et humains tout en travaillant sur des projets innovants dans un environnement collaboratif et solidaire.
   

  

 Contexte de la mission :
   

  

 Notre client est leader dans la conception et la production de systèmes pyrotechniques. Dans un environnement atypique et innovant, vous contribuerez au développement de logiciels embarqués et applicatifs critiques, destinés à des systèmes industriels de pointe.
   

  

 Vos Responsabilités :
   

  

  

  

  

 \- Concevoir, développer et maintenir des applications logicielles en C\+\+ sous environnement Linux, en respectant les normes industrielles et les bonnes pratiques de codage ;
   

 \- Optimiser les performances et la fiabilité des logiciels embarqués ;
   

 \- Participer aux phases de tests, de validation et de correction des anomalie ;
   

 \- Contribuer à la planification et au suivi des projets logiciels, en collaboration avec les chefs de projet et le PO ;
   

 \- Assurer le respect des délais, des budgets et des exigences qualité ;
   

 \-  Rédiger et maintenir la documentation technique ;
   

 \- Travailler en étroite collaboration avec les équipes matérielles, systèmes et métiers pour garantir l'intégration fluide des solutions logicielles ;
   

 \- Proposer des améliorations techniques et participer à la veille technologique.
   

  

  

 Le poste est idéalement basé sur le site client à Héry. Si la mission est réalisée depuis Paris, des déplacements hebdomadaires sur le site d'Héry seront à prévoir.
   

  

  

  

 Profil Recherché :
   

  

 Titulaire d'un diplôme d'ingénieur ou équivalent en informatique, électronique embarquée ou dans un domaine connexe avec au moins 5 ans d'expérience en développement logiciel applicatif ou embarqué en C\+\+ sous environnement Linux. Une expérience en gestion de projet ou en coordination d'équipes techniques constitue un atout supplémentaire.
   

  

 Environnement Technique :
   

  

  

  

 \- Langages : C\+\+ ;
   

 \- Systèmes : Linux ;
   

 \- Méthodologie : Agile / Scrum ;
   

 \- Outils : Git ;
   

 \- Protocoles industriels : CAN, Modbus (apprécié) ;
   

 \- Build \& tests : CMake, Makefile, outils de tests automatisés.
   

  

  

 Nos avantages :
   

  

  

  

 \- Rémunération attractive et évolutive,
   

 \- Mutuelle familiale à garanties hautes,
   

 \- Tickets restaurant pris en charge à 60 %,
   

 \- 100 % titre de transport urbain remboursé,
   

 \- Primes d'intéressement, de participation et de cooptation,
   

 \- Jusqu'à 2 jours de télétravail par semaine,
   

 \- Formation continue avec LinkedIn Learning et nos communautés techniques.
   

  

  

 Ref : 30887232","Software Development","https://fr.linkedin.com/company/viveris","https://media.licdn.com/dms/image/v2/D560BAQHOljMcvBERDg/company-logo_100_100/B56Z.taRNkHIAI-/0/1785320773760/viveris_logo?e=2147483647&v=beta&t=GWzJmNe2lJwtdhJvPWK0lF8p9s3-ya_xsBdjAUZB1Os","","","","","","","","","","",""
"li-4467217576","linkedin","https://www.linkedin.com/jobs/view/4467217576","","Développeur C++ (H/F)","SoHoft","Toulouse, Occitanie, France","2026-09-14","fulltime","","","","","",False,"executive","Information Technology and Engineering","","","SoHoft est une jeune société de conseil à taille humaine basée à Toulouse. Notre identité s'articule autour de 3 empreintes : SoTech, SoGood, SoOffTheWall.
   

  

 SoTech c'est s'engager à proposer la meilleure des expertises techniques à ses collaborateurs et clients. Consultants et Coachs forment une équipe complémentaire prête à relever les enjeux ""tech"". Quand on parle tous le même langage, en général, on se comprend.
   

  

 L'idée ! Grandir ensemble, développer nos compétences, satisfaire nos clients.
   

  

 \#TeamDev \#TestFactory \#DevOps \#Infra\&Cloud \#SafeTeam \#DataDriver \#LeadMyProject
   

  

 SoGood c'est s'engager à mettre à disposition le meilleur environnement de travail.
   

  

 Une équipe qui se régale techniquement c'est bien mais le faire dans un cadre qui te fait vivre une belle expérience de consultant c'est encore mieux !
   

  

 SoOffTheWall c'est s'engager à faire vivre des expériences qui permettent d'aller au\-delà. Bien faire son métier c'est bien mais pourquoi s'arrêter là ?
   

  

**POSTE / MISSIONS**
 SoWho !?
   

  

 Pour accompagner notre client nous recherchons un Développeur C\+\+. Un poste à la croisée du développement, de la maintenance applicative et du support, avec un vrai impact sur une solution métier utilisée au quotidien.
   

  

 SoWhat !?
   

  

 Tu interviendras progressivement sur l'ensemble du cycle de vie de la solution :
   

  

* Prendre en main l'existant : documentation technique, spécifications et conception.
* Analyser les demandes et comprendre les besoins fonctionnels et techniques.
* Concevoir et développer de nouvelles fonctionnalités en C\+\+.
* Participer activement à la maintenance en conditions opérationnelles de la solution.
* Contribuer aux activités de support et à l'analyse des problématiques rencontrées.
* Intervenir sur une application SIG s'appuyant sur PostgreSQL / PostGIS.
* Maintenir et enrichir la documentation technique.
* Former et accompagner les collaborateurs ou les utilisateurs externes sur les outils et méthodes.
* Participer à l'amélioration continue de la solution et de ses pratiques de développement.


**PROFIL RECHERCHÉ**
 Tu disposes d'une expérience en développement C\+\+ et tu apprécies les environnements où il faut à la fois comprendre l'existant, développer, maintenir et résoudre des problématiques concrètes.
   

  

**Tu Maîtrises Idéalement**
* C\+\+
* PostgreSQL / PostGIS
* Environnement Windows
* Git
* Visual Studio (2008 à 2022\)
* Une sensibilité aux environnements SIG / géomatique serait un vrai plus.
* La connaissance de DigDash est également appréciée.


**Au\-delà De La Technique, Nous Recherchons Une Personne**
* À l'aise dans le travail en équipe
* Méthodique et rigoureuse
* Pragmatique et orientée résolution de problèmes
* Attachée à la qualité et au respect des délais
* Organisée et capable de prendre progressivement de l'autonomie


 Si tu aimes les applications techniques qui ont une vraie finalité métier et que le C\+\+ \+ SIG \+ données géographiques t'intéresse, cette mission devrait te parler.
   

  

 SoHow !?
   

  

 📍 Poste basé à Toulouse
   

  

 On se prend un café (ou autre), on échange, et ensuite on passe aux choses sérieuses.
   

  

 Of course, ce poste est ouvert aux salariés bénéficiant d'une reconnaissance de la qualité de Travailleur Handicapé (RQTH).","IT Services and IT Consulting","https://fr.linkedin.com/company/sohoft","https://media.licdn.com/dms/image/v2/D560BAQEmg1XI8zJJsA/company-logo_100_100/company-logo_100_100/0/1706952730995/sohoft_logo?e=2147483647&v=beta&t=6BcOY8m55ldmgkzJDSkyx8RWluijsSDz4qTzfIG7mmo","","","","","","","","","","",""
"li-4465781583","linkedin","https://www.linkedin.com/jobs/view/4465781583","","Ingénieur développement Linux C++/Rust (F/H)","Devialet","Paris, Île-de-France, France","2026-09-14","fulltime","","","","","",False,"mid-senior level","Information Technology","","","**VOTRE MISSION** 




 Chez DEVIALET, vous interviendrez sur le middleware au sein de l’équipe Embedded Applications. Cette équipe est responsable de la brique logicielle qui anime Phantom, Mania, Dione, Astra et nos futurs produits.
 



 Véritable pierre angulaire du software DEVIALET, le middleware est l’interface entre l’application mobile, le matériel et le pipeline audio. Ce middleware permet notamment à l’utilisateur de profiter de tous ses services de streaming et de distribuer l’audio sur l’ensemble de ses enceintes DEVIALET.
 



**RESPONSABILITÉS PRINCIPALES** 




 Chez nous, vous serez amené à travailler sur l’enrichissement de l’écosystème DEVIALET, ce qui inclut :
 


* Travailler à la conception de produits d’exception
* Des challenges d’architecture distribuée en environnement réseau non\-contrôlé
* Une variété de domaines d’expertise allant des couches bas niveau jusqu’au domaine de l’expérience utilisateur et de ses use cases
* Des conditions de design impliquant robustesse aux changements et attention aux détails
* Concevoir, développer et maintenir les composants logiciels qui animent les produits DEVIALET et en maîtriser le fonctionnement
* Participer aux revues de conception et aux revues de code sur GitHub
* Travailler avec les autres équipes logicielles (BSP, Pipeline, App mobile) pour définir les API et les mécanismes nécessaires à l'accès aux services audio
* Reproduire, isoler et corriger des problèmes complexes
* Écrire, relire et maintenir la documentation des composants et de leurs interactions
* Intégrer de nouveaux services de streaming et assistants vocaux (AirPlay 2, Roon Ready, Spotify, UPnP, Bluetooth), en contact direct avec les équipes techniques des fournisseurs de ces services



 Qualifications requises :
 


* 5 ans ou plus d'expérience en développement logiciel en entreprise, en environnement Linux (embarqué ou non)
* Maîtrise de la programmation avec Rust et C\+\+17/Qt
* Capacité à écrire des scripts shell et des units systemd
* Connaissances en réseau : TCP, UDP, ipv6, mDNS, etc
* Compétences en débogage de systèmes complexes
* Maîtrise du système de gestion de versions Git et de suivi de bugs Jira
* Sens des responsabilités et de l’ownership, vous accordez de l’importance à la qualité et à la stricte nécessité de vos livrables
* Aptitudes à l’apprentissage de nouveaux métiers et aux collaborations interdisciplinaires
* Capacité à concevoir et développer du code maintenable bien documenté et testé
* Bonne compréhension des tests unitaires et des stratégies de conception promouvant la testabilité
* Un niveau suffisant en anglais technique



 Qualifications appréciées :
 


* Une expérience avec Yocto est un plus
* Connaissance de dbus et de gstreamer très appréciée
* Développement embarqué et/ou en applications temps réel
* Connaissance des stacks Bluetooth et Wi\-Fi
* Une première expérience sur HDMI est un plus
* Expérience du transport de l'audio sur réseau sans fil et compréhension des contraintes de timing, de latence et de fiabilité
* Expérience avec les mesures de performances sur systèmes embarqués et optimisation
* Fortes connaissances en algorithmique et structures de données
* La maîtrise du multithreading en C\+\+ et de l’async rust sont des plus



**SAVOIR\-ÊTRE** 



* Passionné(e) par l’expérience client de produits à la croisée du luxe, du lifestyle et de la technologie. La passion pour l’audio est un plus.
* Autonome, proactif(ve) et rigoureux(se), capable de trouver seul(e) des solutions à des problèmes complexes. État d’esprit dynamique et entrepreneurial.
* Séduit(e) par l’idée de prendre part à un projet ambitieux et innovant, avec un impact décisif sur l’industrie. Sensibilité aux enjeux marché, produit et business.","Computers and Electronics Manufacturing","https://fr.linkedin.com/company/devialet","https://media.licdn.com/dms/image/v2/C4E0BAQHRp_MFDL1aUg/company-logo_100_100/company-logo_100_100/0/1654174640011/devialet_logo?e=2147483647&v=beta&t=J8nTLIiAMFjga9CBdRvtQSOhQtq9TmtWIzokS-OIAV0","","","","","","","","","","",""
"li-4464766902","linkedin","https://www.linkedin.com/jobs/view/4464766902","","Développeur C/C++ système d'arme (H/F)","Groupe SII","Paris, Île-de-France, France","2026-09-14","fulltime","","","","","",False,"not applicable","Engineering and Information Technology","","","Au sein de l’Agence
 **Engineering \& Cyber** 
 , nous accompagnons nos clients Grands Comptes depuis 40 ans. Véritable partenaire des acteurs majeurs du secteur comme Thales, Airbus, ArianeGroup, MBDA, Dassault Aviation, Nexter, nous garantissons un accès privilégié aux projets à forte valeur ajoutée à tous nos collaborateurs grâce à notre référencement préférentiel.
 



 Aujourd'hui plus que jamais, la défense est un secteur stratégique Français qui nécessite des compétences pointues. Conscient de ces enjeux, le Groupe SII est un partenaire privilégié des constructeurs et des équipementiers de cette industrie.
 



**Description** 




 Vous ferez partie intégrante de nos projets de développement logiciel sur des systèmes d’armes terrestre ou embarqué sur du naval. La mission consiste au développement de logiciel des Systèmes D'armes terrestre ou embarqué sur du Naval, avec intégration au sein d’une équipe déjà en place et un accompagnement sur les aspects fonctionnels et techniques.
 



 Vous serez le maillon fort de cette chaîne de création alors osez mettre en avant vos compétences et votre savoir\-faire ! Investissez\-vous dans nos projets innovants !
 



**Qualifications** 




 Vous êtes diplômé(e) d’une école d’ingénieur ou disposez d’un Master vous offrant une formation niveau BAC\+5\. Vous êtes rigoureux(se), organisé(e) et créatif(ve) et vous souhaitez faire partie intégrante d’un projet innovant et ambitieux dans un grand groupe industriel.
 



**Vous Justifiez De Compétences En** 



* Développement C\+\+ et/ou C
* Modélisation, conception logiciel
* Rédaction des spécifications
* Codage logiciel (applicatif embarqué temps réel)
* Test logiciel (unitaire)



 Vous interviendrez sur l'ensemble du cycle en V (conception, développement, validation).
 



**Ce poste nécessite l’obtention d’une habilitation défense.** 




**a Propos De Sii** 




 Le groupe SII est au cœur de l’innovation au service de grands comptes dans des secteurs d’ingénierie variés. En 2024, pour la 7ème année consécutive, SII France a obtenu le label Great Place To Work®.
 



 Ce succès est le reflet de notre culture basée sur notre volonté de proposer à tous nos salariés un cadre de travail épanouissant pour le développement de leurs compétences et carrières.
 



 Rejoindre SII, c’est s’engager dans une aventure collective :
 **Let’s Tech Together !** 




 Cette promesse représente notre ambition commune : construire un futur technologique ensemble, dans un cadre où l'expérimentation et l'autonomie sont encouragées, où les innovations sont au cœur de nos actions, et où chaque collaborateur trouve épanouissement professionnel et responsabilisation au sein d'un collectif enthousiaste et inclusif.
 



 En tant que société à fortes valeurs humaines, nous sommes signataires de la Charte de la Diversité, de la Charte d'engagement LGBT\+ avec l'Association l'autre Cercle et sommes une entreprise Handi\-accueillante.
 



 Let’s Tech Together incarne ce que nous sommes et ce que nous aspirons à être :
 



 une entreprise dynamique, innovante et humaine. Alors si ces valeurs vous parlent, rejoignez\-nous !","IT Services and IT Consulting","https://fr.linkedin.com/company/sii","https://media.licdn.com/dms/image/v2/C4E0BAQGQikS9Fd-3Kw/company-logo_100_100/company-logo_100_100/0/1631320379623?e=2147483647&v=beta&t=kswbbVTSFv12gfxoKt5daDaK2UqPW-E3wwmaBVLRMOY","","","","","","","","","","",""
"li-4465767723","linkedin","https://www.linkedin.com/jobs/view/4465767723","","Ingénieur Sénior Développement Linux C++/Rust (F/H)","Devialet","Paris, Île-de-France, France","2026-09-14","fulltime","","","","","",False,"mid-senior level","Information Technology","","","**VOTRE MISSION** 




 Chez DEVIALET, vous interviendrez sur le middleware au sein de l’équipe Embedded Applications. Cette équipe est responsable de la brique logicielle qui anime Phantom, Mania, Dione, Astra et nos futurs produits.
 



 Véritable pierre angulaire du software DEVIALET, le middleware est l’interface entre l’application mobile, le matériel et le pipeline audio. Ce middleware permet notamment à l’utilisateur de profiter de tous ses services de streaming et de distribuer l’audio sur l’ensemble de ses enceintes DEVIALET.
 



**RESPONSABILITÉS PRINCIPALES** 




 Chez nous, vous serez amené à travailler sur l’enrichissement de l’écosystème DEVIALET, ce qui inclut :
 


* Travailler à la conception de produits d’exception
* Des challenges d’architecture distribuée en environnement réseau non\-contrôlé
* Une variété de domaines d’expertise allant des couches bas niveau jusqu’au domaine de l’expérience utilisateur et de ses use cases
* Des conditions de design impliquant robustesse aux changements et attention aux détails
* Concevoir, développer et maintenir les composants logiciels qui animent les produits DEVIALET et en maîtriser le fonctionnement
* Participer aux revues de conception et aux revues de code sur GitHub
* Travailler avec les autres équipes logicielles (BSP, Pipeline, App mobile) pour définir les API et les mécanismes nécessaires à l'accès aux services audio
* Reproduire, isoler et corriger des problèmes complexes
* Écrire, relire et maintenir la documentation des composants et de leurs interactions
* Intégrer de nouveaux services de streaming et assistants vocaux (AirPlay 2, Roon Ready, Spotify, UPnP, Bluetooth), en contact direct avec les équipes techniques des fournisseurs de ces services



 Qualifications requises :
 


* 10 ans ou plus d'expérience en développement logiciel en entreprise, en environnement Linux (embarqué ou non)
* Solide expérience en élaboration de l’architecture des systèmes logiciels complexes, de préférence, avec les aspects distribués et/ou asynchrones
* Maîtrise approfondie de la programmation avec Rust et C\+\+17/Qt
* Capacité à écrire des scripts shell et des units systemd
* Connaissances en réseau : TCP, UDP, ipv6, mDNS, etc
* Solides compétences en débogage de systèmes complexes
* Excellente maîtrise du système de gestion de versions Git et de suivi de bugs Jira
* Sens des responsabilités et de l’ownership, vous accordez de l’importance à la qualité et à la stricte nécessité de vos livrables
* Aptitudes au soutien technique des ingénieurs moins expérimentés, à l’apprentissage de nouveaux métiers et aux collaborations interdisciplinaires
* Capacité démontrée à concevoir et développer du code maintenable bien documenté et testé
* Bonne compréhension des tests unitaires et des stratégies de conception promouvant la testabilité
* Anglais indispensable



 Qualifications appréciées :
 


* Une expérience d’encadrement technique des ingénieurs plus junior est un plus
* Une expérience avec Yocto
* Connaissance de dbus et de gstreamer très appréciée
* Développement embarqué et/ou en applications temps réel
* Connaissance des stacks Bluetooth et Wi\-Fi
* Une première expérience sur HDMI est un plus
* Expérience du transport de l'audio sur réseau sans fil et compréhension des contraintes de timing, de latence et de fiabilité
* Expérience avec les mesures de performances sur systèmes embarqués et optimisation
* Fortes connaissances en algorithmique et structures de données
* La maîtrise du multithreading en C\+\+ et de l’async rust sont des plus



**SAVOIR\-ÊTRE** 



* Passionné(e) par l’expérience client de produits à la croisée du luxe, du lifestyle et de la technologie. La passion pour l’audio est un plus.
* Autonome, proactif(ve) et rigoureux(se), capable de trouver seul(e) des solutions à des problèmes complexes. État d’esprit dynamique et entrepreneurial.
* Séduit(e) par l’idée de prendre part à un projet ambitieux et innovant, avec un impact décisif sur l’industrie. Sensibilité aux enjeux marché, produit et business.","Computers and Electronics Manufacturing","https://fr.linkedin.com/company/devialet","https://media.licdn.com/dms/image/v2/C4E0BAQHRp_MFDL1aUg/company-logo_100_100/company-logo_100_100/0/1654174640011/devialet_logo?e=2147483647&v=beta&t=J8nTLIiAMFjga9CBdRvtQSOhQtq9TmtWIzokS-OIAV0","","","","","","","","","","",""
"li-4446633967","linkedin","https://www.linkedin.com/jobs/view/4446633967","","Ingénieur Logiciel Simulation Virtuelle C++ /UNREAL F/H","KNDS France","Versailles, Île-de-France, France","","fulltime","","","","","",False,"mid-senior level","Engineering and Information Technology","","","Rejoindre KNDS France, c'est bien plus qu'intégrer une entreprise – c'est vivre une aventure humaine et professionnelle unique !
   

  

 Nous sommes leader dans la conception, la production et le soutien de systèmes de combat terrestres, d'artillerie, de munitions, d'armes et de robotique. En tant qu'architecte et intégrateur de systèmes de défense, nous sommes fiers de fournir des solutions innovantes et de pointe à nos clients, telles que le char LECLERC, le TITUS® ou encore le canon CAESAR®.
   

  

 Nous comptons aujourd'hui 4 500 collaborateurs répartis sur 12 sites en France et en Europe, toutes et tous déterminés à contribuer à un avenir plus sûr.
   

  

 Vous rejoindrez l'unité Logiciels Non Critiques au sein du Département Produits Logiciels du Pôle Vétronique de la Direction de l'Ingénierie et de l'Innovation. Intégré(e) à la Cellule Simulation, votre mission sera de participer au développement des solutions de simulation, en particulier sur les simulations constructives. Votre mission sera de participer au développement des logiciels des simulateurs d'entrainement et des solutions liées au profit de l'ingénierie (validation de concept, aide à la conception, …).
   

  

 Vous pourrez aussi être amené à travailler sur des sujets de simulation constructive, à savoir le développement logiciel de modèles de systèmes (plateformes, systèmes d'armes, …) et sous\-systèmes (capteurs, effecteurs, modèle de protection, …) pour les interfacer/intégrer dans des logiciels tiers.
   

  

 Pour nos clients ou projets internes :
   

  

* Participer à la définition des besoins
* Participer à la rédaction des spécifications générales et détaillées
* Participer à la conception et à la mise en œuvre des solutions techniques
* Développer les briques logicielles C\+\+ permettant de simuler le fonctionnel des systèmes et sous\-systèmes
* Eventuellement participer au développement des interfaces entre ces briques et les logiciels de simulation constructive
* Développer les IHM de simulation ainsi que les outils permettant de les implémenter
* Participer au développement du moteur de simulation KNDS France
* Participer à l'élaboration, l'optimisation et à la simplification de l'architecture logicielle
* Réaliser les maintenances évolutives et correctives définies dans le cadre des projets


 Pour l'unité :
   

  

* Participer à l'amélioration des méthodes et des outils de développement de l'équipe
* Rédiger le manuel utilisateur des outils
* En transverse, vous aurez la possibilité de soumettre vos idées et de faire émerger des sujets qui s'inscriront dans le cadre innovant de l'entreprise.


**Profil / Compétences requises**
 De formation supérieure (Bac \+ 5\) en informatique, vous avez une expérience significative dans le développement de logiciels. Vous avez de bonnes connaissances techniques sur le langage C\+\+.
   

  

 Vous disposez de connaissances sur les méthodes AGILES, éventuellement avec une première expérience dans l'application de ces dernières. Vous avez également un bon niveau d'utilisation de GIT.
   

  

 Vous possédez un bon relationnel, avez l'esprit d'équipe et faites preuve d'un esprit d'analyse et de synthèse. Vous êtes force de proposition.
   

  

 Les compétences attendues sont les suivantes :
   

  

* Maitrise du langage C\+\+
* Connaissances techniques en technologies IHM
* Notions d'architecture logicielle
* Savoir rédiger de la documentation technique
* Connaissances de l'outil Git
* Capacité à s'adapter à une organisation de travail multi\-projets
* Un bon esprit d'équipe et une capacité à travailler en groupe
* Connaissances des méthodes AGILES


 Les compétences souhaitables sont les suivantes :
   

  

* Connaissances en moteur graphique (Unreal Engine, Unity, …)
* Connaissances simulation constructive
* Connaissances des protocoles (CAN, Ethernet, Série, …)
* Connaissances réseaux
* Connaissances sur le middleware DDS
* Connaissances sur les protocoles réseaux de simulation (DIS / HLA)
* Connaissances de l'outil Jira


 Vous possédez un niveau d'anglais vous permettant de communiquer avec aisance à l'oral ainsi qu'à l'écrit. Vous savez également rédiger des documents de spécifications du logiciel.
   

  

 It's not a job. It's a mission.
   

  

 Chez KNDS, votre travail n'est pas simplement un métier, c'est un engagement.
   

  

 Nous rejoindre, c'est une véritable opportunité de participer à une chaîne de valeur humaine et technologique au service de celles et ceux qui défendent nos libertés.
   

  

 Ensemble, donnons\-leur les moyens d'agir avec confiance !
   

  

 Ce que nous offrons
   

  

 / Formations sur mesure : la possibilité de développer ses compétences,
   

  

 / Carrière : la possibilité d'évoluer, avec mobilité interne \& géographique,
   

  

 / Qualité de vie au travail : renforcée par notre accord en place,
   

  

 / Activités : salles de sport, terrains de pétanque et associations sportives,
   

  

 / Événements : journée d'intégration, pique\-niques, journées familles…
   

  

 En plus des avantages classiques d'un groupe : mutuelle santé et prévoyance, restaurants d'entreprise, avantages du Comité Inter\-Entreprises, primes, chèques CESU…
   

  

 Nos engagements
   

  

 Parce que nous croyons en la force de la diversité, nous sommes engagés pour l'égalité des chances et pour la lutte contre toute forme de discrimination.
   

  

 Alors, prêt(e) à marquer l'avenir ? Postulez et écrivez votre chapitre avec nous
   

  

**Type de contrat**
 CDI","Defense and Space Manufacturing","https://fr.linkedin.com/company/knds-france","https://media.licdn.com/dms/image/v2/D4E0BAQG6rq3b0f_JTQ/company-logo_100_100/company-logo_100_100/0/1686748725925/nexter_knds_logo?e=2147483647&v=beta&t=dr7pGUWAzQPk4WU0zbo1NdS1wukCTU6-vIKx1n0XGJo","","","","","","","","","","",""
"li-4468238678","linkedin","https://www.linkedin.com/jobs/view/4468238678","","Ingénieur Logiciel Embarqué C/C++ (H/F)","fortil","Bordeaux, Nouvelle-Aquitaine, France","","fulltime","","","","","",False,"entry level","Engineering and Information Technology","","","Groupe international d’ingénierie et d'expertise en technologies, Fortil repose sur un modèle indépendant et rassemble plus de 2 500 collaborateurs. Avec 30 agences réparties dans 14 pays, Fortil cultive la liberté d'entreprendre et la libération des potentiels.
   

  

**Description De Poste**
 Dans le cadre du développement de nos activités à Bordeaux, nous recherchons un Ingénieur Logiciel Embarqué C/C\+\+(H/F) pour des projets destinés au secteur de la recherche.
   

  

 Rattaché·e au bureau d'études électronique, vos missions principales seront les suivantes :
   

  

* Concevoir et développer des logiciels embarqués bas niveau en C/C\+\+ ;
* Participer à la conception et à l’évolution de produits électroniques embarqués ;
* Développer des fonctionnalités proches du hardware : drivers, interfaces et communication avec les périphériques ;
* Intervenir sur des environnements microcontrôleurs et systèmes temps réel ;
* Réaliser l’intégration, les tests et la validation des développements ;
* Analyser et corriger les anomalies et dysfonctionnements ;
* Collaborer avec les équipes électronique, logiciel et système pour assurer l’intégration hardware/software ;
* Participer à l’amélioration des architectures et méthodes de développement.


**VOTRE PROFIL**
 Vous êtes diplômé(e) d’une formation Bac \+5, en électronique, informatique industrielle, systèmes embarqués ou domaine similaire, vous disposez d’une première expérience en développement logiciel embarqué.
   

  

 Vous maîtrisez :
   

  

* Le développement en C et/ou C\+\+ ;
* Les architectures microcontrôleurs et systèmes embarqués ;
* Les problématiques d’interaction hardware/software ;
* Les phases d’intégration et de validation.


 Vous êtes reconnu(e) pour votre rigueur, votre curiosité technique et votre capacité à résoudre des problématiques complexes. Vous appréciez travailler au croisement du logiciel et de l’électronique.
   

  

**Les raisons de nous rejoindre**
 Chez Fortil, nous mettons en place des leviers concrets pour accompagner votre évolution et garantir un environnement de travail stimulant :
   

  

* L’accompagnement sur la montée en compétences
* Un écosystème pour sortir de votre zone de confort
* La possibilité de devenir associé
* L’engagement dans des projets associatifs
* Une politique dédiée à la parentalité


 Fortil s’engage en faveur de l’égalité des chances. Tous nos postes sont ouverts aux personnes en situation de handicap, sans distinction de genre, d’origine ou d’orientation sexuelle.","Engineering Services","https://fr.linkedin.com/company/fortil","https://media.licdn.com/dms/image/v2/C560BAQEFkQcAKHebdg/company-logo_100_100/company-logo_100_100/0/1641277889290/fortil_logo?e=2147483647&v=beta&t=tSUTsxd3d46H8EcI1pjC0MfyGGUsDEpko2pEu_IXrlo","","","","","","","","","","",""
"li-4466867312","linkedin","https://www.linkedin.com/jobs/view/4466867312","","Software Engineer - Qualcomm - Guyancourt, France","Qualcomm","Guyancourt, Île-de-France, France","","fulltime","","","","","",False,"not applicable","Other","","-accomodations@qualcomm.com","**Company**
 Qualcomm France S.A.R.L.
   

  

**Job Area**
 Engineering Group, Engineering Group \> ASICS Engineering
   

  

**General Summary**
 Qualcomm France\-QITC mission is to develop and deploy highly configurable custom\-built interconnect hardware IPs, software tools, and exploration and verification methodologies so that SoC integration teams can quickly assemble SoCs with the desired Power Performance Area (PPA) characteristics. To this end, QITC technology embraces the complete SoC infrastructure to provide increased SoC performance at minimal cost for integration. Our work is at the backbone of the SoC, interconnecting all major IP solutions.
   

  

 Qualcomm Interconnect Technology (QITC) has been breaking ground in interconnect design for 15 years and continues to innovate and deliver technology in line with the very latest evolutions in SoC design.
   

  

 You will join a team at the boundary of software and hardware engineering. The team delivers CAD tools which allow the designer to describe interconnects as high\-level abstraction features. The tools choose, configure and connect the appropriate unit part of the library of HW IP developed at QITC. The software also allows from a properly configured design to export all sorts of collaterals, for integration in Qualcomm IP delivery flow for SoC building. This includes: Verilog descriptions, SystemC models, excel sheets, pre\-configured verification environments, etc.
   

  

 We are looking for a software engineer to reinforce our team. You will work closely with hardware designers and work on the tools that they use to create the latest SoC technologies.
   

  

 A short cover letter showing how your profile fits with the position would be appreciated.
   

  

**Responsibilities**
 This is a software engineering position. The responsibilities include:
   

  

* Gathering requirements and designing new features to enhance the possibilities of the tools: IP assembly and configuration, collaterals generation, GUI…
* Participating to releases planning and deliveries. We’re delivering often with strong expectations on delivery quality.
* Monitoring code quality and regression status.


 The working environment is: Linux, Git, Qt, Python OOP, C\+\+
   

  

**Minimum Qualifications** 
 \* Master’s degree in Science, Engineering, or related field. Position opened to experienced or beginning engineers
   

  

**Preferred Qualifications**
* Fluent in software design best practices.
* Good knowledge in object\-oriented programming.
* Good python skills.
* An experience in profiling and code optimization.
* A first experience developing a software intensive tool
* A strong interest in hardware technologies. (block diagrams, RTL Verilog, VHDL, SystemC, Arduino or electronics)


**Minimum Qualifications**
* Bachelor's degree in Science, Engineering, or related field.
* References to a particular number of years experience are for indicative purposes only. Applications from candidates with equivalent experience will be considered, provided that the candidate can demonstrate an ability to fulfill the principal duties of the role and possesses the required competencies.


 Qualcomm is an equal opportunity employer. If you are an individual with a disability and need an accommodation during the application/hiring process, rest assured that Qualcomm is committed to providing an accessible process. You may e\-mail disability\-accomodations@qualcomm.com or call Qualcomm's toll\-free number found here. Upon request, Qualcomm will provide reasonable accommodations to support individuals with disabilities to be able participate in the hiring process. Qualcomm is also committed to making our workplace accessible for individuals with disabilities. (Keep in mind that this email address is used to provide reasonable accommodations for individuals with disabilities. We will not respond here to requests for updates on applications or resume inquiries).
   

  

 Qualcomm expects its employees to abide by all applicable policies and procedures, including but not limited to security and other requirements regarding protection of Company confidential information and other confidential and/or proprietary information, to the extent those requirements are permissible under applicable law.
   

  

**To all Staffing and Recruiting Agencies** 
 : Our Careers Site is only for individuals seeking a job at Qualcomm. Staffing and recruiting agencies and individuals being represented by an agency are not authorized to use this site or to submit profiles, applications or resumes, and any such submissions will be considered unsolicited. Qualcomm does not accept unsolicited resumes or applications from agencies. Please do not forward resumes to our jobs alias, Qualcomm employees or any other company location. Qualcomm is not responsible for any fees related to unsolicited resumes/applications.
   

  

 If you would like more information about this role, please contact Qualcomm Careers.","Semiconductor Manufacturing","https://www.linkedin.com/company/qualcomm","https://media.licdn.com/dms/image/v2/D560BAQFOe36gT9mXIQ/company-logo_100_100/company-logo_100_100/0/1709233599959/qualcomm_logo?e=2147483647&v=beta&t=iGqgBDuzGG9XMxMrP62LF-NaNkyTgXbw1_Xp_Sghqdk","","","","","","","","","","",""
